ISO-10303-21;
HEADER;
/* Generated by software containing ST-Developer
 * from STEP Tools, Inc. (www.steptools.com) 
 */

FILE_DESCRIPTION(
/* description */ (''),
/* implementation_level */ '2;1');

FILE_NAME(
/* name */ 'Antenna Mount New.step',
/* time_stamp */ '2026-08-10T14:33:28-06:00',
/* author */ (''),
/* organization */ (''),
/* preprocessor_version */ 'ST-DEVELOPER v20.1',
/* originating_system */ 'Autodesk Translation Framework v15.8.0.0',
/* authorisation */ '');

FILE_SCHEMA (('AUTOMOTIVE_DESIGN { 1 0 10303 214 3 1 1 }'));
ENDSEC;

DATA;
#10=MECHANICAL_DESIGN_GEOMETRIC_PRESENTATION_REPRESENTATION('',(#13),#2386);
#11=SHAPE_REPRESENTATION_RELATIONSHIP('SRR','None',#2393,#12);
#12=ADVANCED_BREP_SHAPE_REPRESENTATION('',(#14),#2385);
#13=STYLED_ITEM('',(#2402),#14);
#14=MANIFOLD_SOLID_BREP('Body1',#1394);
#15=TOROIDAL_SURFACE('',#1508,2.,1.);
#16=TOROIDAL_SURFACE('',#1514,2.,1.);
#17=ELLIPSE('',#1428,1.41305590586394,1.);
#18=ELLIPSE('',#1434,1.4155759353768,1.);
#19=ELLIPSE('',#1442,3.68965933185531,1.);
#20=ELLIPSE('',#1450,3.73697264217274,1.);
#21=ELLIPSE('',#1467,1.25518366180157,1.);
#22=ELLIPSE('',#1483,1.41421356237309,1.);
#23=ELLIPSE('',#1486,3.68965933185531,1.);
#24=ELLIPSE('',#1487,1.03840595176871,1.);
#25=ELLIPSE('',#1488,1.4142135623731,1.);
#26=ELLIPSE('',#1490,1.41421356237309,1.);
#27=ELLIPSE('',#1493,1.25518366180158,1.);
#28=ELLIPSE('',#1502,1.41421356237309,1.);
#29=ELLIPSE('',#1505,1.41421356237306,1.);
#30=CYLINDRICAL_SURFACE('',#1427,1.);
#31=CYLINDRICAL_SURFACE('',#1433,1.);
#32=CYLINDRICAL_SURFACE('',#1435,1.);
#33=CYLINDRICAL_SURFACE('',#1440,1.);
#34=CYLINDRICAL_SURFACE('',#1441,1.);
#35=CYLINDRICAL_SURFACE('',#1447,1.);
#36=CYLINDRICAL_SURFACE('',#1448,1.);
#37=CYLINDRICAL_SURFACE('',#1449,1.);
#38=CYLINDRICAL_SURFACE('',#1465,1.);
#39=CYLINDRICAL_SURFACE('',#1480,1.);
#40=CYLINDRICAL_SURFACE('',#1481,1.);
#41=CYLINDRICAL_SURFACE('',#1482,1.);
#42=CYLINDRICAL_SURFACE('',#1485,1.);
#43=CYLINDRICAL_SURFACE('',#1489,1.);
#44=CYLINDRICAL_SURFACE('',#1491,1.);
#45=CYLINDRICAL_SURFACE('',#1492,1.);
#46=CYLINDRICAL_SURFACE('',#1494,1.);
#47=CYLINDRICAL_SURFACE('',#1495,1.);
#48=CYLINDRICAL_SURFACE('',#1496,1.);
#49=CYLINDRICAL_SURFACE('',#1498,1.);
#50=CYLINDRICAL_SURFACE('',#1499,1.);
#51=CYLINDRICAL_SURFACE('',#1500,1.);
#52=CYLINDRICAL_SURFACE('',#1503,1.);
#53=CYLINDRICAL_SURFACE('',#1504,1.);
#54=CYLINDRICAL_SURFACE('',#1506,1.);
#55=CYLINDRICAL_SURFACE('',#1512,1.);
#56=CYLINDRICAL_SURFACE('',#1518,1.);
#57=CYLINDRICAL_SURFACE('',#1524,3.);
#58=CYLINDRICAL_SURFACE('',#1527,3.);
#59=CYLINDRICAL_SURFACE('',#1536,3.);
#60=CYLINDRICAL_SURFACE('',#1543,3.);
#61=CYLINDRICAL_SURFACE('',#1545,2.);
#62=CYLINDRICAL_SURFACE('',#1546,2.);
#63=CYLINDRICAL_SURFACE('',#1551,1.5);
#64=CYLINDRICAL_SURFACE('',#1552,1.5);
#65=CYLINDRICAL_SURFACE('',#1553,1.5);
#66=SPHERICAL_SURFACE('',#1423,1.);
#67=SPHERICAL_SURFACE('',#1429,1.);
#68=SPHERICAL_SURFACE('',#1436,1.);
#69=SPHERICAL_SURFACE('',#1443,0.999999999999996);
#70=SPHERICAL_SURFACE('',#1457,1.);
#71=SPHERICAL_SURFACE('',#1461,1.);
#72=SPHERICAL_SURFACE('',#1468,0.999999999999996);
#73=SPHERICAL_SURFACE('',#1472,1.);
#74=SPHERICAL_SURFACE('',#1476,1.);
#75=FACE_BOUND('',#235,.T.);
#76=FACE_BOUND('',#249,.T.);
#77=FACE_BOUND('',#250,.T.);
#78=FACE_BOUND('',#251,.T.);
#79=FACE_BOUND('',#281,.T.);
#80=FACE_BOUND('',#282,.T.);
#81=FACE_BOUND('',#292,.T.);
#82=FACE_BOUND('',#294,.T.);
#83=FACE_BOUND('',#297,.T.);
#84=FACE_BOUND('',#304,.T.);
#85=CIRCLE('',#1422,1.5);
#86=CIRCLE('',#1424,1.);
#87=CIRCLE('',#1425,1.);
#88=CIRCLE('',#1426,0.999999999999996);
#89=CIRCLE('',#1430,0.999999999999998);
#90=CIRCLE('',#1431,1.);
#91=CIRCLE('',#1432,0.999999999999996);
#92=CIRCLE('',#1437,0.999999999999996);
#93=CIRCLE('',#1438,1.);
#94=CIRCLE('',#1439,1.);
#95=CIRCLE('',#1444,1.);
#96=CIRCLE('',#1445,0.999999999999996);
#97=CIRCLE('',#1446,1.);
#98=CIRCLE('',#1452,1.5);
#99=CIRCLE('',#1453,1.5);
#100=CIRCLE('',#1454,1.5);
#101=CIRCLE('',#1458,0.999999999999999);
#102=CIRCLE('',#1459,1.);
#103=CIRCLE('',#1460,1.00000000000001);
#104=CIRCLE('',#1462,0.999999999999999);
#105=CIRCLE('',#1463,1.);
#106=CIRCLE('',#1464,0.999999999999988);
#107=CIRCLE('',#1466,1.);
#108=CIRCLE('',#1469,0.999999999999996);
#109=CIRCLE('',#1470,0.999999999999996);
#110=CIRCLE('',#1471,1.);
#111=CIRCLE('',#1473,1.);
#112=CIRCLE('',#1474,1.);
#113=CIRCLE('',#1475,0.999999999999996);
#114=CIRCLE('',#1477,0.999999999999996);
#115=CIRCLE('',#1478,1.);
#116=CIRCLE('',#1479,0.999999999999996);
#117=CIRCLE('',#1484,1.);
#118=CIRCLE('',#1497,1.);
#119=CIRCLE('',#1501,1.);
#120=CIRCLE('',#1507,0.999999999999994);
#121=CIRCLE('',#1509,0.999999999999994);
#122=CIRCLE('',#1510,3.);
#123=CIRCLE('',#1511,2.);
#124=CIRCLE('',#1513,0.999999999999993);
#125=CIRCLE('',#1515,1.00000000000001);
#126=CIRCLE('',#1516,3.);
#127=CIRCLE('',#1517,2.);
#128=CIRCLE('',#1520,1.5);
#129=CIRCLE('',#1521,1.5);
#130=CIRCLE('',#1525,3.);
#131=CIRCLE('',#1528,3.);
#132=CIRCLE('',#1533,2.);
#133=CIRCLE('',#1535,2.);
#134=CIRCLE('',#1537,3.);
#135=CIRCLE('',#1538,3.);
#136=CIRCLE('',#1540,3.);
#137=CIRCLE('',#1541,2.);
#138=CIRCLE('',#1544,3.);
#139=CIRCLE('',#1547,2.);
#140=FACE_OUTER_BOUND('',#221,.T.);
#141=FACE_OUTER_BOUND('',#222,.T.);
#142=FACE_OUTER_BOUND('',#223,.T.);
#143=FACE_OUTER_BOUND('',#224,.T.);
#144=FACE_OUTER_BOUND('',#225,.T.);
#145=FACE_OUTER_BOUND('',#226,.T.);
#146=FACE_OUTER_BOUND('',#227,.T.);
#147=FACE_OUTER_BOUND('',#228,.T.);
#148=FACE_OUTER_BOUND('',#229,.T.);
#149=FACE_OUTER_BOUND('',#230,.T.);
#150=FACE_OUTER_BOUND('',#231,.T.);
#151=FACE_OUTER_BOUND('',#232,.T.);
#152=FACE_OUTER_BOUND('',#233,.T.);
#153=FACE_OUTER_BOUND('',#234,.T.);
#154=FACE_OUTER_BOUND('',#236,.T.);
#155=FACE_OUTER_BOUND('',#237,.T.);
#156=FACE_OUTER_BOUND('',#238,.T.);
#157=FACE_OUTER_BOUND('',#239,.T.);
#158=FACE_OUTER_BOUND('',#240,.T.);
#159=FACE_OUTER_BOUND('',#241,.T.);
#160=FACE_OUTER_BOUND('',#242,.T.);
#161=FACE_OUTER_BOUND('',#243,.T.);
#162=FACE_OUTER_BOUND('',#244,.T.);
#163=FACE_OUTER_BOUND('',#245,.T.);
#164=FACE_OUTER_BOUND('',#246,.T.);
#165=FACE_OUTER_BOUND('',#247,.T.);
#166=FACE_OUTER_BOUND('',#248,.T.);
#167=FACE_OUTER_BOUND('',#252,.T.);
#168=FACE_OUTER_BOUND('',#253,.T.);
#169=FACE_OUTER_BOUND('',#254,.T.);
#170=FACE_OUTER_BOUND('',#255,.T.);
#171=FACE_OUTER_BOUND('',#256,.T.);
#172=FACE_OUTER_BOUND('',#257,.T.);
#173=FACE_OUTER_BOUND('',#258,.T.);
#174=FACE_OUTER_BOUND('',#259,.T.);
#175=FACE_OUTER_BOUND('',#260,.T.);
#176=FACE_OUTER_BOUND('',#261,.T.);
#177=FACE_OUTER_BOUND('',#262,.T.);
#178=FACE_OUTER_BOUND('',#263,.T.);
#179=FACE_OUTER_BOUND('',#264,.T.);
#180=FACE_OUTER_BOUND('',#265,.T.);
#181=FACE_OUTER_BOUND('',#266,.T.);
#182=FACE_OUTER_BOUND('',#267,.T.);
#183=FACE_OUTER_BOUND('',#268,.T.);
#184=FACE_OUTER_BOUND('',#269,.T.);
#185=FACE_OUTER_BOUND('',#270,.T.);
#186=FACE_OUTER_BOUND('',#271,.T.);
#187=FACE_OUTER_BOUND('',#272,.T.);
#188=FACE_OUTER_BOUND('',#273,.T.);
#189=FACE_OUTER_BOUND('',#274,.T.);
#190=FACE_OUTER_BOUND('',#275,.T.);
#191=FACE_OUTER_BOUND('',#276,.T.);
#192=FACE_OUTER_BOUND('',#277,.T.);
#193=FACE_OUTER_BOUND('',#278,.T.);
#194=FACE_OUTER_BOUND('',#279,.T.);
#195=FACE_OUTER_BOUND('',#280,.T.);
#196=FACE_OUTER_BOUND('',#283,.T.);
#197=FACE_OUTER_BOUND('',#284,.T.);
#198=FACE_OUTER_BOUND('',#285,.T.);
#199=FACE_OUTER_BOUND('',#286,.T.);
#200=FACE_OUTER_BOUND('',#287,.T.);
#201=FACE_OUTER_BOUND('',#288,.T.);
#202=FACE_OUTER_BOUND('',#289,.T.);
#203=FACE_OUTER_BOUND('',#290,.T.);
#204=FACE_OUTER_BOUND('',#291,.T.);
#205=FACE_OUTER_BOUND('',#293,.T.);
#206=FACE_OUTER_BOUND('',#295,.T.);
#207=FACE_OUTER_BOUND('',#296,.T.);
#208=FACE_OUTER_BOUND('',#298,.T.);
#209=FACE_OUTER_BOUND('',#299,.T.);
#210=FACE_OUTER_BOUND('',#300,.T.);
#211=FACE_OUTER_BOUND('',#301,.T.);
#212=FACE_OUTER_BOUND('',#302,.T.);
#213=FACE_OUTER_BOUND('',#303,.T.);
#214=FACE_OUTER_BOUND('',#305,.T.);
#215=FACE_OUTER_BOUND('',#306,.T.);
#216=FACE_OUTER_BOUND('',#307,.T.);
#217=FACE_OUTER_BOUND('',#308,.T.);
#218=FACE_OUTER_BOUND('',#309,.T.);
#219=FACE_OUTER_BOUND('',#310,.T.);
#220=FACE_OUTER_BOUND('',#311,.T.);
#221=EDGE_LOOP('',(#885,#886,#887,#888));
#222=EDGE_LOOP('',(#889,#890,#891,#892));
#223=EDGE_LOOP('',(#893,#894,#895,#896));
#224=EDGE_LOOP('',(#897,#898,#899,#900,#901,#902,#903,#904,#905,#906,#907,
#908));
#225=EDGE_LOOP('',(#909,#910,#911,#912,#913,#914,#915,#916));
#226=EDGE_LOOP('',(#917,#918,#919,#920,#921,#922,#923,#924));
#227=EDGE_LOOP('',(#925,#926,#927,#928));
#228=EDGE_LOOP('',(#929,#930,#931,#932));
#229=EDGE_LOOP('',(#933,#934,#935,#936));
#230=EDGE_LOOP('',(#937,#938,#939,#940,#941));
#231=EDGE_LOOP('',(#942,#943,#944,#945));
#232=EDGE_LOOP('',(#946,#947,#948,#949,#950));
#233=EDGE_LOOP('',(#951,#952,#953,#954));
#234=EDGE_LOOP('',(#955,#956,#957,#958));
#235=EDGE_LOOP('',(#959));
#236=EDGE_LOOP('',(#960,#961,#962));
#237=EDGE_LOOP('',(#963,#964,#965,#966));
#238=EDGE_LOOP('',(#967,#968,#969));
#239=EDGE_LOOP('',(#970,#971,#972,#973));
#240=EDGE_LOOP('',(#974,#975,#976,#977));
#241=EDGE_LOOP('',(#978,#979,#980));
#242=EDGE_LOOP('',(#981,#982,#983,#984));
#243=EDGE_LOOP('',(#985,#986,#987,#988));
#244=EDGE_LOOP('',(#989,#990,#991));
#245=EDGE_LOOP('',(#992,#993,#994,#995));
#246=EDGE_LOOP('',(#996,#997,#998,#999,#1000,#1001));
#247=EDGE_LOOP('',(#1002,#1003,#1004,#1005));
#248=EDGE_LOOP('',(#1006,#1007,#1008,#1009,#1010,#1011,#1012,#1013));
#249=EDGE_LOOP('',(#1014));
#250=EDGE_LOOP('',(#1015));
#251=EDGE_LOOP('',(#1016));
#252=EDGE_LOOP('',(#1017,#1018,#1019,#1020,#1021,#1022));
#253=EDGE_LOOP('',(#1023,#1024,#1025,#1026));
#254=EDGE_LOOP('',(#1027,#1028,#1029));
#255=EDGE_LOOP('',(#1030,#1031,#1032));
#256=EDGE_LOOP('',(#1033,#1034,#1035,#1036));
#257=EDGE_LOOP('',(#1037,#1038,#1039));
#258=EDGE_LOOP('',(#1040,#1041,#1042));
#259=EDGE_LOOP('',(#1043,#1044,#1045));
#260=EDGE_LOOP('',(#1046,#1047,#1048,#1049));
#261=EDGE_LOOP('',(#1050,#1051,#1052,#1053));
#262=EDGE_LOOP('',(#1054,#1055,#1056,#1057,#1058));
#263=EDGE_LOOP('',(#1059,#1060,#1061,#1062,#1063));
#264=EDGE_LOOP('',(#1064,#1065,#1066,#1067));
#265=EDGE_LOOP('',(#1068,#1069,#1070,#1071));
#266=EDGE_LOOP('',(#1072,#1073,#1074,#1075));
#267=EDGE_LOOP('',(#1076,#1077,#1078,#1079));
#268=EDGE_LOOP('',(#1080,#1081,#1082,#1083));
#269=EDGE_LOOP('',(#1084,#1085,#1086,#1087));
#270=EDGE_LOOP('',(#1088,#1089,#1090,#1091));
#271=EDGE_LOOP('',(#1092,#1093,#1094,#1095));
#272=EDGE_LOOP('',(#1096,#1097,#1098,#1099,#1100));
#273=EDGE_LOOP('',(#1101,#1102,#1103,#1104));
#274=EDGE_LOOP('',(#1105,#1106,#1107,#1108));
#275=EDGE_LOOP('',(#1109,#1110,#1111,#1112));
#276=EDGE_LOOP('',(#1113,#1114,#1115,#1116));
#277=EDGE_LOOP('',(#1117,#1118,#1119,#1120));
#278=EDGE_LOOP('',(#1121,#1122,#1123,#1124));
#279=EDGE_LOOP('',(#1125,#1126,#1127,#1128));
#280=EDGE_LOOP('',(#1129,#1130,#1131,#1132,#1133,#1134,#1135,#1136,#1137,
#1138,#1139,#1140,#1141,#1142));
#281=EDGE_LOOP('',(#1143));
#282=EDGE_LOOP('',(#1144));
#283=EDGE_LOOP('',(#1145,#1146,#1147,#1148));
#284=EDGE_LOOP('',(#1149,#1150,#1151,#1152,#1153,#1154,#1155,#1156));
#285=EDGE_LOOP('',(#1157,#1158,#1159,#1160));
#286=EDGE_LOOP('',(#1161,#1162,#1163,#1164));
#287=EDGE_LOOP('',(#1165,#1166,#1167,#1168));
#288=EDGE_LOOP('',(#1169,#1170,#1171,#1172,#1173,#1174,#1175));
#289=EDGE_LOOP('',(#1176,#1177,#1178,#1179,#1180,#1181));
#290=EDGE_LOOP('',(#1182,#1183,#1184,#1185));
#291=EDGE_LOOP('',(#1186,#1187,#1188,#1189,#1190,#1191));
#292=EDGE_LOOP('',(#1192));
#293=EDGE_LOOP('',(#1193,#1194,#1195,#1196,#1197,#1198,#1199));
#294=EDGE_LOOP('',(#1200));
#295=EDGE_LOOP('',(#1201,#1202,#1203,#1204));
#296=EDGE_LOOP('',(#1205,#1206,#1207,#1208,#1209,#1210));
#297=EDGE_LOOP('',(#1211));
#298=EDGE_LOOP('',(#1212,#1213,#1214,#1215));
#299=EDGE_LOOP('',(#1216,#1217,#1218,#1219));
#300=EDGE_LOOP('',(#1220,#1221,#1222,#1223));
#301=EDGE_LOOP('',(#1224,#1225,#1226,#1227));
#302=EDGE_LOOP('',(#1228,#1229,#1230,#1231,#1232,#1233,#1234));
#303=EDGE_LOOP('',(#1235,#1236,#1237,#1238,#1239,#1240,#1241));
#304=EDGE_LOOP('',(#1242));
#305=EDGE_LOOP('',(#1243,#1244,#1245,#1246,#1247));
#306=EDGE_LOOP('',(#1248,#1249,#1250,#1251));
#307=EDGE_LOOP('',(#1252,#1253,#1254,#1255));
#308=EDGE_LOOP('',(#1256,#1257,#1258,#1259));
#309=EDGE_LOOP('',(#1260,#1261,#1262,#1263,#1264,#1265,#1266,#1267));
#310=EDGE_LOOP('',(#1268,#1269,#1270,#1271,#1272));
#311=EDGE_LOOP('',(#1273,#1274,#1275,#1276,#1277,#1278));
#312=LINE('',#1990,#441);
#313=LINE('',#1992,#442);
#314=LINE('',#1994,#443);
#315=LINE('',#1995,#444);
#316=LINE('',#1999,#445);
#317=LINE('',#2001,#446);
#318=LINE('',#2003,#447);
#319=LINE('',#2004,#448);
#320=LINE('',#2006,#449);
#321=LINE('',#2007,#450);
#322=LINE('',#2010,#451);
#323=LINE('',#2012,#452);
#324=LINE('',#2014,#453);
#325=LINE('',#2016,#454);
#326=LINE('',#2017,#455);
#327=LINE('',#2019,#456);
#328=LINE('',#2021,#457);
#329=LINE('',#2023,#458);
#330=LINE('',#2025,#459);
#331=LINE('',#2026,#460);
#332=LINE('',#2029,#461);
#333=LINE('',#2031,#462);
#334=LINE('',#2032,#463);
#335=LINE('',#2035,#464);
#336=LINE('',#2037,#465);
#337=LINE('',#2038,#466);
#338=LINE('',#2041,#467);
#339=LINE('',#2042,#468);
#340=LINE('',#2045,#469);
#341=LINE('',#2046,#470);
#342=LINE('',#2048,#471);
#343=LINE('',#2051,#472);
#344=LINE('',#2053,#473);
#345=LINE('',#2054,#474);
#346=LINE('',#2057,#475);
#347=LINE('',#2058,#476);
#348=LINE('',#2061,#477);
#349=LINE('',#2062,#478);
#350=LINE('',#2064,#479);
#351=LINE('',#2079,#480);
#352=LINE('',#2080,#481);
#353=LINE('',#2092,#482);
#354=LINE('',#2093,#483);
#355=LINE('',#2095,#484);
#356=LINE('',#2096,#485);
#357=LINE('',#2105,#486);
#358=LINE('',#2106,#487);
#359=LINE('',#2111,#488);
#360=LINE('',#2112,#489);
#361=LINE('',#2121,#490);
#362=LINE('',#2122,#491);
#363=LINE('',#2124,#492);
#364=LINE('',#2125,#493);
#365=LINE('',#2126,#494);
#366=LINE('',#2131,#495);
#367=LINE('',#2132,#496);
#368=LINE('',#2135,#497);
#369=LINE('',#2137,#498);
#370=LINE('',#2139,#499);
#371=LINE('',#2141,#500);
#372=LINE('',#2142,#501);
#373=LINE('',#2151,#502);
#374=LINE('',#2153,#503);
#375=LINE('',#2154,#504);
#376=LINE('',#2172,#505);
#377=LINE('',#2176,#506);
#378=LINE('',#2198,#507);
#379=LINE('',#2200,#508);
#380=LINE('',#2203,#509);
#381=LINE('',#2205,#510);
#382=LINE('',#2212,#511);
#383=LINE('',#2218,#512);
#384=LINE('',#2222,#513);
#385=LINE('',#2224,#514);
#386=LINE('',#2227,#515);
#387=LINE('',#2228,#516);
#388=LINE('',#2231,#517);
#389=LINE('',#2234,#518);
#390=LINE('',#2235,#519);
#391=LINE('',#2237,#520);
#392=LINE('',#2238,#521);
#393=LINE('',#2243,#522);
#394=LINE('',#2244,#523);
#395=LINE('',#2246,#524);
#396=LINE('',#2248,#525);
#397=LINE('',#2251,#526);
#398=LINE('',#2253,#527);
#399=LINE('',#2258,#528);
#400=LINE('',#2259,#529);
#401=LINE('',#2262,#530);
#402=LINE('',#2264,#531);
#403=LINE('',#2270,#532);
#404=LINE('',#2271,#533);
#405=LINE('',#2282,#534);
#406=LINE('',#2283,#535);
#407=LINE('',#2291,#536);
#408=LINE('',#2292,#537);
#409=LINE('',#2295,#538);
#410=LINE('',#2296,#539);
#411=LINE('',#2298,#540);
#412=LINE('',#2299,#541);
#413=LINE('',#2305,#542);
#414=LINE('',#2308,#543);
#415=LINE('',#2309,#544);
#416=LINE('',#2312,#545);
#417=LINE('',#2316,#546);
#418=LINE('',#2317,#547);
#419=LINE('',#2320,#548);
#420=LINE('',#2323,#549);
#421=LINE('',#2324,#550);
#422=LINE('',#2326,#551);
#423=LINE('',#2339,#552);
#424=LINE('',#2342,#553);
#425=LINE('',#2344,#554);
#426=LINE('',#2346,#555);
#427=LINE('',#2349,#556);
#428=LINE('',#2354,#557);
#429=LINE('',#2355,#558);
#430=LINE('',#2359,#559);
#431=LINE('',#2361,#560);
#432=LINE('',#2365,#561);
#433=LINE('',#2367,#562);
#434=LINE('',#2368,#563);
#435=LINE('',#2370,#564);
#436=LINE('',#2372,#565);
#437=LINE('',#2374,#566);
#438=LINE('',#2376,#567);
#439=LINE('',#2378,#568);
#440=LINE('',#2381,#569);
#441=VECTOR('',#1561,10.);
#442=VECTOR('',#1562,10.);
#443=VECTOR('',#1563,10.);
#444=VECTOR('',#1564,10.);
#445=VECTOR('',#1567,10.);
#446=VECTOR('',#1568,10.);
#447=VECTOR('',#1569,10.);
#448=VECTOR('',#1570,10.);
#449=VECTOR('',#1573,10.);
#450=VECTOR('',#1574,10.);
#451=VECTOR('',#1577,10.);
#452=VECTOR('',#1578,10.);
#453=VECTOR('',#1579,10.);
#454=VECTOR('',#1580,10.);
#455=VECTOR('',#1581,10.);
#456=VECTOR('',#1582,10.);
#457=VECTOR('',#1583,10.);
#458=VECTOR('',#1584,10.);
#459=VECTOR('',#1585,10.);
#460=VECTOR('',#1586,10.);
#461=VECTOR('',#1589,10.);
#462=VECTOR('',#1590,10.);
#463=VECTOR('',#1591,10.);
#464=VECTOR('',#1594,10.);
#465=VECTOR('',#1595,10.);
#466=VECTOR('',#1596,10.);
#467=VECTOR('',#1599,10.);
#468=VECTOR('',#1600,10.);
#469=VECTOR('',#1603,10.);
#470=VECTOR('',#1604,10.);
#471=VECTOR('',#1607,10.);
#472=VECTOR('',#1610,10.);
#473=VECTOR('',#1611,10.);
#474=VECTOR('',#1612,10.);
#475=VECTOR('',#1615,10.);
#476=VECTOR('',#1616,10.);
#477=VECTOR('',#1619,10.);
#478=VECTOR('',#1620,10.);
#479=VECTOR('',#1623,10.);
#480=VECTOR('',#1640,10.);
#481=VECTOR('',#1641,10.);
#482=VECTOR('',#1654,10.);
#483=VECTOR('',#1655,10.);
#484=VECTOR('',#1658,10.);
#485=VECTOR('',#1659,10.);
#486=VECTOR('',#1670,10.);
#487=VECTOR('',#1671,10.);
#488=VECTOR('',#1676,10.);
#489=VECTOR('',#1677,10.);
#490=VECTOR('',#1688,10.);
#491=VECTOR('',#1689,10.);
#492=VECTOR('',#1692,10.);
#493=VECTOR('',#1693,10.);
#494=VECTOR('',#1694,10.);
#495=VECTOR('',#1699,10.);
#496=VECTOR('',#1700,10.);
#497=VECTOR('',#1703,10.);
#498=VECTOR('',#1704,10.);
#499=VECTOR('',#1705,10.);
#500=VECTOR('',#1706,10.);
#501=VECTOR('',#1707,10.);
#502=VECTOR('',#1716,10.);
#503=VECTOR('',#1717,10.);
#504=VECTOR('',#1718,10.);
#505=VECTOR('',#1739,10.);
#506=VECTOR('',#1742,10.);
#507=VECTOR('',#1771,10.);
#508=VECTOR('',#1774,10.);
#509=VECTOR('',#1777,10.);
#510=VECTOR('',#1778,10.);
#511=VECTOR('',#1785,10.);
#512=VECTOR('',#1790,10.);
#513=VECTOR('',#1795,10.);
#514=VECTOR('',#1796,10.);
#515=VECTOR('',#1801,10.);
#516=VECTOR('',#1802,10.);
#517=VECTOR('',#1805,10.);
#518=VECTOR('',#1810,10.);
#519=VECTOR('',#1811,10.);
#520=VECTOR('',#1814,10.);
#521=VECTOR('',#1815,10.);
#522=VECTOR('',#1820,10.);
#523=VECTOR('',#1821,10.);
#524=VECTOR('',#1824,10.);
#525=VECTOR('',#1827,10.);
#526=VECTOR('',#1830,10.);
#527=VECTOR('',#1831,10.);
#528=VECTOR('',#1838,10.);
#529=VECTOR('',#1839,10.);
#530=VECTOR('',#1842,10.);
#531=VECTOR('',#1843,10.);
#532=VECTOR('',#1850,10.);
#533=VECTOR('',#1851,10.);
#534=VECTOR('',#1864,10.);
#535=VECTOR('',#1865,10.);
#536=VECTOR('',#1876,10.);
#537=VECTOR('',#1877,10.);
#538=VECTOR('',#1880,10.);
#539=VECTOR('',#1881,10.);
#540=VECTOR('',#1882,10.);
#541=VECTOR('',#1883,10.);
#542=VECTOR('',#1890,10.);
#543=VECTOR('',#1893,10.);
#544=VECTOR('',#1894,10.);
#545=VECTOR('',#1897,10.);
#546=VECTOR('',#1902,10.);
#547=VECTOR('',#1903,10.);
#548=VECTOR('',#1906,10.);
#549=VECTOR('',#1911,10.);
#550=VECTOR('',#1912,10.);
#551=VECTOR('',#1915,10.);
#552=VECTOR('',#1930,10.);
#553=VECTOR('',#1933,10.);
#554=VECTOR('',#1936,10.);
#555=VECTOR('',#1937,10.);
#556=VECTOR('',#1940,10.);
#557=VECTOR('',#1945,10.);
#558=VECTOR('',#1946,10.);
#559=VECTOR('',#1951,10.);
#560=VECTOR('',#1954,2.);
#561=VECTOR('',#1959,2.);
#562=VECTOR('',#1962,10.);
#563=VECTOR('',#1963,10.);
#564=VECTOR('',#1966,10.);
#565=VECTOR('',#1969,10.);
#566=VECTOR('',#1972,1.5);
#567=VECTOR('',#1975,1.5);
#568=VECTOR('',#1978,1.5);
#569=VECTOR('',#1983,10.);
#570=VERTEX_POINT('',#1988);
#571=VERTEX_POINT('',#1989);
#572=VERTEX_POINT('',#1991);
#573=VERTEX_POINT('',#1993);
#574=VERTEX_POINT('',#1997);
#575=VERTEX_POINT('',#1998);
#576=VERTEX_POINT('',#2000);
#577=VERTEX_POINT('',#2002);
#578=VERTEX_POINT('',#2009);
#579=VERTEX_POINT('',#2011);
#580=VERTEX_POINT('',#2013);
#581=VERTEX_POINT('',#2015);
#582=VERTEX_POINT('',#2018);
#583=VERTEX_POINT('',#2020);
#584=VERTEX_POINT('',#2022);
#585=VERTEX_POINT('',#2024);
#586=VERTEX_POINT('',#2028);
#587=VERTEX_POINT('',#2030);
#588=VERTEX_POINT('',#2034);
#589=VERTEX_POINT('',#2036);
#590=VERTEX_POINT('',#2040);
#591=VERTEX_POINT('',#2044);
#592=VERTEX_POINT('',#2050);
#593=VERTEX_POINT('',#2052);
#594=VERTEX_POINT('',#2056);
#595=VERTEX_POINT('',#2060);
#596=VERTEX_POINT('',#2066);
#597=VERTEX_POINT('',#2069);
#598=VERTEX_POINT('',#2070);
#599=VERTEX_POINT('',#2072);
#600=VERTEX_POINT('',#2076);
#601=VERTEX_POINT('',#2077);
#602=VERTEX_POINT('',#2082);
#603=VERTEX_POINT('',#2083);
#604=VERTEX_POINT('',#2085);
#605=VERTEX_POINT('',#2089);
#606=VERTEX_POINT('',#2090);
#607=VERTEX_POINT('',#2098);
#608=VERTEX_POINT('',#2099);
#609=VERTEX_POINT('',#2101);
#610=VERTEX_POINT('',#2108);
#611=VERTEX_POINT('',#2109);
#612=VERTEX_POINT('',#2114);
#613=VERTEX_POINT('',#2115);
#614=VERTEX_POINT('',#2117);
#615=VERTEX_POINT('',#2128);
#616=VERTEX_POINT('',#2129);
#617=VERTEX_POINT('',#2134);
#618=VERTEX_POINT('',#2136);
#619=VERTEX_POINT('',#2138);
#620=VERTEX_POINT('',#2140);
#621=VERTEX_POINT('',#2143);
#622=VERTEX_POINT('',#2145);
#623=VERTEX_POINT('',#2147);
#624=VERTEX_POINT('',#2150);
#625=VERTEX_POINT('',#2152);
#626=VERTEX_POINT('',#2157);
#627=VERTEX_POINT('',#2158);
#628=VERTEX_POINT('',#2160);
#629=VERTEX_POINT('',#2164);
#630=VERTEX_POINT('',#2165);
#631=VERTEX_POINT('',#2170);
#632=VERTEX_POINT('',#2171);
#633=VERTEX_POINT('',#2173);
#634=VERTEX_POINT('',#2175);
#635=VERTEX_POINT('',#2179);
#636=VERTEX_POINT('',#2180);
#637=VERTEX_POINT('',#2182);
#638=VERTEX_POINT('',#2186);
#639=VERTEX_POINT('',#2187);
#640=VERTEX_POINT('',#2192);
#641=VERTEX_POINT('',#2193);
#642=VERTEX_POINT('',#2202);
#643=VERTEX_POINT('',#2204);
#644=VERTEX_POINT('',#2206);
#645=VERTEX_POINT('',#2210);
#646=VERTEX_POINT('',#2211);
#647=VERTEX_POINT('',#2213);
#648=VERTEX_POINT('',#2215);
#649=VERTEX_POINT('',#2217);
#650=VERTEX_POINT('',#2221);
#651=VERTEX_POINT('',#2223);
#652=VERTEX_POINT('',#2230);
#653=VERTEX_POINT('',#2240);
#654=VERTEX_POINT('',#2241);
#655=VERTEX_POINT('',#2250);
#656=VERTEX_POINT('',#2252);
#657=VERTEX_POINT('',#2254);
#658=VERTEX_POINT('',#2261);
#659=VERTEX_POINT('',#2263);
#660=VERTEX_POINT('',#2267);
#661=VERTEX_POINT('',#2268);
#662=VERTEX_POINT('',#2273);
#663=VERTEX_POINT('',#2274);
#664=VERTEX_POINT('',#2279);
#665=VERTEX_POINT('',#2280);
#666=VERTEX_POINT('',#2285);
#667=VERTEX_POINT('',#2286);
#668=VERTEX_POINT('',#2294);
#669=VERTEX_POINT('',#2297);
#670=VERTEX_POINT('',#2300);
#671=VERTEX_POINT('',#2302);
#672=VERTEX_POINT('',#2307);
#673=VERTEX_POINT('',#2311);
#674=VERTEX_POINT('',#2315);
#675=VERTEX_POINT('',#2319);
#676=VERTEX_POINT('',#2329);
#677=VERTEX_POINT('',#2332);
#678=VERTEX_POINT('',#2335);
#679=VERTEX_POINT('',#2336);
#680=VERTEX_POINT('',#2338);
#681=VERTEX_POINT('',#2340);
#682=VERTEX_POINT('',#2345);
#683=VERTEX_POINT('',#2347);
#684=VERTEX_POINT('',#2350);
#685=VERTEX_POINT('',#2353);
#686=VERTEX_POINT('',#2357);
#687=VERTEX_POINT('',#2363);
#688=EDGE_CURVE('',#570,#571,#312,.T.);
#689=EDGE_CURVE('',#572,#570,#313,.T.);
#690=EDGE_CURVE('',#572,#573,#314,.T.);
#691=EDGE_CURVE('',#571,#573,#315,.T.);
#692=EDGE_CURVE('',#574,#575,#316,.T.);
#693=EDGE_CURVE('',#576,#574,#317,.T.);
#694=EDGE_CURVE('',#576,#577,#318,.T.);
#695=EDGE_CURVE('',#575,#577,#319,.T.);
#696=EDGE_CURVE('',#573,#576,#320,.T.);
#697=EDGE_CURVE('',#577,#572,#321,.T.);
#698=EDGE_CURVE('',#571,#578,#322,.T.);
#699=EDGE_CURVE('',#578,#579,#323,.T.);
#700=EDGE_CURVE('',#579,#580,#324,.T.);
#701=EDGE_CURVE('',#580,#581,#325,.T.);
#702=EDGE_CURVE('',#581,#574,#326,.T.);
#703=EDGE_CURVE('',#575,#582,#327,.T.);
#704=EDGE_CURVE('',#582,#583,#328,.T.);
#705=EDGE_CURVE('',#583,#584,#329,.T.);
#706=EDGE_CURVE('',#584,#585,#330,.T.);
#707=EDGE_CURVE('',#585,#570,#331,.T.);
#708=EDGE_CURVE('',#586,#581,#332,.T.);
#709=EDGE_CURVE('',#587,#586,#333,.T.);
#710=EDGE_CURVE('',#587,#578,#334,.T.);
#711=EDGE_CURVE('',#588,#585,#335,.T.);
#712=EDGE_CURVE('',#589,#588,#336,.T.);
#713=EDGE_CURVE('',#589,#582,#337,.T.);
#714=EDGE_CURVE('',#588,#590,#338,.T.);
#715=EDGE_CURVE('',#590,#584,#339,.T.);
#716=EDGE_CURVE('',#590,#591,#340,.T.);
#717=EDGE_CURVE('',#591,#583,#341,.T.);
#718=EDGE_CURVE('',#591,#589,#342,.T.);
#719=EDGE_CURVE('',#586,#592,#343,.T.);
#720=EDGE_CURVE('',#593,#580,#344,.T.);
#721=EDGE_CURVE('',#592,#593,#345,.T.);
#722=EDGE_CURVE('',#593,#594,#346,.T.);
#723=EDGE_CURVE('',#594,#579,#347,.T.);
#724=EDGE_CURVE('',#594,#595,#348,.T.);
#725=EDGE_CURVE('',#595,#587,#349,.T.);
#726=EDGE_CURVE('',#592,#595,#350,.T.);
#727=EDGE_CURVE('',#596,#596,#85,.T.);
#728=EDGE_CURVE('',#597,#598,#86,.F.);
#729=EDGE_CURVE('',#599,#597,#87,.F.);
#730=EDGE_CURVE('',#598,#599,#88,.F.);
#731=EDGE_CURVE('',#600,#601,#17,.F.);
#732=EDGE_CURVE('',#601,#599,#351,.T.);
#733=EDGE_CURVE('',#597,#600,#352,.T.);
#734=EDGE_CURVE('',#602,#603,#89,.F.);
#735=EDGE_CURVE('',#604,#602,#90,.F.);
#736=EDGE_CURVE('',#603,#604,#91,.F.);
#737=EDGE_CURVE('',#605,#606,#18,.F.);
#738=EDGE_CURVE('',#606,#604,#353,.T.);
#739=EDGE_CURVE('',#602,#605,#354,.T.);
#740=EDGE_CURVE('',#598,#603,#355,.T.);
#741=EDGE_CURVE('',#604,#597,#356,.T.);
#742=EDGE_CURVE('',#607,#608,#92,.F.);
#743=EDGE_CURVE('',#609,#607,#93,.F.);
#744=EDGE_CURVE('',#608,#609,#94,.F.);
#745=EDGE_CURVE('',#607,#598,#357,.T.);
#746=EDGE_CURVE('',#599,#609,#358,.T.);
#747=EDGE_CURVE('',#610,#611,#19,.F.);
#748=EDGE_CURVE('',#611,#608,#359,.T.);
#749=EDGE_CURVE('',#609,#610,#360,.T.);
#750=EDGE_CURVE('',#612,#613,#95,.F.);
#751=EDGE_CURVE('',#614,#612,#96,.F.);
#752=EDGE_CURVE('',#613,#614,#97,.F.);
#753=EDGE_CURVE('',#612,#602,#361,.T.);
#754=EDGE_CURVE('',#603,#614,#362,.T.);
#755=EDGE_CURVE('',#608,#592,#363,.T.);
#756=EDGE_CURVE('',#595,#613,#364,.T.);
#757=EDGE_CURVE('',#614,#607,#365,.T.);
#758=EDGE_CURVE('',#615,#616,#20,.T.);
#759=EDGE_CURVE('',#615,#612,#366,.T.);
#760=EDGE_CURVE('',#613,#616,#367,.T.);
#761=EDGE_CURVE('',#600,#617,#368,.T.);
#762=EDGE_CURVE('',#618,#606,#369,.T.);
#763=EDGE_CURVE('',#619,#618,#370,.T.);
#764=EDGE_CURVE('',#620,#619,#371,.T.);
#765=EDGE_CURVE('',#617,#620,#372,.T.);
#766=EDGE_CURVE('',#621,#621,#98,.T.);
#767=EDGE_CURVE('',#622,#622,#99,.T.);
#768=EDGE_CURVE('',#623,#623,#100,.T.);
#769=EDGE_CURVE('',#624,#615,#373,.T.);
#770=EDGE_CURVE('',#625,#624,#374,.T.);
#771=EDGE_CURVE('',#605,#625,#375,.T.);
#772=EDGE_CURVE('',#626,#627,#101,.F.);
#773=EDGE_CURVE('',#628,#626,#102,.F.);
#774=EDGE_CURVE('',#627,#628,#103,.F.);
#775=EDGE_CURVE('',#629,#630,#104,.F.);
#776=EDGE_CURVE('',#618,#629,#105,.F.);
#777=EDGE_CURVE('',#630,#618,#106,.F.);
#778=EDGE_CURVE('',#631,#632,#376,.T.);
#779=EDGE_CURVE('',#632,#633,#107,.F.);
#780=EDGE_CURVE('',#633,#634,#377,.T.);
#781=EDGE_CURVE('',#634,#631,#21,.T.);
#782=EDGE_CURVE('',#635,#636,#108,.F.);
#783=EDGE_CURVE('',#637,#635,#109,.F.);
#784=EDGE_CURVE('',#636,#637,#110,.F.);
#785=EDGE_CURVE('',#638,#639,#111,.F.);
#786=EDGE_CURVE('',#620,#638,#112,.F.);
#787=EDGE_CURVE('',#639,#620,#113,.F.);
#788=EDGE_CURVE('',#640,#641,#114,.F.);
#789=EDGE_CURVE('',#617,#640,#115,.F.);
#790=EDGE_CURVE('',#641,#617,#116,.F.);
#791=EDGE_CURVE('',#640,#601,#378,.T.);
#792=EDGE_CURVE('',#638,#641,#379,.T.);
#793=EDGE_CURVE('',#642,#640,#380,.T.);
#794=EDGE_CURVE('',#641,#643,#381,.T.);
#795=EDGE_CURVE('',#643,#644,#22,.T.);
#796=EDGE_CURVE('',#644,#642,#117,.T.);
#797=EDGE_CURVE('',#645,#646,#382,.T.);
#798=EDGE_CURVE('',#646,#647,#23,.F.);
#799=EDGE_CURVE('',#648,#647,#24,.T.);
#800=EDGE_CURVE('',#648,#649,#383,.T.);
#801=EDGE_CURVE('',#649,#645,#25,.T.);
#802=EDGE_CURVE('',#650,#645,#384,.T.);
#803=EDGE_CURVE('',#649,#651,#385,.T.);
#804=EDGE_CURVE('',#651,#650,#26,.T.);
#805=EDGE_CURVE('',#643,#650,#386,.T.);
#806=EDGE_CURVE('',#651,#644,#387,.T.);
#807=EDGE_CURVE('',#652,#639,#388,.T.);
#808=EDGE_CURVE('',#619,#652,#27,.T.);
#809=EDGE_CURVE('',#635,#638,#389,.T.);
#810=EDGE_CURVE('',#639,#637,#390,.T.);
#811=EDGE_CURVE('',#634,#636,#391,.T.);
#812=EDGE_CURVE('',#637,#631,#392,.T.);
#813=EDGE_CURVE('',#653,#654,#118,.F.);
#814=EDGE_CURVE('',#654,#635,#393,.T.);
#815=EDGE_CURVE('',#636,#653,#394,.T.);
#816=EDGE_CURVE('',#629,#652,#395,.T.);
#817=EDGE_CURVE('',#605,#630,#396,.T.);
#818=EDGE_CURVE('',#655,#629,#397,.T.);
#819=EDGE_CURVE('',#630,#656,#398,.T.);
#820=EDGE_CURVE('',#656,#657,#119,.T.);
#821=EDGE_CURVE('',#657,#655,#28,.T.);
#822=EDGE_CURVE('',#628,#657,#399,.T.);
#823=EDGE_CURVE('',#626,#655,#400,.T.);
#824=EDGE_CURVE('',#658,#627,#401,.T.);
#825=EDGE_CURVE('',#628,#659,#402,.T.);
#826=EDGE_CURVE('',#659,#658,#29,.T.);
#827=EDGE_CURVE('',#660,#661,#120,.T.);
#828=EDGE_CURVE('',#661,#626,#403,.T.);
#829=EDGE_CURVE('',#627,#660,#404,.T.);
#830=EDGE_CURVE('',#662,#663,#121,.T.);
#831=EDGE_CURVE('',#663,#661,#122,.T.);
#832=EDGE_CURVE('',#660,#662,#123,.T.);
#833=EDGE_CURVE('',#664,#665,#124,.T.);
#834=EDGE_CURVE('',#665,#663,#405,.T.);
#835=EDGE_CURVE('',#662,#664,#406,.T.);
#836=EDGE_CURVE('',#666,#667,#125,.T.);
#837=EDGE_CURVE('',#667,#665,#126,.T.);
#838=EDGE_CURVE('',#664,#666,#127,.T.);
#839=EDGE_CURVE('',#659,#667,#407,.T.);
#840=EDGE_CURVE('',#666,#658,#408,.T.);
#841=EDGE_CURVE('',#611,#668,#409,.T.);
#842=EDGE_CURVE('',#668,#653,#410,.T.);
#843=EDGE_CURVE('',#633,#669,#411,.T.);
#844=EDGE_CURVE('',#669,#616,#412,.T.);
#845=EDGE_CURVE('',#670,#670,#128,.T.);
#846=EDGE_CURVE('',#671,#671,#129,.T.);
#847=EDGE_CURVE('',#652,#631,#413,.T.);
#848=EDGE_CURVE('',#632,#672,#414,.T.);
#849=EDGE_CURVE('',#672,#661,#415,.T.);
#850=EDGE_CURVE('',#663,#673,#416,.T.);
#851=EDGE_CURVE('',#673,#672,#130,.T.);
#852=EDGE_CURVE('',#674,#665,#417,.T.);
#853=EDGE_CURVE('',#674,#673,#418,.T.);
#854=EDGE_CURVE('',#667,#675,#419,.T.);
#855=EDGE_CURVE('',#675,#674,#131,.T.);
#856=EDGE_CURVE('',#624,#659,#420,.T.);
#857=EDGE_CURVE('',#669,#675,#421,.T.);
#858=EDGE_CURVE('',#656,#625,#422,.T.);
#859=EDGE_CURVE('',#676,#676,#132,.T.);
#860=EDGE_CURVE('',#677,#677,#133,.T.);
#861=EDGE_CURVE('',#678,#679,#134,.T.);
#862=EDGE_CURVE('',#679,#680,#423,.T.);
#863=EDGE_CURVE('',#680,#681,#135,.T.);
#864=EDGE_CURVE('',#681,#678,#424,.T.);
#865=EDGE_CURVE('',#650,#681,#425,.T.);
#866=EDGE_CURVE('',#682,#680,#426,.T.);
#867=EDGE_CURVE('',#683,#682,#136,.T.);
#868=EDGE_CURVE('',#645,#683,#427,.T.);
#869=EDGE_CURVE('',#684,#684,#137,.T.);
#870=EDGE_CURVE('',#679,#685,#428,.T.);
#871=EDGE_CURVE('',#682,#685,#429,.T.);
#872=EDGE_CURVE('',#685,#686,#138,.T.);
#873=EDGE_CURVE('',#686,#683,#430,.T.);
#874=EDGE_CURVE('',#677,#676,#431,.T.);
#875=EDGE_CURVE('',#687,#687,#139,.T.);
#876=EDGE_CURVE('',#687,#684,#432,.T.);
#877=EDGE_CURVE('',#668,#686,#433,.T.);
#878=EDGE_CURVE('',#646,#610,#434,.T.);
#879=EDGE_CURVE('',#654,#678,#435,.T.);
#880=EDGE_CURVE('',#648,#642,#436,.T.);
#881=EDGE_CURVE('',#596,#621,#437,.T.);
#882=EDGE_CURVE('',#670,#622,#438,.T.);
#883=EDGE_CURVE('',#671,#623,#439,.T.);
#884=EDGE_CURVE('',#601,#647,#440,.T.);
#885=ORIENTED_EDGE('',*,*,#688,.F.);
#886=ORIENTED_EDGE('',*,*,#689,.F.);
#887=ORIENTED_EDGE('',*,*,#690,.T.);
#888=ORIENTED_EDGE('',*,*,#691,.F.);
#889=ORIENTED_EDGE('',*,*,#692,.F.);
#890=ORIENTED_EDGE('',*,*,#693,.F.);
#891=ORIENTED_EDGE('',*,*,#694,.T.);
#892=ORIENTED_EDGE('',*,*,#695,.F.);
#893=ORIENTED_EDGE('',*,*,#696,.F.);
#894=ORIENTED_EDGE('',*,*,#690,.F.);
#895=ORIENTED_EDGE('',*,*,#697,.F.);
#896=ORIENTED_EDGE('',*,*,#694,.F.);
#897=ORIENTED_EDGE('',*,*,#688,.T.);
#898=ORIENTED_EDGE('',*,*,#698,.T.);
#899=ORIENTED_EDGE('',*,*,#699,.T.);
#900=ORIENTED_EDGE('',*,*,#700,.T.);
#901=ORIENTED_EDGE('',*,*,#701,.T.);
#902=ORIENTED_EDGE('',*,*,#702,.T.);
#903=ORIENTED_EDGE('',*,*,#692,.T.);
#904=ORIENTED_EDGE('',*,*,#703,.T.);
#905=ORIENTED_EDGE('',*,*,#704,.T.);
#906=ORIENTED_EDGE('',*,*,#705,.T.);
#907=ORIENTED_EDGE('',*,*,#706,.T.);
#908=ORIENTED_EDGE('',*,*,#707,.T.);
#909=ORIENTED_EDGE('',*,*,#691,.T.);
#910=ORIENTED_EDGE('',*,*,#696,.T.);
#911=ORIENTED_EDGE('',*,*,#693,.T.);
#912=ORIENTED_EDGE('',*,*,#702,.F.);
#913=ORIENTED_EDGE('',*,*,#708,.F.);
#914=ORIENTED_EDGE('',*,*,#709,.F.);
#915=ORIENTED_EDGE('',*,*,#710,.T.);
#916=ORIENTED_EDGE('',*,*,#698,.F.);
#917=ORIENTED_EDGE('',*,*,#689,.T.);
#918=ORIENTED_EDGE('',*,*,#707,.F.);
#919=ORIENTED_EDGE('',*,*,#711,.F.);
#920=ORIENTED_EDGE('',*,*,#712,.F.);
#921=ORIENTED_EDGE('',*,*,#713,.T.);
#922=ORIENTED_EDGE('',*,*,#703,.F.);
#923=ORIENTED_EDGE('',*,*,#695,.T.);
#924=ORIENTED_EDGE('',*,*,#697,.T.);
#925=ORIENTED_EDGE('',*,*,#714,.F.);
#926=ORIENTED_EDGE('',*,*,#711,.T.);
#927=ORIENTED_EDGE('',*,*,#706,.F.);
#928=ORIENTED_EDGE('',*,*,#715,.F.);
#929=ORIENTED_EDGE('',*,*,#716,.F.);
#930=ORIENTED_EDGE('',*,*,#715,.T.);
#931=ORIENTED_EDGE('',*,*,#705,.F.);
#932=ORIENTED_EDGE('',*,*,#717,.F.);
#933=ORIENTED_EDGE('',*,*,#718,.F.);
#934=ORIENTED_EDGE('',*,*,#717,.T.);
#935=ORIENTED_EDGE('',*,*,#704,.F.);
#936=ORIENTED_EDGE('',*,*,#713,.F.);
#937=ORIENTED_EDGE('',*,*,#719,.F.);
#938=ORIENTED_EDGE('',*,*,#708,.T.);
#939=ORIENTED_EDGE('',*,*,#701,.F.);
#940=ORIENTED_EDGE('',*,*,#720,.F.);
#941=ORIENTED_EDGE('',*,*,#721,.F.);
#942=ORIENTED_EDGE('',*,*,#722,.F.);
#943=ORIENTED_EDGE('',*,*,#720,.T.);
#944=ORIENTED_EDGE('',*,*,#700,.F.);
#945=ORIENTED_EDGE('',*,*,#723,.F.);
#946=ORIENTED_EDGE('',*,*,#724,.F.);
#947=ORIENTED_EDGE('',*,*,#723,.T.);
#948=ORIENTED_EDGE('',*,*,#699,.F.);
#949=ORIENTED_EDGE('',*,*,#710,.F.);
#950=ORIENTED_EDGE('',*,*,#725,.F.);
#951=ORIENTED_EDGE('',*,*,#726,.F.);
#952=ORIENTED_EDGE('',*,*,#721,.T.);
#953=ORIENTED_EDGE('',*,*,#722,.T.);
#954=ORIENTED_EDGE('',*,*,#724,.T.);
#955=ORIENTED_EDGE('',*,*,#712,.T.);
#956=ORIENTED_EDGE('',*,*,#714,.T.);
#957=ORIENTED_EDGE('',*,*,#716,.T.);
#958=ORIENTED_EDGE('',*,*,#718,.T.);
#959=ORIENTED_EDGE('',*,*,#727,.T.);
#960=ORIENTED_EDGE('',*,*,#728,.F.);
#961=ORIENTED_EDGE('',*,*,#729,.F.);
#962=ORIENTED_EDGE('',*,*,#730,.F.);
#963=ORIENTED_EDGE('',*,*,#731,.T.);
#964=ORIENTED_EDGE('',*,*,#732,.T.);
#965=ORIENTED_EDGE('',*,*,#729,.T.);
#966=ORIENTED_EDGE('',*,*,#733,.T.);
#967=ORIENTED_EDGE('',*,*,#734,.F.);
#968=ORIENTED_EDGE('',*,*,#735,.F.);
#969=ORIENTED_EDGE('',*,*,#736,.F.);
#970=ORIENTED_EDGE('',*,*,#737,.T.);
#971=ORIENTED_EDGE('',*,*,#738,.T.);
#972=ORIENTED_EDGE('',*,*,#735,.T.);
#973=ORIENTED_EDGE('',*,*,#739,.T.);
#974=ORIENTED_EDGE('',*,*,#728,.T.);
#975=ORIENTED_EDGE('',*,*,#740,.T.);
#976=ORIENTED_EDGE('',*,*,#736,.T.);
#977=ORIENTED_EDGE('',*,*,#741,.T.);
#978=ORIENTED_EDGE('',*,*,#742,.F.);
#979=ORIENTED_EDGE('',*,*,#743,.F.);
#980=ORIENTED_EDGE('',*,*,#744,.F.);
#981=ORIENTED_EDGE('',*,*,#743,.T.);
#982=ORIENTED_EDGE('',*,*,#745,.T.);
#983=ORIENTED_EDGE('',*,*,#730,.T.);
#984=ORIENTED_EDGE('',*,*,#746,.T.);
#985=ORIENTED_EDGE('',*,*,#747,.T.);
#986=ORIENTED_EDGE('',*,*,#748,.T.);
#987=ORIENTED_EDGE('',*,*,#744,.T.);
#988=ORIENTED_EDGE('',*,*,#749,.T.);
#989=ORIENTED_EDGE('',*,*,#750,.F.);
#990=ORIENTED_EDGE('',*,*,#751,.F.);
#991=ORIENTED_EDGE('',*,*,#752,.F.);
#992=ORIENTED_EDGE('',*,*,#751,.T.);
#993=ORIENTED_EDGE('',*,*,#753,.T.);
#994=ORIENTED_EDGE('',*,*,#734,.T.);
#995=ORIENTED_EDGE('',*,*,#754,.T.);
#996=ORIENTED_EDGE('',*,*,#742,.T.);
#997=ORIENTED_EDGE('',*,*,#755,.T.);
#998=ORIENTED_EDGE('',*,*,#726,.T.);
#999=ORIENTED_EDGE('',*,*,#756,.T.);
#1000=ORIENTED_EDGE('',*,*,#752,.T.);
#1001=ORIENTED_EDGE('',*,*,#757,.T.);
#1002=ORIENTED_EDGE('',*,*,#758,.F.);
#1003=ORIENTED_EDGE('',*,*,#759,.T.);
#1004=ORIENTED_EDGE('',*,*,#750,.T.);
#1005=ORIENTED_EDGE('',*,*,#760,.T.);
#1006=ORIENTED_EDGE('',*,*,#761,.F.);
#1007=ORIENTED_EDGE('',*,*,#733,.F.);
#1008=ORIENTED_EDGE('',*,*,#741,.F.);
#1009=ORIENTED_EDGE('',*,*,#738,.F.);
#1010=ORIENTED_EDGE('',*,*,#762,.F.);
#1011=ORIENTED_EDGE('',*,*,#763,.F.);
#1012=ORIENTED_EDGE('',*,*,#764,.F.);
#1013=ORIENTED_EDGE('',*,*,#765,.F.);
#1014=ORIENTED_EDGE('',*,*,#766,.F.);
#1015=ORIENTED_EDGE('',*,*,#767,.F.);
#1016=ORIENTED_EDGE('',*,*,#768,.F.);
#1017=ORIENTED_EDGE('',*,*,#739,.F.);
#1018=ORIENTED_EDGE('',*,*,#753,.F.);
#1019=ORIENTED_EDGE('',*,*,#759,.F.);
#1020=ORIENTED_EDGE('',*,*,#769,.F.);
#1021=ORIENTED_EDGE('',*,*,#770,.F.);
#1022=ORIENTED_EDGE('',*,*,#771,.F.);
#1023=ORIENTED_EDGE('',*,*,#740,.F.);
#1024=ORIENTED_EDGE('',*,*,#745,.F.);
#1025=ORIENTED_EDGE('',*,*,#757,.F.);
#1026=ORIENTED_EDGE('',*,*,#754,.F.);
#1027=ORIENTED_EDGE('',*,*,#772,.F.);
#1028=ORIENTED_EDGE('',*,*,#773,.F.);
#1029=ORIENTED_EDGE('',*,*,#774,.F.);
#1030=ORIENTED_EDGE('',*,*,#775,.F.);
#1031=ORIENTED_EDGE('',*,*,#776,.F.);
#1032=ORIENTED_EDGE('',*,*,#777,.F.);
#1033=ORIENTED_EDGE('',*,*,#778,.T.);
#1034=ORIENTED_EDGE('',*,*,#779,.T.);
#1035=ORIENTED_EDGE('',*,*,#780,.T.);
#1036=ORIENTED_EDGE('',*,*,#781,.T.);
#1037=ORIENTED_EDGE('',*,*,#782,.F.);
#1038=ORIENTED_EDGE('',*,*,#783,.F.);
#1039=ORIENTED_EDGE('',*,*,#784,.F.);
#1040=ORIENTED_EDGE('',*,*,#785,.F.);
#1041=ORIENTED_EDGE('',*,*,#786,.F.);
#1042=ORIENTED_EDGE('',*,*,#787,.F.);
#1043=ORIENTED_EDGE('',*,*,#788,.F.);
#1044=ORIENTED_EDGE('',*,*,#789,.F.);
#1045=ORIENTED_EDGE('',*,*,#790,.F.);
#1046=ORIENTED_EDGE('',*,*,#761,.T.);
#1047=ORIENTED_EDGE('',*,*,#789,.T.);
#1048=ORIENTED_EDGE('',*,*,#791,.T.);
#1049=ORIENTED_EDGE('',*,*,#731,.F.);
#1050=ORIENTED_EDGE('',*,*,#786,.T.);
#1051=ORIENTED_EDGE('',*,*,#792,.T.);
#1052=ORIENTED_EDGE('',*,*,#790,.T.);
#1053=ORIENTED_EDGE('',*,*,#765,.T.);
#1054=ORIENTED_EDGE('',*,*,#793,.T.);
#1055=ORIENTED_EDGE('',*,*,#788,.T.);
#1056=ORIENTED_EDGE('',*,*,#794,.T.);
#1057=ORIENTED_EDGE('',*,*,#795,.T.);
#1058=ORIENTED_EDGE('',*,*,#796,.T.);
#1059=ORIENTED_EDGE('',*,*,#797,.T.);
#1060=ORIENTED_EDGE('',*,*,#798,.T.);
#1061=ORIENTED_EDGE('',*,*,#799,.F.);
#1062=ORIENTED_EDGE('',*,*,#800,.T.);
#1063=ORIENTED_EDGE('',*,*,#801,.T.);
#1064=ORIENTED_EDGE('',*,*,#802,.T.);
#1065=ORIENTED_EDGE('',*,*,#801,.F.);
#1066=ORIENTED_EDGE('',*,*,#803,.T.);
#1067=ORIENTED_EDGE('',*,*,#804,.T.);
#1068=ORIENTED_EDGE('',*,*,#805,.T.);
#1069=ORIENTED_EDGE('',*,*,#804,.F.);
#1070=ORIENTED_EDGE('',*,*,#806,.T.);
#1071=ORIENTED_EDGE('',*,*,#795,.F.);
#1072=ORIENTED_EDGE('',*,*,#807,.T.);
#1073=ORIENTED_EDGE('',*,*,#787,.T.);
#1074=ORIENTED_EDGE('',*,*,#764,.T.);
#1075=ORIENTED_EDGE('',*,*,#808,.T.);
#1076=ORIENTED_EDGE('',*,*,#783,.T.);
#1077=ORIENTED_EDGE('',*,*,#809,.T.);
#1078=ORIENTED_EDGE('',*,*,#785,.T.);
#1079=ORIENTED_EDGE('',*,*,#810,.T.);
#1080=ORIENTED_EDGE('',*,*,#811,.T.);
#1081=ORIENTED_EDGE('',*,*,#784,.T.);
#1082=ORIENTED_EDGE('',*,*,#812,.T.);
#1083=ORIENTED_EDGE('',*,*,#781,.F.);
#1084=ORIENTED_EDGE('',*,*,#813,.T.);
#1085=ORIENTED_EDGE('',*,*,#814,.T.);
#1086=ORIENTED_EDGE('',*,*,#782,.T.);
#1087=ORIENTED_EDGE('',*,*,#815,.T.);
#1088=ORIENTED_EDGE('',*,*,#763,.T.);
#1089=ORIENTED_EDGE('',*,*,#776,.T.);
#1090=ORIENTED_EDGE('',*,*,#816,.T.);
#1091=ORIENTED_EDGE('',*,*,#808,.F.);
#1092=ORIENTED_EDGE('',*,*,#817,.T.);
#1093=ORIENTED_EDGE('',*,*,#777,.T.);
#1094=ORIENTED_EDGE('',*,*,#762,.T.);
#1095=ORIENTED_EDGE('',*,*,#737,.F.);
#1096=ORIENTED_EDGE('',*,*,#818,.T.);
#1097=ORIENTED_EDGE('',*,*,#775,.T.);
#1098=ORIENTED_EDGE('',*,*,#819,.T.);
#1099=ORIENTED_EDGE('',*,*,#820,.T.);
#1100=ORIENTED_EDGE('',*,*,#821,.T.);
#1101=ORIENTED_EDGE('',*,*,#822,.F.);
#1102=ORIENTED_EDGE('',*,*,#773,.T.);
#1103=ORIENTED_EDGE('',*,*,#823,.T.);
#1104=ORIENTED_EDGE('',*,*,#821,.F.);
#1105=ORIENTED_EDGE('',*,*,#824,.T.);
#1106=ORIENTED_EDGE('',*,*,#774,.T.);
#1107=ORIENTED_EDGE('',*,*,#825,.T.);
#1108=ORIENTED_EDGE('',*,*,#826,.T.);
#1109=ORIENTED_EDGE('',*,*,#827,.T.);
#1110=ORIENTED_EDGE('',*,*,#828,.T.);
#1111=ORIENTED_EDGE('',*,*,#772,.T.);
#1112=ORIENTED_EDGE('',*,*,#829,.T.);
#1113=ORIENTED_EDGE('',*,*,#830,.T.);
#1114=ORIENTED_EDGE('',*,*,#831,.T.);
#1115=ORIENTED_EDGE('',*,*,#827,.F.);
#1116=ORIENTED_EDGE('',*,*,#832,.T.);
#1117=ORIENTED_EDGE('',*,*,#833,.T.);
#1118=ORIENTED_EDGE('',*,*,#834,.T.);
#1119=ORIENTED_EDGE('',*,*,#830,.F.);
#1120=ORIENTED_EDGE('',*,*,#835,.T.);
#1121=ORIENTED_EDGE('',*,*,#836,.T.);
#1122=ORIENTED_EDGE('',*,*,#837,.T.);
#1123=ORIENTED_EDGE('',*,*,#833,.F.);
#1124=ORIENTED_EDGE('',*,*,#838,.T.);
#1125=ORIENTED_EDGE('',*,*,#839,.T.);
#1126=ORIENTED_EDGE('',*,*,#836,.F.);
#1127=ORIENTED_EDGE('',*,*,#840,.T.);
#1128=ORIENTED_EDGE('',*,*,#826,.F.);
#1129=ORIENTED_EDGE('',*,*,#719,.T.);
#1130=ORIENTED_EDGE('',*,*,#755,.F.);
#1131=ORIENTED_EDGE('',*,*,#748,.F.);
#1132=ORIENTED_EDGE('',*,*,#841,.T.);
#1133=ORIENTED_EDGE('',*,*,#842,.T.);
#1134=ORIENTED_EDGE('',*,*,#815,.F.);
#1135=ORIENTED_EDGE('',*,*,#811,.F.);
#1136=ORIENTED_EDGE('',*,*,#780,.F.);
#1137=ORIENTED_EDGE('',*,*,#843,.T.);
#1138=ORIENTED_EDGE('',*,*,#844,.T.);
#1139=ORIENTED_EDGE('',*,*,#760,.F.);
#1140=ORIENTED_EDGE('',*,*,#756,.F.);
#1141=ORIENTED_EDGE('',*,*,#725,.T.);
#1142=ORIENTED_EDGE('',*,*,#709,.T.);
#1143=ORIENTED_EDGE('',*,*,#845,.T.);
#1144=ORIENTED_EDGE('',*,*,#846,.T.);
#1145=ORIENTED_EDGE('',*,*,#812,.F.);
#1146=ORIENTED_EDGE('',*,*,#810,.F.);
#1147=ORIENTED_EDGE('',*,*,#807,.F.);
#1148=ORIENTED_EDGE('',*,*,#847,.T.);
#1149=ORIENTED_EDGE('',*,*,#848,.F.);
#1150=ORIENTED_EDGE('',*,*,#778,.F.);
#1151=ORIENTED_EDGE('',*,*,#847,.F.);
#1152=ORIENTED_EDGE('',*,*,#816,.F.);
#1153=ORIENTED_EDGE('',*,*,#818,.F.);
#1154=ORIENTED_EDGE('',*,*,#823,.F.);
#1155=ORIENTED_EDGE('',*,*,#828,.F.);
#1156=ORIENTED_EDGE('',*,*,#849,.F.);
#1157=ORIENTED_EDGE('',*,*,#831,.F.);
#1158=ORIENTED_EDGE('',*,*,#850,.T.);
#1159=ORIENTED_EDGE('',*,*,#851,.T.);
#1160=ORIENTED_EDGE('',*,*,#849,.T.);
#1161=ORIENTED_EDGE('',*,*,#834,.F.);
#1162=ORIENTED_EDGE('',*,*,#852,.F.);
#1163=ORIENTED_EDGE('',*,*,#853,.T.);
#1164=ORIENTED_EDGE('',*,*,#850,.F.);
#1165=ORIENTED_EDGE('',*,*,#837,.F.);
#1166=ORIENTED_EDGE('',*,*,#854,.T.);
#1167=ORIENTED_EDGE('',*,*,#855,.T.);
#1168=ORIENTED_EDGE('',*,*,#852,.T.);
#1169=ORIENTED_EDGE('',*,*,#839,.F.);
#1170=ORIENTED_EDGE('',*,*,#856,.F.);
#1171=ORIENTED_EDGE('',*,*,#769,.T.);
#1172=ORIENTED_EDGE('',*,*,#758,.T.);
#1173=ORIENTED_EDGE('',*,*,#844,.F.);
#1174=ORIENTED_EDGE('',*,*,#857,.T.);
#1175=ORIENTED_EDGE('',*,*,#854,.F.);
#1176=ORIENTED_EDGE('',*,*,#825,.F.);
#1177=ORIENTED_EDGE('',*,*,#822,.T.);
#1178=ORIENTED_EDGE('',*,*,#820,.F.);
#1179=ORIENTED_EDGE('',*,*,#858,.T.);
#1180=ORIENTED_EDGE('',*,*,#770,.T.);
#1181=ORIENTED_EDGE('',*,*,#856,.T.);
#1182=ORIENTED_EDGE('',*,*,#819,.F.);
#1183=ORIENTED_EDGE('',*,*,#817,.F.);
#1184=ORIENTED_EDGE('',*,*,#771,.T.);
#1185=ORIENTED_EDGE('',*,*,#858,.F.);
#1186=ORIENTED_EDGE('',*,*,#824,.F.);
#1187=ORIENTED_EDGE('',*,*,#840,.F.);
#1188=ORIENTED_EDGE('',*,*,#838,.F.);
#1189=ORIENTED_EDGE('',*,*,#835,.F.);
#1190=ORIENTED_EDGE('',*,*,#832,.F.);
#1191=ORIENTED_EDGE('',*,*,#829,.F.);
#1192=ORIENTED_EDGE('',*,*,#859,.T.);
#1193=ORIENTED_EDGE('',*,*,#851,.F.);
#1194=ORIENTED_EDGE('',*,*,#853,.F.);
#1195=ORIENTED_EDGE('',*,*,#855,.F.);
#1196=ORIENTED_EDGE('',*,*,#857,.F.);
#1197=ORIENTED_EDGE('',*,*,#843,.F.);
#1198=ORIENTED_EDGE('',*,*,#779,.F.);
#1199=ORIENTED_EDGE('',*,*,#848,.T.);
#1200=ORIENTED_EDGE('',*,*,#860,.T.);
#1201=ORIENTED_EDGE('',*,*,#861,.T.);
#1202=ORIENTED_EDGE('',*,*,#862,.T.);
#1203=ORIENTED_EDGE('',*,*,#863,.T.);
#1204=ORIENTED_EDGE('',*,*,#864,.T.);
#1205=ORIENTED_EDGE('',*,*,#802,.F.);
#1206=ORIENTED_EDGE('',*,*,#865,.T.);
#1207=ORIENTED_EDGE('',*,*,#863,.F.);
#1208=ORIENTED_EDGE('',*,*,#866,.F.);
#1209=ORIENTED_EDGE('',*,*,#867,.F.);
#1210=ORIENTED_EDGE('',*,*,#868,.F.);
#1211=ORIENTED_EDGE('',*,*,#869,.T.);
#1212=ORIENTED_EDGE('',*,*,#862,.F.);
#1213=ORIENTED_EDGE('',*,*,#870,.T.);
#1214=ORIENTED_EDGE('',*,*,#871,.F.);
#1215=ORIENTED_EDGE('',*,*,#866,.T.);
#1216=ORIENTED_EDGE('',*,*,#867,.T.);
#1217=ORIENTED_EDGE('',*,*,#871,.T.);
#1218=ORIENTED_EDGE('',*,*,#872,.T.);
#1219=ORIENTED_EDGE('',*,*,#873,.T.);
#1220=ORIENTED_EDGE('',*,*,#860,.F.);
#1221=ORIENTED_EDGE('',*,*,#874,.T.);
#1222=ORIENTED_EDGE('',*,*,#859,.F.);
#1223=ORIENTED_EDGE('',*,*,#874,.F.);
#1224=ORIENTED_EDGE('',*,*,#875,.F.);
#1225=ORIENTED_EDGE('',*,*,#876,.T.);
#1226=ORIENTED_EDGE('',*,*,#869,.F.);
#1227=ORIENTED_EDGE('',*,*,#876,.F.);
#1228=ORIENTED_EDGE('',*,*,#797,.F.);
#1229=ORIENTED_EDGE('',*,*,#868,.T.);
#1230=ORIENTED_EDGE('',*,*,#873,.F.);
#1231=ORIENTED_EDGE('',*,*,#877,.F.);
#1232=ORIENTED_EDGE('',*,*,#841,.F.);
#1233=ORIENTED_EDGE('',*,*,#747,.F.);
#1234=ORIENTED_EDGE('',*,*,#878,.F.);
#1235=ORIENTED_EDGE('',*,*,#861,.F.);
#1236=ORIENTED_EDGE('',*,*,#879,.F.);
#1237=ORIENTED_EDGE('',*,*,#813,.F.);
#1238=ORIENTED_EDGE('',*,*,#842,.F.);
#1239=ORIENTED_EDGE('',*,*,#877,.T.);
#1240=ORIENTED_EDGE('',*,*,#872,.F.);
#1241=ORIENTED_EDGE('',*,*,#870,.F.);
#1242=ORIENTED_EDGE('',*,*,#875,.T.);
#1243=ORIENTED_EDGE('',*,*,#800,.F.);
#1244=ORIENTED_EDGE('',*,*,#880,.T.);
#1245=ORIENTED_EDGE('',*,*,#796,.F.);
#1246=ORIENTED_EDGE('',*,*,#806,.F.);
#1247=ORIENTED_EDGE('',*,*,#803,.F.);
#1248=ORIENTED_EDGE('',*,*,#727,.F.);
#1249=ORIENTED_EDGE('',*,*,#881,.T.);
#1250=ORIENTED_EDGE('',*,*,#766,.T.);
#1251=ORIENTED_EDGE('',*,*,#881,.F.);
#1252=ORIENTED_EDGE('',*,*,#845,.F.);
#1253=ORIENTED_EDGE('',*,*,#882,.T.);
#1254=ORIENTED_EDGE('',*,*,#767,.T.);
#1255=ORIENTED_EDGE('',*,*,#882,.F.);
#1256=ORIENTED_EDGE('',*,*,#846,.F.);
#1257=ORIENTED_EDGE('',*,*,#883,.T.);
#1258=ORIENTED_EDGE('',*,*,#768,.T.);
#1259=ORIENTED_EDGE('',*,*,#883,.F.);
#1260=ORIENTED_EDGE('',*,*,#879,.T.);
#1261=ORIENTED_EDGE('',*,*,#864,.F.);
#1262=ORIENTED_EDGE('',*,*,#865,.F.);
#1263=ORIENTED_EDGE('',*,*,#805,.F.);
#1264=ORIENTED_EDGE('',*,*,#794,.F.);
#1265=ORIENTED_EDGE('',*,*,#792,.F.);
#1266=ORIENTED_EDGE('',*,*,#809,.F.);
#1267=ORIENTED_EDGE('',*,*,#814,.F.);
#1268=ORIENTED_EDGE('',*,*,#793,.F.);
#1269=ORIENTED_EDGE('',*,*,#880,.F.);
#1270=ORIENTED_EDGE('',*,*,#799,.T.);
#1271=ORIENTED_EDGE('',*,*,#884,.F.);
#1272=ORIENTED_EDGE('',*,*,#791,.F.);
#1273=ORIENTED_EDGE('',*,*,#732,.F.);
#1274=ORIENTED_EDGE('',*,*,#884,.T.);
#1275=ORIENTED_EDGE('',*,*,#798,.F.);
#1276=ORIENTED_EDGE('',*,*,#878,.T.);
#1277=ORIENTED_EDGE('',*,*,#749,.F.);
#1278=ORIENTED_EDGE('',*,*,#746,.F.);
#1279=PLANE('',#1408);
#1280=PLANE('',#1409);
#1281=PLANE('',#1410);
#1282=PLANE('',#1411);
#1283=PLANE('',#1412);
#1284=PLANE('',#1413);
#1285=PLANE('',#1414);
#1286=PLANE('',#1415);
#1287=PLANE('',#1416);
#1288=PLANE('',#1417);
#1289=PLANE('',#1418);
#1290=PLANE('',#1419);
#1291=PLANE('',#1420);
#1292=PLANE('',#1421);
#1293=PLANE('',#1451);
#1294=PLANE('',#1455);
#1295=PLANE('',#1456);
#1296=PLANE('',#1519);
#1297=PLANE('',#1522);
#1298=PLANE('',#1523);
#1299=PLANE('',#1526);
#1300=PLANE('',#1529);
#1301=PLANE('',#1530);
#1302=PLANE('',#1531);
#1303=PLANE('',#1532);
#1304=PLANE('',#1534);
#1305=PLANE('',#1539);
#1306=PLANE('',#1542);
#1307=PLANE('',#1548);
#1308=PLANE('',#1549);
#1309=PLANE('',#1550);
#1310=PLANE('',#1554);
#1311=PLANE('',#1555);
#1312=PLANE('',#1556);
#1313=ADVANCED_FACE('',(#140),#1279,.F.);
#1314=ADVANCED_FACE('',(#141),#1280,.F.);
#1315=ADVANCED_FACE('',(#142),#1281,.F.);
#1316=ADVANCED_FACE('',(#143),#1282,.T.);
#1317=ADVANCED_FACE('',(#144),#1283,.T.);
#1318=ADVANCED_FACE('',(#145),#1284,.T.);
#1319=ADVANCED_FACE('',(#146),#1285,.T.);
#1320=ADVANCED_FACE('',(#147),#1286,.T.);
#1321=ADVANCED_FACE('',(#148),#1287,.T.);
#1322=ADVANCED_FACE('',(#149),#1288,.T.);
#1323=ADVANCED_FACE('',(#150),#1289,.T.);
#1324=ADVANCED_FACE('',(#151),#1290,.T.);
#1325=ADVANCED_FACE('',(#152),#1291,.F.);
#1326=ADVANCED_FACE('',(#153,#75),#1292,.T.);
#1327=ADVANCED_FACE('',(#154),#66,.T.);
#1328=ADVANCED_FACE('',(#155),#30,.T.);
#1329=ADVANCED_FACE('',(#156),#67,.T.);
#1330=ADVANCED_FACE('',(#157),#31,.T.);
#1331=ADVANCED_FACE('',(#158),#32,.T.);
#1332=ADVANCED_FACE('',(#159),#68,.T.);
#1333=ADVANCED_FACE('',(#160),#33,.T.);
#1334=ADVANCED_FACE('',(#161),#34,.T.);
#1335=ADVANCED_FACE('',(#162),#69,.T.);
#1336=ADVANCED_FACE('',(#163),#35,.T.);
#1337=ADVANCED_FACE('',(#164),#36,.T.);
#1338=ADVANCED_FACE('',(#165),#37,.T.);
#1339=ADVANCED_FACE('',(#166,#76,#77,#78),#1293,.F.);
#1340=ADVANCED_FACE('',(#167),#1294,.T.);
#1341=ADVANCED_FACE('',(#168),#1295,.T.);
#1342=ADVANCED_FACE('',(#169),#70,.T.);
#1343=ADVANCED_FACE('',(#170),#71,.T.);
#1344=ADVANCED_FACE('',(#171),#38,.T.);
#1345=ADVANCED_FACE('',(#172),#72,.T.);
#1346=ADVANCED_FACE('',(#173),#73,.T.);
#1347=ADVANCED_FACE('',(#174),#74,.T.);
#1348=ADVANCED_FACE('',(#175),#39,.T.);
#1349=ADVANCED_FACE('',(#176),#40,.T.);
#1350=ADVANCED_FACE('',(#177),#41,.T.);
#1351=ADVANCED_FACE('',(#178),#42,.T.);
#1352=ADVANCED_FACE('',(#179),#43,.T.);
#1353=ADVANCED_FACE('',(#180),#44,.T.);
#1354=ADVANCED_FACE('',(#181),#45,.T.);
#1355=ADVANCED_FACE('',(#182),#46,.T.);
#1356=ADVANCED_FACE('',(#183),#47,.T.);
#1357=ADVANCED_FACE('',(#184),#48,.T.);
#1358=ADVANCED_FACE('',(#185),#49,.T.);
#1359=ADVANCED_FACE('',(#186),#50,.T.);
#1360=ADVANCED_FACE('',(#187),#51,.T.);
#1361=ADVANCED_FACE('',(#188),#52,.T.);
#1362=ADVANCED_FACE('',(#189),#53,.T.);
#1363=ADVANCED_FACE('',(#190),#54,.T.);
#1364=ADVANCED_FACE('',(#191),#15,.T.);
#1365=ADVANCED_FACE('',(#192),#55,.T.);
#1366=ADVANCED_FACE('',(#193),#16,.T.);
#1367=ADVANCED_FACE('',(#194),#56,.T.);
#1368=ADVANCED_FACE('',(#195,#79,#80),#1296,.T.);
#1369=ADVANCED_FACE('',(#196),#1297,.T.);
#1370=ADVANCED_FACE('',(#197),#1298,.T.);
#1371=ADVANCED_FACE('',(#198),#57,.T.);
#1372=ADVANCED_FACE('',(#199),#1299,.T.);
#1373=ADVANCED_FACE('',(#200),#58,.T.);
#1374=ADVANCED_FACE('',(#201),#1300,.T.);
#1375=ADVANCED_FACE('',(#202),#1301,.F.);
#1376=ADVANCED_FACE('',(#203),#1302,.T.);
#1377=ADVANCED_FACE('',(#204,#81),#1303,.T.);
#1378=ADVANCED_FACE('',(#205,#82),#1304,.T.);
#1379=ADVANCED_FACE('',(#206),#59,.T.);
#1380=ADVANCED_FACE('',(#207,#83),#1305,.T.);
#1381=ADVANCED_FACE('',(#208),#1306,.T.);
#1382=ADVANCED_FACE('',(#209),#60,.T.);
#1383=ADVANCED_FACE('',(#210),#61,.F.);
#1384=ADVANCED_FACE('',(#211),#62,.F.);
#1385=ADVANCED_FACE('',(#212),#1307,.T.);
#1386=ADVANCED_FACE('',(#213,#84),#1308,.T.);
#1387=ADVANCED_FACE('',(#214),#1309,.F.);
#1388=ADVANCED_FACE('',(#215),#63,.F.);
#1389=ADVANCED_FACE('',(#216),#64,.F.);
#1390=ADVANCED_FACE('',(#217),#65,.F.);
#1391=ADVANCED_FACE('',(#218),#1310,.T.);
#1392=ADVANCED_FACE('',(#219),#1311,.T.);
#1393=ADVANCED_FACE('',(#220),#1312,.T.);
#1394=CLOSED_SHELL('',(#1313,#1314,#1315,#1316,#1317,#1318,#1319,#1320,
#1321,#1322,#1323,#1324,#1325,#1326,#1327,#1328,#1329,#1330,#1331,#1332,
#1333,#1334,#1335,#1336,#1337,#1338,#1339,#1340,#1341,#1342,#1343,#1344,
#1345,#1346,#1347,#1348,#1349,#1350,#1351,#1352,#1353,#1354,#1355,#1356,
#1357,#1358,#1359,#1360,#1361,#1362,#1363,#1364,#1365,#1366,#1367,#1368,
#1369,#1370,#1371,#1372,#1373,#1374,#1375,#1376,#1377,#1378,#1379,#1380,
#1381,#1382,#1383,#1384,#1385,#1386,#1387,#1388,#1389,#1390,#1391,#1392,
#1393));
#1395=DERIVED_UNIT_ELEMENT(#1397,1.);
#1396=DERIVED_UNIT_ELEMENT(#2388,-3.);
#1397=(
MASS_UNIT()
NAMED_UNIT(*)
SI_UNIT(.KILO.,.GRAM.)
);
#1398=DERIVED_UNIT((#1395,#1396));
#1399=MEASURE_REPRESENTATION_ITEM('density measure',
POSITIVE_RATIO_MEASURE(7850.),#1398);
#1400=PROPERTY_DEFINITION_REPRESENTATION(#1405,#1402);
#1401=PROPERTY_DEFINITION_REPRESENTATION(#1406,#1403);
#1402=REPRESENTATION('material name',(#1404),#2385);
#1403=REPRESENTATION('density',(#1399),#2385);
#1404=DESCRIPTIVE_REPRESENTATION_ITEM('Steel','Steel');
#1405=PROPERTY_DEFINITION('material property','material name',#2395);
#1406=PROPERTY_DEFINITION('material property','density of part',#2395);
#1407=AXIS2_PLACEMENT_3D('',#1986,#1557,#1558);
#1408=AXIS2_PLACEMENT_3D('',#1987,#1559,#1560);
#1409=AXIS2_PLACEMENT_3D('',#1996,#1565,#1566);
#1410=AXIS2_PLACEMENT_3D('',#2005,#1571,#1572);
#1411=AXIS2_PLACEMENT_3D('',#2008,#1575,#1576);
#1412=AXIS2_PLACEMENT_3D('',#2027,#1587,#1588);
#1413=AXIS2_PLACEMENT_3D('',#2033,#1592,#1593);
#1414=AXIS2_PLACEMENT_3D('',#2039,#1597,#1598);
#1415=AXIS2_PLACEMENT_3D('',#2043,#1601,#1602);
#1416=AXIS2_PLACEMENT_3D('',#2047,#1605,#1606);
#1417=AXIS2_PLACEMENT_3D('',#2049,#1608,#1609);
#1418=AXIS2_PLACEMENT_3D('',#2055,#1613,#1614);
#1419=AXIS2_PLACEMENT_3D('',#2059,#1617,#1618);
#1420=AXIS2_PLACEMENT_3D('',#2063,#1621,#1622);
#1421=AXIS2_PLACEMENT_3D('',#2065,#1624,#1625);
#1422=AXIS2_PLACEMENT_3D('',#2067,#1626,#1627);
#1423=AXIS2_PLACEMENT_3D('',#2068,#1628,#1629);
#1424=AXIS2_PLACEMENT_3D('',#2071,#1630,#1631);
#1425=AXIS2_PLACEMENT_3D('',#2073,#1632,#1633);
#1426=AXIS2_PLACEMENT_3D('',#2074,#1634,#1635);
#1427=AXIS2_PLACEMENT_3D('',#2075,#1636,#1637);
#1428=AXIS2_PLACEMENT_3D('',#2078,#1638,#1639);
#1429=AXIS2_PLACEMENT_3D('',#2081,#1642,#1643);
#1430=AXIS2_PLACEMENT_3D('',#2084,#1644,#1645);
#1431=AXIS2_PLACEMENT_3D('',#2086,#1646,#1647);
#1432=AXIS2_PLACEMENT_3D('',#2087,#1648,#1649);
#1433=AXIS2_PLACEMENT_3D('',#2088,#1650,#1651);
#1434=AXIS2_PLACEMENT_3D('',#2091,#1652,#1653);
#1435=AXIS2_PLACEMENT_3D('',#2094,#1656,#1657);
#1436=AXIS2_PLACEMENT_3D('',#2097,#1660,#1661);
#1437=AXIS2_PLACEMENT_3D('',#2100,#1662,#1663);
#1438=AXIS2_PLACEMENT_3D('',#2102,#1664,#1665);
#1439=AXIS2_PLACEMENT_3D('',#2103,#1666,#1667);
#1440=AXIS2_PLACEMENT_3D('',#2104,#1668,#1669);
#1441=AXIS2_PLACEMENT_3D('',#2107,#1672,#1673);
#1442=AXIS2_PLACEMENT_3D('',#2110,#1674,#1675);
#1443=AXIS2_PLACEMENT_3D('',#2113,#1678,#1679);
#1444=AXIS2_PLACEMENT_3D('',#2116,#1680,#1681);
#1445=AXIS2_PLACEMENT_3D('',#2118,#1682,#1683);
#1446=AXIS2_PLACEMENT_3D('',#2119,#1684,#1685);
#1447=AXIS2_PLACEMENT_3D('',#2120,#1686,#1687);
#1448=AXIS2_PLACEMENT_3D('',#2123,#1690,#1691);
#1449=AXIS2_PLACEMENT_3D('',#2127,#1695,#1696);
#1450=AXIS2_PLACEMENT_3D('',#2130,#1697,#1698);
#1451=AXIS2_PLACEMENT_3D('',#2133,#1701,#1702);
#1452=AXIS2_PLACEMENT_3D('',#2144,#1708,#1709);
#1453=AXIS2_PLACEMENT_3D('',#2146,#1710,#1711);
#1454=AXIS2_PLACEMENT_3D('',#2148,#1712,#1713);
#1455=AXIS2_PLACEMENT_3D('',#2149,#1714,#1715);
#1456=AXIS2_PLACEMENT_3D('',#2155,#1719,#1720);
#1457=AXIS2_PLACEMENT_3D('',#2156,#1721,#1722);
#1458=AXIS2_PLACEMENT_3D('',#2159,#1723,#1724);
#1459=AXIS2_PLACEMENT_3D('',#2161,#1725,#1726);
#1460=AXIS2_PLACEMENT_3D('',#2162,#1727,#1728);
#1461=AXIS2_PLACEMENT_3D('',#2163,#1729,#1730);
#1462=AXIS2_PLACEMENT_3D('',#2166,#1731,#1732);
#1463=AXIS2_PLACEMENT_3D('',#2167,#1733,#1734);
#1464=AXIS2_PLACEMENT_3D('',#2168,#1735,#1736);
#1465=AXIS2_PLACEMENT_3D('',#2169,#1737,#1738);
#1466=AXIS2_PLACEMENT_3D('',#2174,#1740,#1741);
#1467=AXIS2_PLACEMENT_3D('',#2177,#1743,#1744);
#1468=AXIS2_PLACEMENT_3D('',#2178,#1745,#1746);
#1469=AXIS2_PLACEMENT_3D('',#2181,#1747,#1748);
#1470=AXIS2_PLACEMENT_3D('',#2183,#1749,#1750);
#1471=AXIS2_PLACEMENT_3D('',#2184,#1751,#1752);
#1472=AXIS2_PLACEMENT_3D('',#2185,#1753,#1754);
#1473=AXIS2_PLACEMENT_3D('',#2188,#1755,#1756);
#1474=AXIS2_PLACEMENT_3D('',#2189,#1757,#1758);
#1475=AXIS2_PLACEMENT_3D('',#2190,#1759,#1760);
#1476=AXIS2_PLACEMENT_3D('',#2191,#1761,#1762);
#1477=AXIS2_PLACEMENT_3D('',#2194,#1763,#1764);
#1478=AXIS2_PLACEMENT_3D('',#2195,#1765,#1766);
#1479=AXIS2_PLACEMENT_3D('',#2196,#1767,#1768);
#1480=AXIS2_PLACEMENT_3D('',#2197,#1769,#1770);
#1481=AXIS2_PLACEMENT_3D('',#2199,#1772,#1773);
#1482=AXIS2_PLACEMENT_3D('',#2201,#1775,#1776);
#1483=AXIS2_PLACEMENT_3D('',#2207,#1779,#1780);
#1484=AXIS2_PLACEMENT_3D('',#2208,#1781,#1782);
#1485=AXIS2_PLACEMENT_3D('',#2209,#1783,#1784);
#1486=AXIS2_PLACEMENT_3D('',#2214,#1786,#1787);
#1487=AXIS2_PLACEMENT_3D('',#2216,#1788,#1789);
#1488=AXIS2_PLACEMENT_3D('',#2219,#1791,#1792);
#1489=AXIS2_PLACEMENT_3D('',#2220,#1793,#1794);
#1490=AXIS2_PLACEMENT_3D('',#2225,#1797,#1798);
#1491=AXIS2_PLACEMENT_3D('',#2226,#1799,#1800);
#1492=AXIS2_PLACEMENT_3D('',#2229,#1803,#1804);
#1493=AXIS2_PLACEMENT_3D('',#2232,#1806,#1807);
#1494=AXIS2_PLACEMENT_3D('',#2233,#1808,#1809);
#1495=AXIS2_PLACEMENT_3D('',#2236,#1812,#1813);
#1496=AXIS2_PLACEMENT_3D('',#2239,#1816,#1817);
#1497=AXIS2_PLACEMENT_3D('',#2242,#1818,#1819);
#1498=AXIS2_PLACEMENT_3D('',#2245,#1822,#1823);
#1499=AXIS2_PLACEMENT_3D('',#2247,#1825,#1826);
#1500=AXIS2_PLACEMENT_3D('',#2249,#1828,#1829);
#1501=AXIS2_PLACEMENT_3D('',#2255,#1832,#1833);
#1502=AXIS2_PLACEMENT_3D('',#2256,#1834,#1835);
#1503=AXIS2_PLACEMENT_3D('',#2257,#1836,#1837);
#1504=AXIS2_PLACEMENT_3D('',#2260,#1840,#1841);
#1505=AXIS2_PLACEMENT_3D('',#2265,#1844,#1845);
#1506=AXIS2_PLACEMENT_3D('',#2266,#1846,#1847);
#1507=AXIS2_PLACEMENT_3D('',#2269,#1848,#1849);
#1508=AXIS2_PLACEMENT_3D('',#2272,#1852,#1853);
#1509=AXIS2_PLACEMENT_3D('',#2275,#1854,#1855);
#1510=AXIS2_PLACEMENT_3D('',#2276,#1856,#1857);
#1511=AXIS2_PLACEMENT_3D('',#2277,#1858,#1859);
#1512=AXIS2_PLACEMENT_3D('',#2278,#1860,#1861);
#1513=AXIS2_PLACEMENT_3D('',#2281,#1862,#1863);
#1514=AXIS2_PLACEMENT_3D('',#2284,#1866,#1867);
#1515=AXIS2_PLACEMENT_3D('',#2287,#1868,#1869);
#1516=AXIS2_PLACEMENT_3D('',#2288,#1870,#1871);
#1517=AXIS2_PLACEMENT_3D('',#2289,#1872,#1873);
#1518=AXIS2_PLACEMENT_3D('',#2290,#1874,#1875);
#1519=AXIS2_PLACEMENT_3D('',#2293,#1878,#1879);
#1520=AXIS2_PLACEMENT_3D('',#2301,#1884,#1885);
#1521=AXIS2_PLACEMENT_3D('',#2303,#1886,#1887);
#1522=AXIS2_PLACEMENT_3D('',#2304,#1888,#1889);
#1523=AXIS2_PLACEMENT_3D('',#2306,#1891,#1892);
#1524=AXIS2_PLACEMENT_3D('',#2310,#1895,#1896);
#1525=AXIS2_PLACEMENT_3D('',#2313,#1898,#1899);
#1526=AXIS2_PLACEMENT_3D('',#2314,#1900,#1901);
#1527=AXIS2_PLACEMENT_3D('',#2318,#1904,#1905);
#1528=AXIS2_PLACEMENT_3D('',#2321,#1907,#1908);
#1529=AXIS2_PLACEMENT_3D('',#2322,#1909,#1910);
#1530=AXIS2_PLACEMENT_3D('',#2325,#1913,#1914);
#1531=AXIS2_PLACEMENT_3D('',#2327,#1916,#1917);
#1532=AXIS2_PLACEMENT_3D('',#2328,#1918,#1919);
#1533=AXIS2_PLACEMENT_3D('',#2330,#1920,#1921);
#1534=AXIS2_PLACEMENT_3D('',#2331,#1922,#1923);
#1535=AXIS2_PLACEMENT_3D('',#2333,#1924,#1925);
#1536=AXIS2_PLACEMENT_3D('',#2334,#1926,#1927);
#1537=AXIS2_PLACEMENT_3D('',#2337,#1928,#1929);
#1538=AXIS2_PLACEMENT_3D('',#2341,#1931,#1932);
#1539=AXIS2_PLACEMENT_3D('',#2343,#1934,#1935);
#1540=AXIS2_PLACEMENT_3D('',#2348,#1938,#1939);
#1541=AXIS2_PLACEMENT_3D('',#2351,#1941,#1942);
#1542=AXIS2_PLACEMENT_3D('',#2352,#1943,#1944);
#1543=AXIS2_PLACEMENT_3D('',#2356,#1947,#1948);
#1544=AXIS2_PLACEMENT_3D('',#2358,#1949,#1950);
#1545=AXIS2_PLACEMENT_3D('',#2360,#1952,#1953);
#1546=AXIS2_PLACEMENT_3D('',#2362,#1955,#1956);
#1547=AXIS2_PLACEMENT_3D('',#2364,#1957,#1958);
#1548=AXIS2_PLACEMENT_3D('',#2366,#1960,#1961);
#1549=AXIS2_PLACEMENT_3D('',#2369,#1964,#1965);
#1550=AXIS2_PLACEMENT_3D('',#2371,#1967,#1968);
#1551=AXIS2_PLACEMENT_3D('',#2373,#1970,#1971);
#1552=AXIS2_PLACEMENT_3D('',#2375,#1973,#1974);
#1553=AXIS2_PLACEMENT_3D('',#2377,#1976,#1977);
#1554=AXIS2_PLACEMENT_3D('',#2379,#1979,#1980);
#1555=AXIS2_PLACEMENT_3D('',#2380,#1981,#1982);
#1556=AXIS2_PLACEMENT_3D('',#2382,#1984,#1985);
#1557=DIRECTION('axis',(0.,0.,1.));
#1558=DIRECTION('refdir',(1.,0.,0.));
#1559=DIRECTION('center_axis',(-1.,0.,0.));
#1560=DIRECTION('ref_axis',(0.,1.,0.));
#1561=DIRECTION('',(0.,1.,0.));
#1562=DIRECTION('',(0.,0.,1.));
#1563=DIRECTION('',(0.,1.,0.));
#1564=DIRECTION('',(0.,0.,-1.));
#1565=DIRECTION('center_axis',(1.,0.,0.));
#1566=DIRECTION('ref_axis',(0.,-1.,0.));
#1567=DIRECTION('',(0.,-1.,0.));
#1568=DIRECTION('',(0.,0.,1.));
#1569=DIRECTION('',(0.,-1.,0.));
#1570=DIRECTION('',(0.,0.,-1.));
#1571=DIRECTION('center_axis',(0.,0.,-1.));
#1572=DIRECTION('ref_axis',(-1.,0.,0.));
#1573=DIRECTION('',(1.,0.,0.));
#1574=DIRECTION('',(-1.,0.,0.));
#1575=DIRECTION('center_axis',(0.,0.,1.));
#1576=DIRECTION('ref_axis',(1.,0.,0.));
#1577=DIRECTION('',(-1.,0.,0.));
#1578=DIRECTION('',(0.,-1.,0.));
#1579=DIRECTION('',(1.,0.,0.));
#1580=DIRECTION('',(0.,1.,0.));
#1581=DIRECTION('',(-1.,0.,0.));
#1582=DIRECTION('',(1.,0.,0.));
#1583=DIRECTION('',(0.,-1.,0.));
#1584=DIRECTION('',(-1.,0.,0.));
#1585=DIRECTION('',(0.,1.,0.));
#1586=DIRECTION('',(1.,0.,0.));
#1587=DIRECTION('center_axis',(0.,1.,0.));
#1588=DIRECTION('ref_axis',(-1.,0.,0.));
#1589=DIRECTION('',(0.,0.,1.));
#1590=DIRECTION('',(1.,0.,0.));
#1591=DIRECTION('',(0.,0.,1.));
#1592=DIRECTION('center_axis',(0.,-1.,0.));
#1593=DIRECTION('ref_axis',(1.,0.,0.));
#1594=DIRECTION('',(0.,0.,1.));
#1595=DIRECTION('',(-1.,0.,0.));
#1596=DIRECTION('',(0.,0.,1.));
#1597=DIRECTION('center_axis',(1.,0.,0.));
#1598=DIRECTION('ref_axis',(0.,1.,0.));
#1599=DIRECTION('',(0.,-1.,0.));
#1600=DIRECTION('',(0.,0.,1.));
#1601=DIRECTION('center_axis',(0.,1.,0.));
#1602=DIRECTION('ref_axis',(-1.,0.,0.));
#1603=DIRECTION('',(1.,0.,0.));
#1604=DIRECTION('',(0.,0.,1.));
#1605=DIRECTION('center_axis',(-1.,0.,0.));
#1606=DIRECTION('ref_axis',(0.,-1.,0.));
#1607=DIRECTION('',(0.,1.,0.));
#1608=DIRECTION('center_axis',(1.,0.,0.));
#1609=DIRECTION('ref_axis',(0.,1.,0.));
#1610=DIRECTION('',(0.,-1.,0.));
#1611=DIRECTION('',(0.,0.,1.));
#1612=DIRECTION('',(0.,-1.,0.));
#1613=DIRECTION('center_axis',(0.,-1.,0.));
#1614=DIRECTION('ref_axis',(1.,0.,0.));
#1615=DIRECTION('',(-1.,0.,0.));
#1616=DIRECTION('',(0.,0.,1.));
#1617=DIRECTION('center_axis',(-1.,0.,0.));
#1618=DIRECTION('ref_axis',(0.,-1.,0.));
#1619=DIRECTION('',(0.,1.,0.));
#1620=DIRECTION('',(0.,1.,0.));
#1621=DIRECTION('center_axis',(0.,0.,1.));
#1622=DIRECTION('ref_axis',(-1.,0.,0.));
#1623=DIRECTION('',(-1.,0.,0.));
#1624=DIRECTION('center_axis',(0.,0.,1.));
#1625=DIRECTION('ref_axis',(1.,0.,0.));
#1626=DIRECTION('center_axis',(0.,0.,-1.));
#1627=DIRECTION('ref_axis',(1.,0.,0.));
#1628=DIRECTION('center_axis',(-0.816719919712688,-0.408358863520348,-0.407690582830743));
#1629=DIRECTION('ref_axis',(0.577034290787387,-0.577980933807608,-0.57703506601452));
#1630=DIRECTION('center_axis',(1.,4.44089209850064E-15,0.));
#1631=DIRECTION('ref_axis',(0.,0.,-1.));
#1632=DIRECTION('center_axis',(-0.00163918598504508,-0.999998656533751,
0.));
#1633=DIRECTION('ref_axis',(0.999998656533751,-0.00163918598504508,0.));
#1634=DIRECTION('center_axis',(0.,0.,-1.));
#1635=DIRECTION('ref_axis',(0.,-1.,0.));
#1636=DIRECTION('center_axis',(0.00163918598504947,0.999998656533751,0.));
#1637=DIRECTION('ref_axis',(0.707105831212453,-0.00115907952563877,-0.707106781186547));
#1638=DIRECTION('center_axis',(0.707686083650461,0.706527003735507,0.));
#1639=DIRECTION('ref_axis',(0.706527003735507,-0.707686083650461,0.));
#1640=DIRECTION('',(-0.00163918598504947,-0.999998656533751,0.));
#1641=DIRECTION('',(0.00163918598504947,0.999998656533751,0.));
#1642=DIRECTION('center_axis',(0.407724040256605,-0.817019949984367,0.407724794836385));
#1643=DIRECTION('ref_axis',(-0.577719812401893,-0.576609401005172,-0.577720881594891));
#1644=DIRECTION('center_axis',(0.,0.,-1.));
#1645=DIRECTION('ref_axis',(-0.999998149291408,0.0019239058602949,0.));
#1646=DIRECTION('center_axis',(-0.00192390586029489,-0.999998149291408,
0.));
#1647=DIRECTION('ref_axis',(0.,0.,-1.));
#1648=DIRECTION('center_axis',(-1.,0.,-4.44089209850063E-15));
#1649=DIRECTION('ref_axis',(0.,-1.,0.));
#1650=DIRECTION('center_axis',(0.0019239058602956,0.999998149291408,0.));
#1651=DIRECTION('ref_axis',(-0.707105472537953,0.00136040688017906,-0.707106781186547));
#1652=DIRECTION('center_axis',(-0.706426250269517,0.707786657779129,0.));
#1653=DIRECTION('ref_axis',(-0.707786657779129,-0.706426250269517,9.80363360311042E-17));
#1654=DIRECTION('',(-0.0019239058602956,-0.999998149291408,0.));
#1655=DIRECTION('',(0.0019239058602956,0.999998149291408,0.));
#1656=DIRECTION('center_axis',(1.,0.,0.));
#1657=DIRECTION('ref_axis',(0.,-0.707106781186553,-0.707106781186543));
#1658=DIRECTION('',(-1.,0.,0.));
#1659=DIRECTION('',(1.,0.,0.));
#1660=DIRECTION('center_axis',(-0.816719919712689,-0.408358863520348,0.40769058283074));
#1661=DIRECTION('ref_axis',(0.577034290787385,-0.57798093380761,0.577035066014522));
#1662=DIRECTION('center_axis',(1.,0.,4.44089209850063E-15));
#1663=DIRECTION('ref_axis',(0.,-1.,0.));
#1664=DIRECTION('center_axis',(0.,0.,1.));
#1665=DIRECTION('ref_axis',(0.999998656533751,-0.00163918598504509,0.));
#1666=DIRECTION('center_axis',(-0.00163918598504508,-0.999998656533751,
0.));
#1667=DIRECTION('ref_axis',(0.,0.,1.));
#1668=DIRECTION('center_axis',(0.,0.,1.));
#1669=DIRECTION('ref_axis',(0.706527003735512,-0.707686083650456,0.));
#1670=DIRECTION('',(0.,0.,-1.));
#1671=DIRECTION('',(0.,0.,1.));
#1672=DIRECTION('center_axis',(0.00163918598504947,0.999998656533751,0.));
#1673=DIRECTION('ref_axis',(0.707105831212453,-0.00115907952563877,0.707106781186547));
#1674=DIRECTION('center_axis',(0.963014511132865,0.269449533953073,0.));
#1675=DIRECTION('ref_axis',(0.269449533953073,-0.963014511132865,-3.76126535260266E-17));
#1676=DIRECTION('',(-0.00163918598504947,-0.999998656533751,0.));
#1677=DIRECTION('',(0.00163918598504947,0.999998656533751,0.));
#1678=DIRECTION('center_axis',(0.407724040256607,-0.817019949984363,-0.407724794836391));
#1679=DIRECTION('ref_axis',(-0.57771981240189,-0.576609401005174,0.577720881594892));
#1680=DIRECTION('center_axis',(-0.00192390586029489,-0.999998149291408,
0.));
#1681=DIRECTION('ref_axis',(-0.999998149291408,0.00192390586029489,0.));
#1682=DIRECTION('center_axis',(0.,0.,1.));
#1683=DIRECTION('ref_axis',(0.,-1.,0.));
#1684=DIRECTION('center_axis',(-1.,4.44089209850064E-15,0.));
#1685=DIRECTION('ref_axis',(0.,0.,1.));
#1686=DIRECTION('center_axis',(0.,0.,1.));
#1687=DIRECTION('ref_axis',(-0.707786657779122,-0.706426250269524,0.));
#1688=DIRECTION('',(0.,0.,-1.));
#1689=DIRECTION('',(0.,0.,1.));
#1690=DIRECTION('center_axis',(1.,0.,0.));
#1691=DIRECTION('ref_axis',(0.,-0.707106781186553,0.707106781186542));
#1692=DIRECTION('',(-1.,0.,0.));
#1693=DIRECTION('',(-1.,0.,0.));
#1694=DIRECTION('',(1.,0.,0.));
#1695=DIRECTION('center_axis',(-0.0019239058602956,-0.999998149291408,0.));
#1696=DIRECTION('ref_axis',(-0.707105472537953,0.00136040688017906,0.707106781186547));
#1697=DIRECTION('center_axis',(-0.963014511132865,0.269449533953077,0.));
#1698=DIRECTION('ref_axis',(-0.269449533953076,-0.963014511132865,0.));
#1699=DIRECTION('',(-0.0019239058602956,-0.999998149291408,0.));
#1700=DIRECTION('',(0.0019239058602956,0.999998149291408,0.));
#1701=DIRECTION('center_axis',(0.,0.,1.));
#1702=DIRECTION('ref_axis',(1.,0.,0.));
#1703=DIRECTION('',(1.,0.,0.));
#1704=DIRECTION('',(1.,0.,0.));
#1705=DIRECTION('',(-0.269449533953076,-0.963014511132865,0.));
#1706=DIRECTION('',(-1.,0.,0.));
#1707=DIRECTION('',(-0.269449533953073,0.963014511132865,0.));
#1708=DIRECTION('center_axis',(0.,0.,-1.));
#1709=DIRECTION('ref_axis',(1.,0.,0.));
#1710=DIRECTION('center_axis',(0.,0.,-1.));
#1711=DIRECTION('ref_axis',(1.,0.,0.));
#1712=DIRECTION('center_axis',(0.,0.,-1.));
#1713=DIRECTION('ref_axis',(1.,0.,0.));
#1714=DIRECTION('center_axis',(-0.999998149291408,0.0019239058602956,0.));
#1715=DIRECTION('ref_axis',(-0.0019239058602956,-0.999998149291408,0.));
#1716=DIRECTION('',(0.,0.,-1.));
#1717=DIRECTION('',(-0.0019239058602956,-0.999998149291408,0.));
#1718=DIRECTION('',(0.,0.,1.));
#1719=DIRECTION('center_axis',(0.,-1.,0.));
#1720=DIRECTION('ref_axis',(1.,0.,0.));
#1721=DIRECTION('center_axis',(0.503151339464501,0.283146716259267,-0.81649658092773));
#1722=DIRECTION('ref_axis',(-0.711563448196898,-0.400429926275265,-0.57735026918962));
#1723=DIRECTION('center_axis',(2.99149076569228E-16,1.06916088330785E-15,
-1.));
#1724=DIRECTION('ref_axis',(-0.963014511132864,0.269449533953079,0.));
#1725=DIRECTION('center_axis',(-0.269449533953045,-0.963014511132873,0.));
#1726=DIRECTION('ref_axis',(0.,0.,-1.));
#1727=DIRECTION('center_axis',(-0.963014511132864,0.26944953395308,4.27664353323138E-15));
#1728=DIRECTION('ref_axis',(-0.26944953395308,-0.963014511132863,0.));
#1729=DIRECTION('center_axis',(0.323022487708145,-0.884954355548859,0.335428473791276));
#1730=DIRECTION('ref_axis',(-0.613858280972315,-0.465677773353106,-0.637434092504165));
#1731=DIRECTION('center_axis',(0.,0.,-1.));
#1732=DIRECTION('ref_axis',(-0.963014511132864,0.269449533953079,0.));
#1733=DIRECTION('center_axis',(-0.269449533953087,-0.963014511132861,0.));
#1734=DIRECTION('ref_axis',(0.,0.,-1.));
#1735=DIRECTION('center_axis',(-1.,0.,4.44089209850063E-15));
#1736=DIRECTION('ref_axis',(0.,-1.,0.));
#1737=DIRECTION('center_axis',(-0.269449533953076,-0.963014511132865,0.));
#1738=DIRECTION('ref_axis',(-0.680954091203094,0.190529592645778,0.707106781186549));
#1739=DIRECTION('',(-0.269449533953076,-0.963014511132865,0.));
#1740=DIRECTION('center_axis',(-0.269449533953075,-0.963014511132865,0.));
#1741=DIRECTION('ref_axis',(-0.680954091203094,0.190529592645778,0.707106781186549));
#1742=DIRECTION('',(0.269449533953076,0.963014511132865,0.));
#1743=DIRECTION('center_axis',(-0.796696157249762,-0.604380040225902,0.));
#1744=DIRECTION('ref_axis',(-0.604380040225902,0.796696157249762,0.));
#1745=DIRECTION('center_axis',(-0.859035483183256,0.402132331919676,0.316776934540623));
#1746=DIRECTION('ref_axis',(0.511916046468665,0.674809755305008,0.531576669458966));
#1747=DIRECTION('center_axis',(-0.269449533953071,0.963014511132866,0.));
#1748=DIRECTION('ref_axis',(0.963014511132866,0.269449533953071,0.));
#1749=DIRECTION('center_axis',(0.,0.,1.));
#1750=DIRECTION('ref_axis',(0.,1.,0.));
#1751=DIRECTION('center_axis',(1.,4.44089209850064E-15,0.));
#1752=DIRECTION('ref_axis',(0.,0.,1.));
#1753=DIRECTION('center_axis',(-0.859035483183258,0.402132331919673,-0.31677693454062));
#1754=DIRECTION('ref_axis',(0.511916046468664,0.674809755305007,-0.531576669458968));
#1755=DIRECTION('center_axis',(0.,0.,-1.));
#1756=DIRECTION('ref_axis',(0.963014511132867,0.269449533953069,0.));
#1757=DIRECTION('center_axis',(-0.269449533953071,0.963014511132866,0.));
#1758=DIRECTION('ref_axis',(0.,0.,-1.));
#1759=DIRECTION('center_axis',(1.,0.,2.22044604925031E-15));
#1760=DIRECTION('ref_axis',(0.,1.,0.));
#1761=DIRECTION('center_axis',(-0.323022487708148,-0.884954355548857,0.33542847379128));
#1762=DIRECTION('ref_axis',(0.613858280972312,-0.465677773353107,-0.637434092504166));
#1763=DIRECTION('center_axis',(0.,0.,-1.));
#1764=DIRECTION('ref_axis',(0.,-1.,0.));
#1765=DIRECTION('center_axis',(1.,-8.88178419700136E-15,0.));
#1766=DIRECTION('ref_axis',(0.,0.,-1.));
#1767=DIRECTION('center_axis',(0.269449533953071,-0.963014511132866,9.74988337273964E-15));
#1768=DIRECTION('ref_axis',(0.963014511132866,0.269449533953071,0.));
#1769=DIRECTION('center_axis',(1.,0.,0.));
#1770=DIRECTION('ref_axis',(0.,-0.707106781186546,-0.707106781186549));
#1771=DIRECTION('',(-1.,0.,0.));
#1772=DIRECTION('center_axis',(-0.269449533953073,0.963014511132865,0.));
#1773=DIRECTION('ref_axis',(0.680954091203094,0.190529592645778,-0.707106781186549));
#1774=DIRECTION('',(0.269449533953073,-0.963014511132865,0.));
#1775=DIRECTION('center_axis',(0.,0.,1.));
#1776=DIRECTION('ref_axis',(0.796696157249759,-0.604380040225906,0.));
#1777=DIRECTION('',(0.,0.,-1.));
#1778=DIRECTION('',(0.,0.,1.));
#1779=DIRECTION('center_axis',(-0.19052959264577,0.680954091203097,-0.707106781186548));
#1780=DIRECTION('ref_axis',(0.19052959264577,-0.680954091203099,-0.707106781186547));
#1781=DIRECTION('center_axis',(0.,0.,-1.));
#1782=DIRECTION('ref_axis',(0.796696157249759,-0.604380040225906,0.));
#1783=DIRECTION('center_axis',(0.269449533953073,-0.963014511132865,0.));
#1784=DIRECTION('ref_axis',(-0.680954091203097,-0.190529592645765,-0.707106781186549));
#1785=DIRECTION('',(-0.269449533953073,0.963014511132865,0.));
#1786=DIRECTION('center_axis',(-0.999998656533751,0.00163918598504947,0.));
#1787=DIRECTION('ref_axis',(-0.0016391859850495,-0.999998656533751,1.88063267630133E-17));
#1788=DIRECTION('center_axis',(0.,1.,0.));
#1789=DIRECTION('ref_axis',(-1.,0.,-2.67290220826962E-16));
#1790=DIRECTION('',(0.269449533953073,-0.963014511132865,0.));
#1791=DIRECTION('center_axis',(-0.871483683848871,0.490424498557322,0.));
#1792=DIRECTION('ref_axis',(0.490424498557322,0.871483683848871,0.));
#1793=DIRECTION('center_axis',(0.963014511132865,0.269449533953074,0.));
#1794=DIRECTION('ref_axis',(0.190529592645779,-0.680954091203087,-0.707106781186555));
#1795=DIRECTION('',(-0.963014511132865,-0.269449533953074,0.));
#1796=DIRECTION('',(0.963014511132865,0.269449533953074,0.));
#1797=DIRECTION('center_axis',(-0.490424498557326,-0.871483683848869,2.17792228055436E-15));
#1798=DIRECTION('ref_axis',(-0.871483683848869,0.490424498557326,-2.17792228055437E-15));
#1799=DIRECTION('center_axis',(0.269449533953073,-0.963014511132865,0.));
#1800=DIRECTION('ref_axis',(0.680954091203098,0.190529592645777,-0.707106781186546));
#1801=DIRECTION('',(0.269449533953073,-0.963014511132865,0.));
#1802=DIRECTION('',(-0.269449533953073,0.963014511132865,0.));
#1803=DIRECTION('center_axis',(-1.,0.,0.));
#1804=DIRECTION('ref_axis',(0.,0.707106781186546,-0.707106781186549));
#1805=DIRECTION('',(1.,0.,0.));
#1806=DIRECTION('center_axis',(0.796696157249762,0.604380040225902,0.));
#1807=DIRECTION('ref_axis',(0.604380040225902,-0.796696157249762,0.));
#1808=DIRECTION('center_axis',(0.,0.,1.));
#1809=DIRECTION('ref_axis',(0.60438004022591,0.796696157249756,0.));
#1810=DIRECTION('',(0.,0.,-1.));
#1811=DIRECTION('',(0.,0.,1.));
#1812=DIRECTION('center_axis',(-1.,0.,0.));
#1813=DIRECTION('ref_axis',(0.,0.707106781186546,0.707106781186549));
#1814=DIRECTION('',(1.,0.,0.));
#1815=DIRECTION('',(-1.,0.,0.));
#1816=DIRECTION('center_axis',(-0.269449533953073,0.963014511132865,0.));
#1817=DIRECTION('ref_axis',(0.680954091203094,0.190529592645778,0.707106781186549));
#1818=DIRECTION('center_axis',(0.269449533953072,-0.963014511132866,0.));
#1819=DIRECTION('ref_axis',(0.680954091203094,0.190529592645778,0.707106781186549));
#1820=DIRECTION('',(-0.269449533953073,0.963014511132865,0.));
#1821=DIRECTION('',(0.269449533953073,-0.963014511132865,0.));
#1822=DIRECTION('center_axis',(0.269449533953076,0.963014511132865,0.));
#1823=DIRECTION('ref_axis',(-0.680954091203094,0.190529592645778,-0.707106781186549));
#1824=DIRECTION('',(0.269449533953076,0.963014511132865,0.));
#1825=DIRECTION('center_axis',(1.,0.,0.));
#1826=DIRECTION('ref_axis',(0.,-0.707106781186546,-0.707106781186549));
#1827=DIRECTION('',(-1.,0.,0.));
#1828=DIRECTION('center_axis',(0.,0.,1.));
#1829=DIRECTION('ref_axis',(-0.796696157249763,-0.6043800402259,0.));
#1830=DIRECTION('',(0.,0.,-1.));
#1831=DIRECTION('',(0.,0.,1.));
#1832=DIRECTION('center_axis',(0.,0.,-1.));
#1833=DIRECTION('ref_axis',(-0.796696157249763,-0.6043800402259,0.));
#1834=DIRECTION('center_axis',(0.190529592645777,0.680954091203096,-0.707106781186548));
#1835=DIRECTION('ref_axis',(-0.190529592645777,-0.680954091203096,-0.707106781186547));
#1836=DIRECTION('center_axis',(-0.269449533953076,-0.963014511132865,0.));
#1837=DIRECTION('ref_axis',(-0.680954091203093,0.190529592645777,-0.70710678118655));
#1838=DIRECTION('',(0.269449533953076,0.963014511132865,0.));
#1839=DIRECTION('',(0.269449533953076,0.963014511132865,0.));
#1840=DIRECTION('center_axis',(0.963014511132864,-0.269449533953079,0.));
#1841=DIRECTION('ref_axis',(-0.190529592645782,-0.6809540912031,-0.707106781186542));
#1842=DIRECTION('',(-0.963014511132864,0.269449533953079,0.));
#1843=DIRECTION('',(0.963014511132864,-0.269449533953079,0.));
#1844=DIRECTION('center_axis',(-0.680954091203104,0.190529592645821,-0.707106781186528));
#1845=DIRECTION('ref_axis',(-0.680954091203087,0.190529592645733,0.707106781186568));
#1846=DIRECTION('center_axis',(0.,0.,1.));
#1847=DIRECTION('ref_axis',(-0.87148368384887,-0.490424498557325,0.));
#1848=DIRECTION('center_axis',(0.,0.,-1.));
#1849=DIRECTION('ref_axis',(-0.26944953395308,-0.963014511132863,0.));
#1850=DIRECTION('',(0.,0.,-1.));
#1851=DIRECTION('',(0.,0.,1.));
#1852=DIRECTION('center_axis',(0.269449533953079,0.963014511132864,0.));
#1853=DIRECTION('ref_axis',(0.,0.,1.));
#1854=DIRECTION('center_axis',(-0.963014511132863,0.26944953395308,0.));
#1855=DIRECTION('ref_axis',(-0.26944953395308,-0.963014511132863,0.));
#1856=DIRECTION('center_axis',(-0.269449533953079,-0.963014511132864,0.));
#1857=DIRECTION('ref_axis',(-0.680954091203095,0.190529592645777,0.707106781186548));
#1858=DIRECTION('center_axis',(0.269449533953079,0.963014511132864,0.));
#1859=DIRECTION('ref_axis',(-0.680954091203095,0.190529592645777,0.707106781186548));
#1860=DIRECTION('center_axis',(0.963014511132864,-0.269449533953079,0.));
#1861=DIRECTION('ref_axis',(-0.190529592645776,-0.6809540912031,0.707106781186544));
#1862=DIRECTION('center_axis',(-0.963014511132865,0.269449533953076,0.));
#1863=DIRECTION('ref_axis',(-0.269449533953076,-0.963014511132865,0.));
#1864=DIRECTION('',(-0.963014511132864,0.269449533953079,0.));
#1865=DIRECTION('',(0.963014511132864,-0.269449533953079,0.));
#1866=DIRECTION('center_axis',(0.269449533953079,0.963014511132864,0.));
#1867=DIRECTION('ref_axis',(0.,0.,1.));
#1868=DIRECTION('center_axis',(0.,0.,1.));
#1869=DIRECTION('ref_axis',(-0.26944953395308,-0.963014511132863,0.));
#1870=DIRECTION('center_axis',(-0.269449533953079,-0.963014511132864,0.));
#1871=DIRECTION('ref_axis',(0.680954091203096,-0.190529592645777,0.707106781186547));
#1872=DIRECTION('center_axis',(0.269449533953079,0.963014511132864,0.));
#1873=DIRECTION('ref_axis',(0.680954091203096,-0.190529592645777,0.707106781186547));
#1874=DIRECTION('center_axis',(0.,0.,1.));
#1875=DIRECTION('ref_axis',(0.490424498557317,-0.871483683848874,0.));
#1876=DIRECTION('',(0.,0.,1.));
#1877=DIRECTION('',(0.,0.,-1.));
#1878=DIRECTION('center_axis',(0.,0.,1.));
#1879=DIRECTION('ref_axis',(1.,0.,0.));
#1880=DIRECTION('',(-0.269449533953073,0.963014511132865,0.));
#1881=DIRECTION('',(0.963014511132866,0.269449533953072,0.));
#1882=DIRECTION('',(0.963014511132865,-0.269449533953075,0.));
#1883=DIRECTION('',(-0.269449533953077,-0.963014511132865,0.));
#1884=DIRECTION('center_axis',(0.,0.,-1.));
#1885=DIRECTION('ref_axis',(1.,0.,0.));
#1886=DIRECTION('center_axis',(0.,0.,-1.));
#1887=DIRECTION('ref_axis',(1.,0.,0.));
#1888=DIRECTION('center_axis',(0.,1.,0.));
#1889=DIRECTION('ref_axis',(-1.,0.,0.));
#1890=DIRECTION('',(0.,0.,1.));
#1891=DIRECTION('center_axis',(-0.963014511132865,0.269449533953076,0.));
#1892=DIRECTION('ref_axis',(-0.269449533953076,-0.963014511132865,0.));
#1893=DIRECTION('',(0.,0.,1.));
#1894=DIRECTION('',(-0.269449533953076,-0.963014511132865,0.));
#1895=DIRECTION('center_axis',(-0.269449533953076,-0.963014511132865,0.));
#1896=DIRECTION('ref_axis',(-0.680954091203097,0.190529592645777,0.707106781186546));
#1897=DIRECTION('',(0.269449533953076,0.963014511132865,0.));
#1898=DIRECTION('center_axis',(-0.269449533953075,-0.963014511132865,0.));
#1899=DIRECTION('ref_axis',(-0.680954091203097,0.190529592645777,0.707106781186546));
#1900=DIRECTION('center_axis',(0.,0.,1.));
#1901=DIRECTION('ref_axis',(1.,0.,0.));
#1902=DIRECTION('',(-0.269449533953077,-0.963014511132865,0.));
#1903=DIRECTION('',(-0.963014511132865,0.269449533953075,0.));
#1904=DIRECTION('center_axis',(0.269449533953077,0.963014511132865,0.));
#1905=DIRECTION('ref_axis',(0.680954091203097,-0.190529592645777,0.707106781186546));
#1906=DIRECTION('',(0.269449533953077,0.963014511132865,0.));
#1907=DIRECTION('center_axis',(-0.269449533953075,-0.963014511132865,0.));
#1908=DIRECTION('ref_axis',(0.680954091203097,-0.190529592645777,0.707106781186546));
#1909=DIRECTION('center_axis',(0.963014511132865,-0.269449533953077,0.));
#1910=DIRECTION('ref_axis',(0.269449533953077,0.963014511132865,0.));
#1911=DIRECTION('',(-0.269449533953077,-0.963014511132865,0.));
#1912=DIRECTION('',(0.,0.,1.));
#1913=DIRECTION('center_axis',(0.,0.,1.));
#1914=DIRECTION('ref_axis',(-1.,0.,0.));
#1915=DIRECTION('',(1.,0.,0.));
#1916=DIRECTION('center_axis',(0.,-1.,0.));
#1917=DIRECTION('ref_axis',(1.,0.,0.));
#1918=DIRECTION('center_axis',(-0.269449533953079,-0.963014511132864,0.));
#1919=DIRECTION('ref_axis',(0.963014511132864,-0.269449533953079,0.));
#1920=DIRECTION('center_axis',(0.269449533953079,0.963014511132864,0.));
#1921=DIRECTION('ref_axis',(-0.963014511132865,0.269449533953075,0.));
#1922=DIRECTION('center_axis',(0.269449533953075,0.963014511132865,0.));
#1923=DIRECTION('ref_axis',(-0.963014511132865,0.269449533953075,0.));
#1924=DIRECTION('center_axis',(-0.269449533953075,-0.963014511132865,0.));
#1925=DIRECTION('ref_axis',(-0.963014511132865,0.269449533953075,0.));
#1926=DIRECTION('center_axis',(-0.269449533953073,0.963014511132865,0.));
#1927=DIRECTION('ref_axis',(0.680954091203096,0.190529592645777,0.707106781186547));
#1928=DIRECTION('center_axis',(0.269449533953072,-0.963014511132866,0.));
#1929=DIRECTION('ref_axis',(0.680954091203096,0.190529592645777,0.707106781186547));
#1930=DIRECTION('',(0.269449533953073,-0.963014511132865,0.));
#1931=DIRECTION('center_axis',(-0.269449533953074,0.963014511132865,0.));
#1932=DIRECTION('ref_axis',(0.680954091203096,0.190529592645777,0.707106781186547));
#1933=DIRECTION('',(-0.269449533953073,0.963014511132865,0.));
#1934=DIRECTION('center_axis',(0.269449533953074,-0.963014511132865,0.));
#1935=DIRECTION('ref_axis',(0.963014511132865,0.269449533953074,0.));
#1936=DIRECTION('',(0.,0.,1.));
#1937=DIRECTION('',(0.963014511132865,0.269449533953074,0.));
#1938=DIRECTION('center_axis',(-0.269449533953074,0.963014511132865,0.));
#1939=DIRECTION('ref_axis',(-0.680954091203097,-0.190529592645773,0.707106781186548));
#1940=DIRECTION('',(0.,0.,1.));
#1941=DIRECTION('center_axis',(-0.269449533953074,0.963014511132865,0.));
#1942=DIRECTION('ref_axis',(-0.963014511132866,-0.269449533953072,0.));
#1943=DIRECTION('center_axis',(0.,0.,1.));
#1944=DIRECTION('ref_axis',(1.,0.,0.));
#1945=DIRECTION('',(-0.963014511132866,-0.269449533953072,0.));
#1946=DIRECTION('',(-0.269449533953073,0.963014511132865,0.));
#1947=DIRECTION('center_axis',(0.269449533953073,-0.963014511132865,0.));
#1948=DIRECTION('ref_axis',(-0.680954091203097,-0.190529592645773,0.707106781186548));
#1949=DIRECTION('center_axis',(0.269449533953072,-0.963014511132866,0.));
#1950=DIRECTION('ref_axis',(-0.680954091203097,-0.190529592645773,0.707106781186548));
#1951=DIRECTION('',(0.269449533953073,-0.963014511132865,0.));
#1952=DIRECTION('center_axis',(-0.269449533953075,-0.963014511132865,0.));
#1953=DIRECTION('ref_axis',(-0.963014511132865,0.269449533953075,0.));
#1954=DIRECTION('',(-0.269449533953075,-0.963014511132865,0.));
#1955=DIRECTION('center_axis',(0.269449533953072,-0.963014511132866,0.));
#1956=DIRECTION('ref_axis',(-0.963014511132866,-0.269449533953072,0.));
#1957=DIRECTION('center_axis',(0.269449533953072,-0.963014511132866,0.));
#1958=DIRECTION('ref_axis',(-0.963014511132866,-0.269449533953072,0.));
#1959=DIRECTION('',(0.269449533953072,-0.963014511132866,0.));
#1960=DIRECTION('center_axis',(-0.963014511132865,-0.269449533953073,0.));
#1961=DIRECTION('ref_axis',(0.269449533953073,-0.963014511132865,0.));
#1962=DIRECTION('',(0.,0.,1.));
#1963=DIRECTION('',(0.,0.,-1.));
#1964=DIRECTION('center_axis',(-0.269449533953072,0.963014511132866,0.));
#1965=DIRECTION('ref_axis',(-0.963014511132866,-0.269449533953072,0.));
#1966=DIRECTION('',(0.,0.,1.));
#1967=DIRECTION('center_axis',(0.,0.,1.));
#1968=DIRECTION('ref_axis',(-1.,0.,0.));
#1969=DIRECTION('',(1.,0.,0.));
#1970=DIRECTION('center_axis',(0.,0.,1.));
#1971=DIRECTION('ref_axis',(1.,0.,0.));
#1972=DIRECTION('',(0.,0.,-1.));
#1973=DIRECTION('center_axis',(0.,0.,1.));
#1974=DIRECTION('ref_axis',(1.,0.,0.));
#1975=DIRECTION('',(0.,0.,-1.));
#1976=DIRECTION('center_axis',(0.,0.,1.));
#1977=DIRECTION('ref_axis',(1.,0.,0.));
#1978=DIRECTION('',(0.,0.,-1.));
#1979=DIRECTION('center_axis',(0.963014511132865,0.269449533953073,0.));
#1980=DIRECTION('ref_axis',(-0.269449533953073,0.963014511132865,0.));
#1981=DIRECTION('center_axis',(0.,-1.,0.));
#1982=DIRECTION('ref_axis',(1.,0.,0.));
#1983=DIRECTION('',(0.,0.,1.));
#1984=DIRECTION('center_axis',(0.999998656533751,-0.00163918598504947,0.));
#1985=DIRECTION('ref_axis',(0.00163918598504947,0.999998656533751,0.));
#1986=CARTESIAN_POINT('',(0.,0.,0.));
#1987=CARTESIAN_POINT('Origin',(-5.5,-73.1537605387303,14.5));
#1988=CARTESIAN_POINT('',(-5.5,-73.1537605387303,14.5));
#1989=CARTESIAN_POINT('',(-5.5,-72.1537605387303,14.5));
#1990=CARTESIAN_POINT('',(-5.5,-81.0287605387303,14.5));
#1991=CARTESIAN_POINT('',(-5.5,-73.1537605387303,10.));
#1992=CARTESIAN_POINT('',(-5.5,-73.1537605387303,9.75));
#1993=CARTESIAN_POINT('',(-5.5,-72.1537605387303,10.));
#1994=CARTESIAN_POINT('',(-5.5,-73.1537605387303,10.));
#1995=CARTESIAN_POINT('',(-5.5,-72.1537605387303,9.75));
#1996=CARTESIAN_POINT('Origin',(5.5,-72.1537605387303,14.5));
#1997=CARTESIAN_POINT('',(5.5,-72.1537605387303,14.5));
#1998=CARTESIAN_POINT('',(5.5,-73.1537605387303,14.5));
#1999=CARTESIAN_POINT('',(5.5,-80.5287605387303,14.5));
#2000=CARTESIAN_POINT('',(5.5,-72.1537605387303,10.));
#2001=CARTESIAN_POINT('',(5.5,-72.1537605387303,9.75));
#2002=CARTESIAN_POINT('',(5.5,-73.1537605387303,10.));
#2003=CARTESIAN_POINT('',(5.5,-72.1537605387303,10.));
#2004=CARTESIAN_POINT('',(5.5,-73.1537605387303,9.75));
#2005=CARTESIAN_POINT('Origin',(0.,-72.6537605387303,10.));
#2006=CARTESIAN_POINT('',(6.875,-72.1537605387303,10.));
#2007=CARTESIAN_POINT('',(-6.375,-73.1537605387303,10.));
#2008=CARTESIAN_POINT('Origin',(2.22044604925031E-15,-88.9037605387303,
14.5));
#2009=CARTESIAN_POINT('',(-13.75,-72.1537605387303,14.5));
#2010=CARTESIAN_POINT('',(-13.75,-72.1537605387303,14.5));
#2011=CARTESIAN_POINT('',(-13.75,-105.65376053873,14.5));
#2012=CARTESIAN_POINT('',(-13.75,-105.65376053873,14.5));
#2013=CARTESIAN_POINT('',(13.75,-105.65376053873,14.5));
#2014=CARTESIAN_POINT('',(13.75,-105.65376053873,14.5));
#2015=CARTESIAN_POINT('',(13.75,-72.1537605387303,14.5));
#2016=CARTESIAN_POINT('',(13.75,-72.1537605387303,14.5));
#2017=CARTESIAN_POINT('',(-13.75,-72.1537605387303,14.5));
#2018=CARTESIAN_POINT('',(12.75,-73.1537605387303,14.5));
#2019=CARTESIAN_POINT('',(-12.75,-73.1537605387303,14.5));
#2020=CARTESIAN_POINT('',(12.75,-104.65376053873,14.5));
#2021=CARTESIAN_POINT('',(12.75,-104.65376053873,14.5));
#2022=CARTESIAN_POINT('',(-12.75,-104.65376053873,14.5));
#2023=CARTESIAN_POINT('',(12.75,-104.65376053873,14.5));
#2024=CARTESIAN_POINT('',(-12.75,-73.1537605387303,14.5));
#2025=CARTESIAN_POINT('',(-12.75,-104.65376053873,14.5));
#2026=CARTESIAN_POINT('',(-12.75,-73.1537605387303,14.5));
#2027=CARTESIAN_POINT('Origin',(13.75,-72.1537605387303,5.));
#2028=CARTESIAN_POINT('',(13.75,-72.1537605387303,5.));
#2029=CARTESIAN_POINT('',(13.75,-72.1537605387303,5.));
#2030=CARTESIAN_POINT('',(-13.75,-72.1537605387303,5.));
#2031=CARTESIAN_POINT('',(6.87499999999999,-72.1537605387303,5.));
#2032=CARTESIAN_POINT('',(-13.75,-72.1537605387303,5.));
#2033=CARTESIAN_POINT('Origin',(-12.75,-73.1537605387303,5.));
#2034=CARTESIAN_POINT('',(-12.75,-73.1537605387303,5.));
#2035=CARTESIAN_POINT('',(-12.75,-73.1537605387303,5.));
#2036=CARTESIAN_POINT('',(12.75,-73.1537605387303,5.));
#2037=CARTESIAN_POINT('',(-6.37500000000001,-73.1537605387303,5.));
#2038=CARTESIAN_POINT('',(12.75,-73.1537605387303,5.));
#2039=CARTESIAN_POINT('Origin',(-12.75,-104.65376053873,5.));
#2040=CARTESIAN_POINT('',(-12.75,-104.65376053873,5.));
#2041=CARTESIAN_POINT('',(-12.75,-94.4518807797299,5.));
#2042=CARTESIAN_POINT('',(-12.75,-104.65376053873,5.));
#2043=CARTESIAN_POINT('Origin',(12.75,-104.65376053873,5.));
#2044=CARTESIAN_POINT('',(12.75,-104.65376053873,5.));
#2045=CARTESIAN_POINT('',(6.37499999999999,-104.65376053873,5.));
#2046=CARTESIAN_POINT('',(12.75,-104.65376053873,5.));
#2047=CARTESIAN_POINT('Origin',(12.75,-73.1537605387303,5.));
#2048=CARTESIAN_POINT('',(12.75,-78.7018807797299,5.));
#2049=CARTESIAN_POINT('Origin',(13.75,-105.65376053873,5.));
#2050=CARTESIAN_POINT('',(13.75,-105.500001117587,5.));
#2051=CARTESIAN_POINT('',(13.75,-94.9518807797299,5.));
#2052=CARTESIAN_POINT('',(13.75,-105.65376053873,5.));
#2053=CARTESIAN_POINT('',(13.75,-105.65376053873,5.));
#2054=CARTESIAN_POINT('',(13.75,-72.1537605387303,5.));
#2055=CARTESIAN_POINT('Origin',(-13.75,-105.65376053873,5.));
#2056=CARTESIAN_POINT('',(-13.75,-105.65376053873,5.));
#2057=CARTESIAN_POINT('',(13.75,-105.65376053873,5.));
#2058=CARTESIAN_POINT('',(-13.75,-105.65376053873,5.));
#2059=CARTESIAN_POINT('Origin',(-13.75,-72.1537605387303,5.));
#2060=CARTESIAN_POINT('',(-13.75,-105.500001117587,5.));
#2061=CARTESIAN_POINT('',(-13.75,-105.65376053873,5.));
#2062=CARTESIAN_POINT('',(-13.75,-78.2018807797299,5.));
#2063=CARTESIAN_POINT('Origin',(2.22044604925031E-15,-88.9037605387303,
5.));
#2064=CARTESIAN_POINT('',(-8.75000000000001,-105.500001117587,5.));
#2065=CARTESIAN_POINT('Origin',(-2.66453525910038E-14,-84.2500010207295,
5.));
#2066=CARTESIAN_POINT('',(-1.5,-75.0000011175871,5.));
#2067=CARTESIAN_POINT('Origin',(0.,-75.0000011175871,5.));
#2068=CARTESIAN_POINT('Origin',(16.5016378447192,-105.500001117587,1.));
#2069=CARTESIAN_POINT('',(16.5016378447192,-105.500001117587,0.));
#2070=CARTESIAN_POINT('',(16.5016378447192,-106.500001117587,1.));
#2071=CARTESIAN_POINT('Origin',(16.5016378447192,-105.500001117587,1.));
#2072=CARTESIAN_POINT('',(17.5016365012529,-105.501640303572,1.));
#2073=CARTESIAN_POINT('Origin',(16.5016378447192,-105.500001117587,1.));
#2074=CARTESIAN_POINT('Origin',(16.5016378447192,-105.500001117587,1.));
#2075=CARTESIAN_POINT('Origin',(16.5182137524864,-95.3877346333774,1.));
#2076=CARTESIAN_POINT('',(16.5450763335131,-79.,0.));
#2077=CARTESIAN_POINT('',(17.5434384887939,-80.,1.));
#2078=CARTESIAN_POINT('Origin',(16.5450763335131,-79.,1.));
#2079=CARTESIAN_POINT('',(17.5182124090201,-95.3893738193624,1.));
#2080=CARTESIAN_POINT('',(16.5182137524864,-95.3877346333774,0.));
#2081=CARTESIAN_POINT('Origin',(-16.4980742398671,-105.500001117587,1.));
#2082=CARTESIAN_POINT('',(-17.4980723891585,-105.498077211727,1.));
#2083=CARTESIAN_POINT('',(-16.4980742398671,-106.500001117587,1.));
#2084=CARTESIAN_POINT('Origin',(-16.4980742398671,-105.500001117587,1.));
#2085=CARTESIAN_POINT('',(-16.4980742398671,-105.500001117587,0.));
#2086=CARTESIAN_POINT('Origin',(-16.4980742398671,-105.500001117587,1.));
#2087=CARTESIAN_POINT('Origin',(-16.4980742398671,-105.500001117587,1.));
#2088=CARTESIAN_POINT('Origin',(-16.4530742492589,-82.1101314493309,1.));
#2089=CARTESIAN_POINT('',(-17.4490163981962,-80.,1.));
#2090=CARTESIAN_POINT('',(-16.4470906380633,-79.,0.));
#2091=CARTESIAN_POINT('Origin',(-16.4470906380633,-79.,1.));
#2092=CARTESIAN_POINT('',(-16.4530742492589,-82.1101314493309,0.));
#2093=CARTESIAN_POINT('',(-17.4530723985503,-82.1082075434706,1.));
#2094=CARTESIAN_POINT('Origin',(-8.75000000000001,-105.500001117587,1.));
#2095=CARTESIAN_POINT('',(-8.75000000000001,-106.500001117587,1.));
#2096=CARTESIAN_POINT('',(-8.75000000000001,-105.500001117587,0.));
#2097=CARTESIAN_POINT('Origin',(16.5016378447192,-105.500001117587,4.));
#2098=CARTESIAN_POINT('',(16.5016378447192,-106.500001117587,4.));
#2099=CARTESIAN_POINT('',(16.5016378447192,-105.500001117587,5.));
#2100=CARTESIAN_POINT('Origin',(16.5016378447192,-105.500001117587,4.));
#2101=CARTESIAN_POINT('',(17.5016365012529,-105.501640303572,4.));
#2102=CARTESIAN_POINT('Origin',(16.5016378447192,-105.500001117587,4.));
#2103=CARTESIAN_POINT('Origin',(16.5016378447192,-105.500001117587,4.));
#2104=CARTESIAN_POINT('Origin',(16.5016378447192,-105.500001117587,0.));
#2105=CARTESIAN_POINT('',(16.5016378447192,-106.500001117587,0.));
#2106=CARTESIAN_POINT('',(17.5016365012529,-105.501640303572,0.));
#2107=CARTESIAN_POINT('Origin',(16.5182137524864,-95.3877346333774,4.));
#2108=CARTESIAN_POINT('',(17.5384837966966,-83.0226499530991,4.));
#2109=CARTESIAN_POINT('',(16.5443068092826,-79.4694544753857,5.));
#2110=CARTESIAN_POINT('Origin',(16.5443068092826,-79.4694544753857,4.));
#2111=CARTESIAN_POINT('',(16.5182137524864,-95.3877346333774,5.));
#2112=CARTESIAN_POINT('',(17.5182124090201,-95.3893738193624,4.));
#2113=CARTESIAN_POINT('Origin',(-16.4980742398671,-105.500001117587,4.));
#2114=CARTESIAN_POINT('',(-17.4980723891585,-105.498077211727,4.));
#2115=CARTESIAN_POINT('',(-16.4980742398671,-105.500001117587,5.));
#2116=CARTESIAN_POINT('Origin',(-16.4980742398671,-105.500001117587,4.));
#2117=CARTESIAN_POINT('',(-16.4980742398671,-106.500001117587,4.));
#2118=CARTESIAN_POINT('Origin',(-16.4980742398671,-105.500001117587,4.));
#2119=CARTESIAN_POINT('Origin',(-16.4980742398671,-105.500001117587,4.));
#2120=CARTESIAN_POINT('Origin',(-16.4980742398671,-105.500001117587,0.));
#2121=CARTESIAN_POINT('',(-17.4980723891585,-105.498077211727,0.));
#2122=CARTESIAN_POINT('',(-16.4980742398671,-106.500001117587,0.));
#2123=CARTESIAN_POINT('Origin',(-8.75000000000001,-105.500001117587,4.));
#2124=CARTESIAN_POINT('',(-8.75000000000001,-105.500001117587,5.));
#2125=CARTESIAN_POINT('',(-8.75000000000001,-105.500001117587,5.));
#2126=CARTESIAN_POINT('',(-8.75000000000001,-106.500001117587,4.));
#2127=CARTESIAN_POINT('Origin',(-16.4530742492589,-82.1101314493309,4.));
#2128=CARTESIAN_POINT('',(-17.4542525231486,-82.7216067947462,4.));
#2129=CARTESIAN_POINT('',(-16.4473269863198,-79.1228479126273,5.));
#2130=CARTESIAN_POINT('Origin',(-16.4473269863198,-79.1228479126273,4.));
#2131=CARTESIAN_POINT('',(-17.4530723985503,-82.1082075434706,4.));
#2132=CARTESIAN_POINT('',(-16.4530742492589,-82.1101314493309,5.));
#2133=CARTESIAN_POINT('Origin',(-2.66453525910038E-14,-84.2500010207295,
0.));
#2134=CARTESIAN_POINT('',(23.6817960484731,-79.,0.));
#2135=CARTESIAN_POINT('',(8.77171924439693,-79.,0.));
#2136=CARTESIAN_POINT('',(-23.6817960484731,-79.,0.));
#2137=CARTESIAN_POINT('',(-12.5,-79.,0.));
#2138=CARTESIAN_POINT('',(-19.2050283108398,-63.000000923872,0.));
#2139=CARTESIAN_POINT('',(-21.162668709711,-69.9966213449013,0.));
#2140=CARTESIAN_POINT('',(19.2050283108398,-63.000000923872,0.));
#2141=CARTESIAN_POINT('',(9.98181813142516,-63.000000923872,0.));
#2142=CARTESIAN_POINT('',(23.6808505782858,-78.9966208829653,0.));
#2143=CARTESIAN_POINT('',(-1.5,-75.0000011175871,0.));
#2144=CARTESIAN_POINT('Origin',(0.,-75.0000011175871,0.));
#2145=CARTESIAN_POINT('',(12.,-65.,0.));
#2146=CARTESIAN_POINT('Origin',(13.5,-65.,0.));
#2147=CARTESIAN_POINT('',(-15.,-65.,0.));
#2148=CARTESIAN_POINT('Origin',(-13.5,-65.,0.));
#2149=CARTESIAN_POINT('Origin',(-17.4490163981962,-80.,0.));
#2150=CARTESIAN_POINT('',(-17.4542525231486,-82.7216067947462,5.));
#2151=CARTESIAN_POINT('',(-17.4542525231486,-82.7216067947462,2.5));
#2152=CARTESIAN_POINT('',(-17.4490163981962,-80.,5.));
#2153=CARTESIAN_POINT('',(-17.5,-106.500001117587,5.));
#2154=CARTESIAN_POINT('',(-17.4490163981962,-80.,0.));
#2155=CARTESIAN_POINT('Origin',(-17.5,-106.500001117587,0.));
#2156=CARTESIAN_POINT('Origin',(-27.9855924351661,-94.3817982630778,6.));
#2157=CARTESIAN_POINT('',(-28.948606946299,-94.1123487291248,6.));
#2158=CARTESIAN_POINT('',(-28.2550419691192,-95.3448127742107,6.));
#2159=CARTESIAN_POINT('Origin',(-27.9855924351661,-94.3817982630778,6.));
#2160=CARTESIAN_POINT('',(-27.9855924351661,-94.3817982630778,5.));
#2161=CARTESIAN_POINT('Origin',(-27.9855924351661,-94.3817982630778,6.));
#2162=CARTESIAN_POINT('Origin',(-27.9855924351661,-94.3817982630778,6.));
#2163=CARTESIAN_POINT('Origin',(-23.6817960484731,-79.,1.));
#2164=CARTESIAN_POINT('',(-24.644810559606,-78.7305504660469,1.));
#2165=CARTESIAN_POINT('',(-23.6817960484731,-80.,1.));
#2166=CARTESIAN_POINT('Origin',(-23.6817960484731,-79.,1.));
#2167=CARTESIAN_POINT('Origin',(-23.6817960484731,-79.,1.));
#2168=CARTESIAN_POINT('Origin',(-23.6817960484731,-79.,1.));
#2169=CARTESIAN_POINT('Origin',(-21.162668709711,-69.9966213449013,4.));
#2170=CARTESIAN_POINT('',(-19.9636362628503,-62.000000923872,4.));
#2171=CARTESIAN_POINT('',(-22.6033504283073,-71.4343577374959,4.));
#2172=CARTESIAN_POINT('',(-22.1256832208439,-69.7271718109482,4.));
#2173=CARTESIAN_POINT('',(-21.6403359171744,-71.703807271449,5.));
#2174=CARTESIAN_POINT('Origin',(-21.6403359171744,-71.703807271449,4.));
#2175=CARTESIAN_POINT('',(-19.2050283108398,-63.000000923872,5.));
#2176=CARTESIAN_POINT('',(-21.162668709711,-69.9966213449013,5.));
#2177=CARTESIAN_POINT('Origin',(-19.2050283108398,-63.000000923872,4.));
#2178=CARTESIAN_POINT('Origin',(19.2050283108398,-63.000000923872,4.));
#2179=CARTESIAN_POINT('',(20.1680428219727,-62.7305513899189,4.));
#2180=CARTESIAN_POINT('',(19.2050283108398,-63.000000923872,5.));
#2181=CARTESIAN_POINT('Origin',(19.2050283108398,-63.000000923872,4.));
#2182=CARTESIAN_POINT('',(19.2050283108398,-62.000000923872,4.));
#2183=CARTESIAN_POINT('Origin',(19.2050283108398,-63.000000923872,4.));
#2184=CARTESIAN_POINT('Origin',(19.2050283108398,-63.000000923872,4.));
#2185=CARTESIAN_POINT('Origin',(19.2050283108398,-63.000000923872,1.));
#2186=CARTESIAN_POINT('',(20.1680428219727,-62.7305513899189,1.));
#2187=CARTESIAN_POINT('',(19.2050283108398,-62.000000923872,1.));
#2188=CARTESIAN_POINT('Origin',(19.2050283108398,-63.000000923872,1.));
#2189=CARTESIAN_POINT('Origin',(19.2050283108398,-63.000000923872,1.));
#2190=CARTESIAN_POINT('Origin',(19.2050283108398,-63.000000923872,1.));
#2191=CARTESIAN_POINT('Origin',(23.6817960484731,-79.,1.));
#2192=CARTESIAN_POINT('',(23.6817960484731,-80.,1.));
#2193=CARTESIAN_POINT('',(24.644810559606,-78.7305504660469,1.));
#2194=CARTESIAN_POINT('Origin',(23.6817960484731,-79.,1.));
#2195=CARTESIAN_POINT('Origin',(23.6817960484731,-79.,1.));
#2196=CARTESIAN_POINT('Origin',(23.6817960484731,-79.,1.));
#2197=CARTESIAN_POINT('Origin',(8.77171924439693,-79.,1.));
#2198=CARTESIAN_POINT('',(8.77171924439693,-80.,1.));
#2199=CARTESIAN_POINT('Origin',(23.6808505782858,-78.9966208829653,1.));
#2200=CARTESIAN_POINT('',(24.6438650894187,-78.7271713490123,1.));
#2201=CARTESIAN_POINT('Origin',(23.6817960484731,-79.,0.));
#2202=CARTESIAN_POINT('',(23.6817960484731,-80.,5.));
#2203=CARTESIAN_POINT('',(23.6817960484731,-80.,0.));
#2204=CARTESIAN_POINT('',(24.644810559606,-78.7305504660469,6.));
#2205=CARTESIAN_POINT('',(24.644810559606,-78.7305504660469,0.));
#2206=CARTESIAN_POINT('',(23.9512455824262,-79.9630145111329,5.));
#2207=CARTESIAN_POINT('Origin',(23.6817960484731,-79.,6.));
#2208=CARTESIAN_POINT('Origin',(23.6817960484731,-79.,5.));
#2209=CARTESIAN_POINT('Origin',(17.4247761407018,-78.9049878941879,6.));
#2210=CARTESIAN_POINT('',(21.5139403911891,-97.2309595118822,6.));
#2211=CARTESIAN_POINT('',(17.5384837966966,-83.0226499530991,6.));
#2212=CARTESIAN_POINT('',(16.4617616295689,-79.174437428141,6.));
#2213=CARTESIAN_POINT('',(17.5434384887939,-80.,5.01647587801519));
#2214=CARTESIAN_POINT('Origin',(17.544531834563,-79.3329955781766,6.));
#2215=CARTESIAN_POINT('',(17.731158337619,-80.,5.));
#2216=CARTESIAN_POINT('Origin',(17.731158337619,-80.,6.));
#2217=CARTESIAN_POINT('',(22.2075053683689,-95.9984954667963,5.));
#2218=CARTESIAN_POINT('',(17.4247761407018,-78.9049878941879,5.));
#2219=CARTESIAN_POINT('Origin',(22.2075053683689,-95.9984954667963,6.));
#2220=CARTESIAN_POINT('Origin',(23.1705198795017,-95.7290459328432,6.));
#2221=CARTESIAN_POINT('',(29.218056480252,-95.0753632402576,6.));
#2222=CARTESIAN_POINT('',(23.4399694134548,-96.6920604439761,6.));
#2223=CARTESIAN_POINT('',(27.985592435166,-94.3817982630778,5.));
#2224=CARTESIAN_POINT('',(23.1705198795017,-95.7290459328432,5.));
#2225=CARTESIAN_POINT('Origin',(27.985592435166,-94.3817982630778,6.));
#2226=CARTESIAN_POINT('Origin',(24.4619541417864,-81.7882904595015,6.));
#2227=CARTESIAN_POINT('',(25.4249686529193,-81.5188409255484,6.));
#2228=CARTESIAN_POINT('',(24.4619541417864,-81.7882904595015,5.));
#2229=CARTESIAN_POINT('Origin',(9.98181813142516,-63.000000923872,1.));
#2230=CARTESIAN_POINT('',(-19.9636362628503,-62.000000923872,1.));
#2231=CARTESIAN_POINT('',(9.98181813142516,-62.000000923872,1.));
#2232=CARTESIAN_POINT('Origin',(-19.2050283108398,-63.000000923872,1.));
#2233=CARTESIAN_POINT('Origin',(19.2050283108398,-63.000000923872,0.));
#2234=CARTESIAN_POINT('',(20.1680428219727,-62.7305513899189,0.));
#2235=CARTESIAN_POINT('',(19.2050283108398,-62.000000923872,0.));
#2236=CARTESIAN_POINT('Origin',(9.98181813142516,-63.000000923872,4.));
#2237=CARTESIAN_POINT('',(9.98181813142516,-63.000000923872,5.));
#2238=CARTESIAN_POINT('',(9.98181813142516,-62.000000923872,4.));
#2239=CARTESIAN_POINT('Origin',(23.6808505782858,-78.9966208829653,4.));
#2240=CARTESIAN_POINT('',(21.5188036202923,-71.2694499958891,5.));
#2241=CARTESIAN_POINT('',(22.4818181314252,-71.000000461936,4.));
#2242=CARTESIAN_POINT('Origin',(21.5188036202923,-71.2694499958891,4.));
#2243=CARTESIAN_POINT('',(24.6438650894187,-78.7271713490123,4.));
#2244=CARTESIAN_POINT('',(23.6808505782858,-78.9966208829653,5.));
#2245=CARTESIAN_POINT('Origin',(-21.162668709711,-69.9966213449013,1.));
#2246=CARTESIAN_POINT('',(-22.1256832208439,-69.7271718109482,1.));
#2247=CARTESIAN_POINT('Origin',(-12.5,-79.,1.));
#2248=CARTESIAN_POINT('',(-12.5,-80.,1.));
#2249=CARTESIAN_POINT('Origin',(-23.6817960484731,-79.,0.));
#2250=CARTESIAN_POINT('',(-24.644810559606,-78.7305504660469,6.));
#2251=CARTESIAN_POINT('',(-24.644810559606,-78.7305504660469,0.));
#2252=CARTESIAN_POINT('',(-23.6817960484731,-80.,5.));
#2253=CARTESIAN_POINT('',(-23.6817960484731,-80.,0.));
#2254=CARTESIAN_POINT('',(-23.9512455824262,-79.9630145111329,5.));
#2255=CARTESIAN_POINT('Origin',(-23.6817960484731,-79.,5.));
#2256=CARTESIAN_POINT('Origin',(-23.6817960484731,-79.,6.));
#2257=CARTESIAN_POINT('Origin',(-21.9741553474321,-72.8968802403274,6.));
#2258=CARTESIAN_POINT('',(-21.9741553474321,-72.8968802403274,5.));
#2259=CARTESIAN_POINT('',(-22.937169858565,-72.6274307063744,6.));
#2260=CARTESIAN_POINT('Origin',(-27.0225779240333,-94.6512477970309,6.));
#2261=CARTESIAN_POINT('',(-22.476954902322,-96.9615099779292,6.));
#2262=CARTESIAN_POINT('',(-27.2920274579864,-95.6142623081638,6.));
#2263=CARTESIAN_POINT('',(-21.2444908572361,-96.2679450007494,5.));
#2264=CARTESIAN_POINT('',(-27.0225779240333,-94.6512477970309,5.));
#2265=CARTESIAN_POINT('Origin',(-22.2075053683689,-95.9984954667963,6.));
#2266=CARTESIAN_POINT('Origin',(-27.9855924351661,-94.3817982630778,2.5));
#2267=CARTESIAN_POINT('',(-28.2550419691192,-95.3448127742107,10.));
#2268=CARTESIAN_POINT('',(-28.948606946299,-94.1123487291247,10.));
#2269=CARTESIAN_POINT('Origin',(-27.9855924351661,-94.3817982630778,10.));
#2270=CARTESIAN_POINT('',(-28.948606946299,-94.1123487291247,2.5));
#2271=CARTESIAN_POINT('',(-28.2550419691192,-95.3448127742107,2.5));
#2272=CARTESIAN_POINT('Origin',(-26.0595634129004,-94.920697330984,10.));
#2273=CARTESIAN_POINT('',(-26.3290129468535,-95.8837118421168,12.));
#2274=CARTESIAN_POINT('',(-26.0595634129004,-94.920697330984,13.));
#2275=CARTESIAN_POINT('Origin',(-26.0595634129004,-94.920697330984,12.));
#2276=CARTESIAN_POINT('Origin',(-26.0595634129004,-94.920697330984,10.));
#2277=CARTESIAN_POINT('Origin',(-26.3290129468535,-95.8837118421168,10.));
#2278=CARTESIAN_POINT('Origin',(-27.0225779240333,-94.6512477970309,12.));
#2279=CARTESIAN_POINT('',(-24.4029839245878,-96.422610910023,12.));
#2280=CARTESIAN_POINT('',(-24.1335343906347,-95.4595963988901,13.));
#2281=CARTESIAN_POINT('Origin',(-24.1335343906347,-95.4595963988901,12.));
#2282=CARTESIAN_POINT('',(-27.0225779240333,-94.6512477970309,13.));
#2283=CARTESIAN_POINT('',(-27.2920274579864,-95.6142623081638,12.));
#2284=CARTESIAN_POINT('Origin',(-24.1335343906347,-95.4595963988901,10.));
#2285=CARTESIAN_POINT('',(-22.4769549023221,-96.9615099779292,10.));
#2286=CARTESIAN_POINT('',(-21.2444908572361,-96.2679450007494,10.));
#2287=CARTESIAN_POINT('Origin',(-22.207505368369,-95.9984954667963,10.));
#2288=CARTESIAN_POINT('Origin',(-24.1335343906347,-95.4595963988901,10.));
#2289=CARTESIAN_POINT('Origin',(-24.4029839245878,-96.422610910023,10.));
#2290=CARTESIAN_POINT('Origin',(-22.207505368369,-95.9984954667963,5.));
#2291=CARTESIAN_POINT('',(-21.2444908572361,-96.2679450007494,5.));
#2292=CARTESIAN_POINT('',(-22.476954902322,-96.9615099779292,5.));
#2293=CARTESIAN_POINT('Origin',(-2.66453525910038E-14,-84.2500010207295,
5.));
#2294=CARTESIAN_POINT('',(14.7777020423622,-73.1555967335606,5.));
#2295=CARTESIAN_POINT('',(15.6806580660684,-76.3827678516048,5.));
#2296=CARTESIAN_POINT('',(10.3379530420064,-74.3978296232885,5.));
#2297=CARTESIAN_POINT('',(-14.8992343392443,-73.5899540091205,5.));
#2298=CARTESIAN_POINT('',(-6.60742729435708,-75.9099850346607,5.));
#2299=CARTESIAN_POINT('',(-19.0487772404819,-88.4204492407657,5.));
#2300=CARTESIAN_POINT('',(12.,-65.,5.));
#2301=CARTESIAN_POINT('Origin',(13.5,-65.,5.));
#2302=CARTESIAN_POINT('',(-15.,-65.,5.));
#2303=CARTESIAN_POINT('Origin',(-13.5,-65.,5.));
#2304=CARTESIAN_POINT('Origin',(19.9636362628503,-62.000000923872,0.));
#2305=CARTESIAN_POINT('',(-19.9636362628503,-62.000000923872,0.));
#2306=CARTESIAN_POINT('Origin',(-19.9636362628503,-62.000000923872,0.));
#2307=CARTESIAN_POINT('',(-22.6033504283073,-71.4343577374959,10.));
#2308=CARTESIAN_POINT('',(-22.6033504283073,-71.4343577374959,5.));
#2309=CARTESIAN_POINT('',(-22.937169858565,-72.6274307063744,10.));
#2310=CARTESIAN_POINT('Origin',(-20.0481263251664,-73.4357793082336,10.));
#2311=CARTESIAN_POINT('',(-19.7143068949087,-72.2427063393552,13.));
#2312=CARTESIAN_POINT('',(-20.0481263251664,-73.4357793082336,13.));
#2313=CARTESIAN_POINT('Origin',(-19.7143068949087,-72.2427063393551,10.));
#2314=CARTESIAN_POINT('Origin',(-22.0586454097482,-84.3326586246891,13.));
#2315=CARTESIAN_POINT('',(-17.7882778726429,-72.7816054072613,13.));
#2316=CARTESIAN_POINT('',(-22.7493074116016,-90.5123595343326,13.));
#2317=CARTESIAN_POINT('',(-22.6033504283073,-71.4343577374959,13.));
#2318=CARTESIAN_POINT('Origin',(-22.7493074116016,-90.5123595343326,10.));
#2319=CARTESIAN_POINT('',(-14.8992343392443,-73.5899540091205,10.));
#2320=CARTESIAN_POINT('',(-19.860263878203,-91.3207081361918,10.));
#2321=CARTESIAN_POINT('Origin',(-17.7882778726429,-72.7816054072613,10.));
#2322=CARTESIAN_POINT('Origin',(-21.5139403911892,-97.2309595118822,5.));
#2323=CARTESIAN_POINT('',(-14.8992343392443,-73.5899540091205,5.));
#2324=CARTESIAN_POINT('',(-14.8992343392443,-73.5899540091205,5.));
#2325=CARTESIAN_POINT('Origin',(-22.0586454097482,-84.3326586246891,5.));
#2326=CARTESIAN_POINT('',(-25.,-80.,5.));
#2327=CARTESIAN_POINT('Origin',(-25.,-80.,0.));
#2328=CARTESIAN_POINT('Origin',(-29.2180564802521,-95.0753632402576,5.));
#2329=CARTESIAN_POINT('',(-23.4399694134549,-96.6920604439761,9.));
#2330=CARTESIAN_POINT('Origin',(-25.3659984357206,-96.1531613760699,9.));
#2331=CARTESIAN_POINT('Origin',(-14.8992343392443,-73.5899540091205,5.));
#2332=CARTESIAN_POINT('',(-16.8252633615101,-73.0510549412144,9.));
#2333=CARTESIAN_POINT('Origin',(-18.7512923837758,-72.5121558733082,9.));
#2334=CARTESIAN_POINT('Origin',(22.5359251195207,-82.3271895274076,10.));
#2335=CARTESIAN_POINT('',(22.4818181314252,-71.000000461936,10.));
#2336=CARTESIAN_POINT('',(19.5927745980266,-71.8083490637952,13.));
#2337=CARTESIAN_POINT('Origin',(19.5927745980266,-71.8083490637952,10.));
#2338=CARTESIAN_POINT('',(26.3290129468534,-95.8837118421168,13.));
#2339=CARTESIAN_POINT('',(22.5359251195207,-82.3271895274076,13.));
#2340=CARTESIAN_POINT('',(29.218056480252,-95.0753632402576,10.));
#2341=CARTESIAN_POINT('Origin',(26.3290129468534,-95.8837118421169,10.));
#2342=CARTESIAN_POINT('',(25.4249686529193,-81.5188409255484,10.));
#2343=CARTESIAN_POINT('Origin',(21.5139403911891,-97.2309595118822,5.));
#2344=CARTESIAN_POINT('',(29.218056480252,-95.0753632402576,5.));
#2345=CARTESIAN_POINT('',(24.4029839245877,-96.422610910023,13.));
#2346=CARTESIAN_POINT('',(21.5139403911891,-97.2309595118822,13.));
#2347=CARTESIAN_POINT('',(21.5139403911891,-97.2309595118822,10.));
#2348=CARTESIAN_POINT('Origin',(24.4029839245877,-96.422610910023,10.));
#2349=CARTESIAN_POINT('',(21.5139403911891,-97.2309595118822,5.));
#2350=CARTESIAN_POINT('',(27.2920274579862,-95.6142623081638,9.));
#2351=CARTESIAN_POINT('Origin',(25.3659984357205,-96.1531613760699,9.));
#2352=CARTESIAN_POINT('Origin',(21.9978792613071,-84.1154799869091,13.));
#2353=CARTESIAN_POINT('',(17.6667455757608,-72.3472481317013,13.));
#2354=CARTESIAN_POINT('',(22.4818181314252,-71.000000461936,13.));
#2355=CARTESIAN_POINT('',(19.3508051629675,-78.3660888262818,13.));
#2356=CARTESIAN_POINT('Origin',(19.3508051629675,-78.3660888262818,10.));
#2357=CARTESIAN_POINT('',(14.7777020423622,-73.1555967335606,10.));
#2358=CARTESIAN_POINT('Origin',(17.6667455757608,-72.3472481317014,10.));
#2359=CARTESIAN_POINT('',(16.4617616295689,-79.174437428141,10.));
#2360=CARTESIAN_POINT('Origin',(-18.7512923837758,-72.5121558733082,9.));
#2361=CARTESIAN_POINT('',(-16.8252633615101,-73.0510549412144,9.));
#2362=CARTESIAN_POINT('Origin',(18.6297600868937,-72.0777985977483,9.));
#2363=CARTESIAN_POINT('',(20.5557891091594,-71.5388995298422,9.));
#2364=CARTESIAN_POINT('Origin',(18.6297600868937,-72.0777985977483,9.));
#2365=CARTESIAN_POINT('',(20.5557891091594,-71.5388995298421,9.));
#2366=CARTESIAN_POINT('Origin',(14.7777020423622,-73.1555967335606,5.));
#2367=CARTESIAN_POINT('',(14.7777020423622,-73.1555967335606,5.));
#2368=CARTESIAN_POINT('',(17.5384837966966,-83.0226499530991,2.5));
#2369=CARTESIAN_POINT('Origin',(22.4818181314252,-71.000000461936,5.));
#2370=CARTESIAN_POINT('',(22.4818181314252,-71.000000461936,5.));
#2371=CARTESIAN_POINT('Origin',(21.9978792613071,-84.1154799869091,5.));
#2372=CARTESIAN_POINT('',(-25.,-80.,5.));
#2373=CARTESIAN_POINT('Origin',(0.,-75.0000011175871,0.));
#2374=CARTESIAN_POINT('',(-1.5,-75.0000011175871,0.));
#2375=CARTESIAN_POINT('Origin',(13.5,-65.,0.));
#2376=CARTESIAN_POINT('',(12.,-65.,0.));
#2377=CARTESIAN_POINT('Origin',(-13.5,-65.,0.));
#2378=CARTESIAN_POINT('',(-15.,-65.,0.));
#2379=CARTESIAN_POINT('Origin',(25.,-80.,0.));
#2380=CARTESIAN_POINT('Origin',(17.5434384887939,-80.,0.));
#2381=CARTESIAN_POINT('',(17.5434384887939,-80.,0.));
#2382=CARTESIAN_POINT('Origin',(17.5,-106.500001117587,0.));
#2383=UNCERTAINTY_MEASURE_WITH_UNIT(LENGTH_MEASURE(0.01),#2387,
'DISTANCE_ACCURACY_VALUE',
'Maximum model space distance between geometric entities at asserted c
onnectivities');
#2384=UNCERTAINTY_MEASURE_WITH_UNIT(LENGTH_MEASURE(0.01),#2387,
'DISTANCE_ACCURACY_VALUE',
'Maximum model space distance between geometric entities at asserted c
onnectivities');
#2385=(
GEOMETRIC_REPRESENTATION_CONTEXT(3)
GLOBAL_UNCERTAINTY_ASSIGNED_CONTEXT((#2383))
GLOBAL_UNIT_ASSIGNED_CONTEXT((#2387,#2389,#2390))
REPRESENTATION_CONTEXT('','3D')
);
#2386=(
GEOMETRIC_REPRESENTATION_CONTEXT(3)
GLOBAL_UNCERTAINTY_ASSIGNED_CONTEXT((#2384))
GLOBAL_UNIT_ASSIGNED_CONTEXT((#2387,#2389,#2390))
REPRESENTATION_CONTEXT('','3D')
);
#2387=(
LENGTH_UNIT()
NAMED_UNIT(*)
SI_UNIT(.MILLI.,.METRE.)
);
#2388=(
LENGTH_UNIT()
NAMED_UNIT(*)
SI_UNIT($,.METRE.)
);
#2389=(
NAMED_UNIT(*)
PLANE_ANGLE_UNIT()
SI_UNIT($,.RADIAN.)
);
#2390=(
NAMED_UNIT(*)
SI_UNIT($,.STERADIAN.)
SOLID_ANGLE_UNIT()
);
#2391=SHAPE_DEFINITION_REPRESENTATION(#2392,#2393);
#2392=PRODUCT_DEFINITION_SHAPE('',$,#2395);
#2393=SHAPE_REPRESENTATION('',(#1407),#2385);
#2394=PRODUCT_DEFINITION_CONTEXT('part definition',#2399,'design');
#2395=PRODUCT_DEFINITION('Antenna Mount','Antenna Mount v4',#2396,#2394);
#2396=PRODUCT_DEFINITION_FORMATION('',$,#2401);
#2397=PRODUCT_RELATED_PRODUCT_CATEGORY('Antenna Mount v4',
'Antenna Mount v4',(#2401));
#2398=APPLICATION_PROTOCOL_DEFINITION('international standard',
'automotive_design',2009,#2399);
#2399=APPLICATION_CONTEXT(
'Core Data for Automotive Mechanical Design Process');
#2400=PRODUCT_CONTEXT('part definition',#2399,'mechanical');
#2401=PRODUCT('Antenna Mount','Antenna Mount v4',$,(#2400));
#2402=PRESENTATION_STYLE_ASSIGNMENT((#2403));
#2403=SURFACE_STYLE_USAGE(.BOTH.,#2404);
#2404=SURFACE_SIDE_STYLE('',(#2405));
#2405=SURFACE_STYLE_FILL_AREA(#2406);
#2406=FILL_AREA_STYLE('Steel - Satin',(#2407));
#2407=FILL_AREA_STYLE_COLOUR('Steel - Satin',#2408);
#2408=COLOUR_RGB('Steel - Satin',0.627450980392157,0.627450980392157,0.627450980392157);
ENDSEC;
END-ISO-10303-21;
