ISO-10303-21;
HEADER;
/* Generated by software containing ST-Developer
 * from STEP Tools, Inc. (www.steptools.com) 
 */

FILE_DESCRIPTION(
/* description */ (''),
/* implementation_level */ '2;1');

FILE_NAME(
/* name */ 'Drone Frame.step',
/* time_stamp */ '2026-08-07T16:00:31-06:00',
/* author */ (''),
/* organization */ (''),
/* preprocessor_version */ 'ST-DEVELOPER v20.1',
/* originating_system */ 'Autodesk Translation Framework v15.8.0.0',
/* authorisation */ '');

FILE_SCHEMA (('AUTOMOTIVE_DESIGN { 1 0 10303 214 3 1 1 }'));
ENDSEC;

DATA;
#10=MECHANICAL_DESIGN_GEOMETRIC_PRESENTATION_REPRESENTATION('',(#13,#14,
#15,#16,#17,#18),#4400);
#11=SHAPE_REPRESENTATION_RELATIONSHIP('SRR','None',#4407,#12);
#12=ADVANCED_BREP_SHAPE_REPRESENTATION('',(#19,#20,#21,#22,#23,#24),#4399);
#13=STYLED_ITEM('',(#4417),#19);
#14=STYLED_ITEM('',(#4418),#20);
#15=STYLED_ITEM('',(#4418),#21);
#16=STYLED_ITEM('',(#4418),#22);
#17=STYLED_ITEM('',(#4418),#23);
#18=STYLED_ITEM('',(#4417),#24);
#19=MANIFOLD_SOLID_BREP('Body1',#2479);
#20=MANIFOLD_SOLID_BREP('Body7',#2480);
#21=MANIFOLD_SOLID_BREP('Body8',#2481);
#22=MANIFOLD_SOLID_BREP('Body9',#2482);
#23=MANIFOLD_SOLID_BREP('Body10',#2483);
#24=MANIFOLD_SOLID_BREP('Body2',#2484);
#25=TOROIDAL_SURFACE('',#2601,4.25,1.);
#26=TOROIDAL_SURFACE('',#2606,4.25,1.);
#27=TOROIDAL_SURFACE('',#2611,4.25,1.);
#28=TOROIDAL_SURFACE('',#2616,4.25,1.);
#29=FACE_BOUND('',#320,.T.);
#30=FACE_BOUND('',#321,.T.);
#31=FACE_BOUND('',#322,.T.);
#32=FACE_BOUND('',#323,.T.);
#33=FACE_BOUND('',#324,.T.);
#34=FACE_BOUND('',#325,.T.);
#35=FACE_BOUND('',#326,.T.);
#36=FACE_BOUND('',#327,.T.);
#37=FACE_BOUND('',#328,.T.);
#38=FACE_BOUND('',#329,.T.);
#39=FACE_BOUND('',#330,.T.);
#40=FACE_BOUND('',#331,.T.);
#41=FACE_BOUND('',#332,.T.);
#42=FACE_BOUND('',#333,.T.);
#43=FACE_BOUND('',#334,.T.);
#44=FACE_BOUND('',#335,.T.);
#45=FACE_BOUND('',#336,.T.);
#46=FACE_BOUND('',#337,.T.);
#47=FACE_BOUND('',#338,.T.);
#48=FACE_BOUND('',#339,.T.);
#49=FACE_BOUND('',#340,.T.);
#50=FACE_BOUND('',#341,.T.);
#51=FACE_BOUND('',#342,.T.);
#52=FACE_BOUND('',#343,.T.);
#53=FACE_BOUND('',#344,.T.);
#54=FACE_BOUND('',#345,.T.);
#55=FACE_BOUND('',#346,.T.);
#56=FACE_BOUND('',#347,.T.);
#57=FACE_BOUND('',#348,.T.);
#58=FACE_BOUND('',#349,.T.);
#59=FACE_BOUND('',#350,.T.);
#60=FACE_BOUND('',#351,.T.);
#61=FACE_BOUND('',#352,.T.);
#62=FACE_BOUND('',#354,.T.);
#63=FACE_BOUND('',#355,.T.);
#64=FACE_BOUND('',#356,.T.);
#65=FACE_BOUND('',#357,.T.);
#66=FACE_BOUND('',#358,.T.);
#67=FACE_BOUND('',#359,.T.);
#68=FACE_BOUND('',#360,.T.);
#69=FACE_BOUND('',#361,.T.);
#70=FACE_BOUND('',#362,.T.);
#71=FACE_BOUND('',#363,.T.);
#72=FACE_BOUND('',#364,.T.);
#73=FACE_BOUND('',#365,.T.);
#74=FACE_BOUND('',#366,.T.);
#75=FACE_BOUND('',#367,.T.);
#76=FACE_BOUND('',#368,.T.);
#77=FACE_BOUND('',#369,.T.);
#78=FACE_BOUND('',#370,.T.);
#79=FACE_BOUND('',#371,.T.);
#80=FACE_BOUND('',#372,.T.);
#81=FACE_BOUND('',#373,.T.);
#82=FACE_BOUND('',#374,.T.);
#83=FACE_BOUND('',#375,.T.);
#84=FACE_BOUND('',#376,.T.);
#85=FACE_BOUND('',#377,.T.);
#86=FACE_BOUND('',#378,.T.);
#87=FACE_BOUND('',#379,.T.);
#88=FACE_BOUND('',#380,.T.);
#89=FACE_BOUND('',#381,.T.);
#90=FACE_BOUND('',#382,.T.);
#91=FACE_BOUND('',#383,.T.);
#92=FACE_BOUND('',#384,.T.);
#93=FACE_BOUND('',#385,.T.);
#94=FACE_BOUND('',#386,.T.);
#95=FACE_BOUND('',#387,.T.);
#96=FACE_BOUND('',#397,.T.);
#97=FACE_BOUND('',#399,.T.);
#98=FACE_BOUND('',#401,.T.);
#99=FACE_BOUND('',#403,.T.);
#100=FACE_BOUND('',#514,.T.);
#101=FACE_BOUND('',#515,.T.);
#102=FACE_BOUND('',#516,.T.);
#103=FACE_BOUND('',#517,.T.);
#104=FACE_BOUND('',#518,.T.);
#105=FACE_BOUND('',#519,.T.);
#106=FACE_BOUND('',#520,.T.);
#107=FACE_BOUND('',#521,.T.);
#108=FACE_BOUND('',#523,.T.);
#109=FACE_BOUND('',#524,.T.);
#110=FACE_BOUND('',#525,.T.);
#111=FACE_BOUND('',#526,.T.);
#112=FACE_BOUND('',#527,.T.);
#113=FACE_BOUND('',#528,.T.);
#114=FACE_BOUND('',#529,.T.);
#115=FACE_BOUND('',#530,.T.);
#116=PLANE('',#2525);
#117=PLANE('',#2563);
#118=PLANE('',#2621);
#119=PLANE('',#2623);
#120=PLANE('',#2625);
#121=PLANE('',#2627);
#122=PLANE('',#2631);
#123=PLANE('',#2635);
#124=PLANE('',#2636);
#125=PLANE('',#2637);
#126=PLANE('',#2638);
#127=PLANE('',#2644);
#128=PLANE('',#2645);
#129=PLANE('',#2646);
#130=PLANE('',#2651);
#131=PLANE('',#2652);
#132=PLANE('',#2653);
#133=PLANE('',#2654);
#134=PLANE('',#2655);
#135=PLANE('',#2661);
#136=PLANE('',#2662);
#137=PLANE('',#2663);
#138=PLANE('',#2732);
#139=PLANE('',#2733);
#140=PLANE('',#2737);
#141=PLANE('',#2738);
#142=PLANE('',#2742);
#143=PLANE('',#2743);
#144=PLANE('',#2747);
#145=PLANE('',#2748);
#146=PLANE('',#2773);
#147=PLANE('',#2774);
#148=PLANE('',#2775);
#149=PLANE('',#2776);
#150=PLANE('',#2777);
#151=PLANE('',#2778);
#152=PLANE('',#2779);
#153=PLANE('',#2780);
#154=PLANE('',#2781);
#155=PLANE('',#2782);
#156=ELLIPSE('',#2518,6.93980165488526,3.);
#157=ELLIPSE('',#2520,3.73928261638356,3.);
#158=ELLIPSE('',#2521,5.8503869823905,3.);
#159=ELLIPSE('',#2523,4.02975540485117,3.);
#160=ELLIPSE('',#2524,6.93980165488529,3.);
#161=ELLIPSE('',#2630,3.40726686005386,3.);
#162=ELLIPSE('',#2634,3.13209195267317,3.);
#163=ELLIPSE('',#2640,3.24717660087719,3.);
#164=ELLIPSE('',#2642,3.24717660087718,3.);
#165=ELLIPSE('',#2649,4.02975540485117,3.);
#166=ELLIPSE('',#2657,3.24717660087718,3.);
#167=ELLIPSE('',#2659,3.24717660087719,3.);
#168=ELLIPSE('',#2665,6.93980165488527,3.);
#169=ELLIPSE('',#2667,4.02975540485117,3.);
#170=ELLIPSE('',#2669,4.02975540485118,3.);
#171=ELLIPSE('',#2671,6.93980165488527,3.);
#172=ELLIPSE('',#2674,3.24717660087719,3.);
#173=ELLIPSE('',#2676,3.24717660087718,3.);
#174=ELLIPSE('',#2679,3.24717660087718,3.);
#175=ELLIPSE('',#2681,3.24717660087718,3.);
#176=ELLIPSE('',#2684,5.85038698239051,3.);
#177=ELLIPSE('',#2686,3.73928261638356,3.);
#178=ELLIPSE('',#2688,3.73928261638356,3.);
#179=ELLIPSE('',#2690,5.85038698239052,3.);
#180=FACE_OUTER_BOUND('',#312,.T.);
#181=FACE_OUTER_BOUND('',#313,.T.);
#182=FACE_OUTER_BOUND('',#314,.T.);
#183=FACE_OUTER_BOUND('',#315,.T.);
#184=FACE_OUTER_BOUND('',#316,.T.);
#185=FACE_OUTER_BOUND('',#317,.T.);
#186=FACE_OUTER_BOUND('',#318,.T.);
#187=FACE_OUTER_BOUND('',#319,.T.);
#188=FACE_OUTER_BOUND('',#353,.T.);
#189=FACE_OUTER_BOUND('',#388,.T.);
#190=FACE_OUTER_BOUND('',#389,.T.);
#191=FACE_OUTER_BOUND('',#390,.T.);
#192=FACE_OUTER_BOUND('',#391,.T.);
#193=FACE_OUTER_BOUND('',#392,.T.);
#194=FACE_OUTER_BOUND('',#393,.T.);
#195=FACE_OUTER_BOUND('',#394,.T.);
#196=FACE_OUTER_BOUND('',#395,.T.);
#197=FACE_OUTER_BOUND('',#396,.T.);
#198=FACE_OUTER_BOUND('',#398,.T.);
#199=FACE_OUTER_BOUND('',#400,.T.);
#200=FACE_OUTER_BOUND('',#402,.T.);
#201=FACE_OUTER_BOUND('',#404,.T.);
#202=FACE_OUTER_BOUND('',#405,.T.);
#203=FACE_OUTER_BOUND('',#406,.T.);
#204=FACE_OUTER_BOUND('',#407,.T.);
#205=FACE_OUTER_BOUND('',#408,.T.);
#206=FACE_OUTER_BOUND('',#409,.T.);
#207=FACE_OUTER_BOUND('',#410,.T.);
#208=FACE_OUTER_BOUND('',#411,.T.);
#209=FACE_OUTER_BOUND('',#412,.T.);
#210=FACE_OUTER_BOUND('',#413,.T.);
#211=FACE_OUTER_BOUND('',#414,.T.);
#212=FACE_OUTER_BOUND('',#415,.T.);
#213=FACE_OUTER_BOUND('',#416,.T.);
#214=FACE_OUTER_BOUND('',#417,.T.);
#215=FACE_OUTER_BOUND('',#418,.T.);
#216=FACE_OUTER_BOUND('',#419,.T.);
#217=FACE_OUTER_BOUND('',#420,.T.);
#218=FACE_OUTER_BOUND('',#421,.T.);
#219=FACE_OUTER_BOUND('',#422,.T.);
#220=FACE_OUTER_BOUND('',#423,.T.);
#221=FACE_OUTER_BOUND('',#424,.T.);
#222=FACE_OUTER_BOUND('',#425,.T.);
#223=FACE_OUTER_BOUND('',#426,.T.);
#224=FACE_OUTER_BOUND('',#427,.T.);
#225=FACE_OUTER_BOUND('',#428,.T.);
#226=FACE_OUTER_BOUND('',#429,.T.);
#227=FACE_OUTER_BOUND('',#430,.T.);
#228=FACE_OUTER_BOUND('',#431,.T.);
#229=FACE_OUTER_BOUND('',#432,.T.);
#230=FACE_OUTER_BOUND('',#433,.T.);
#231=FACE_OUTER_BOUND('',#434,.T.);
#232=FACE_OUTER_BOUND('',#435,.T.);
#233=FACE_OUTER_BOUND('',#436,.T.);
#234=FACE_OUTER_BOUND('',#437,.T.);
#235=FACE_OUTER_BOUND('',#438,.T.);
#236=FACE_OUTER_BOUND('',#439,.T.);
#237=FACE_OUTER_BOUND('',#440,.T.);
#238=FACE_OUTER_BOUND('',#441,.T.);
#239=FACE_OUTER_BOUND('',#442,.T.);
#240=FACE_OUTER_BOUND('',#443,.T.);
#241=FACE_OUTER_BOUND('',#444,.T.);
#242=FACE_OUTER_BOUND('',#445,.T.);
#243=FACE_OUTER_BOUND('',#446,.T.);
#244=FACE_OUTER_BOUND('',#447,.T.);
#245=FACE_OUTER_BOUND('',#448,.T.);
#246=FACE_OUTER_BOUND('',#449,.T.);
#247=FACE_OUTER_BOUND('',#450,.T.);
#248=FACE_OUTER_BOUND('',#451,.T.);
#249=FACE_OUTER_BOUND('',#452,.T.);
#250=FACE_OUTER_BOUND('',#453,.T.);
#251=FACE_OUTER_BOUND('',#454,.T.);
#252=FACE_OUTER_BOUND('',#455,.T.);
#253=FACE_OUTER_BOUND('',#456,.T.);
#254=FACE_OUTER_BOUND('',#457,.T.);
#255=FACE_OUTER_BOUND('',#458,.T.);
#256=FACE_OUTER_BOUND('',#459,.T.);
#257=FACE_OUTER_BOUND('',#460,.T.);
#258=FACE_OUTER_BOUND('',#461,.T.);
#259=FACE_OUTER_BOUND('',#462,.T.);
#260=FACE_OUTER_BOUND('',#463,.T.);
#261=FACE_OUTER_BOUND('',#464,.T.);
#262=FACE_OUTER_BOUND('',#465,.T.);
#263=FACE_OUTER_BOUND('',#466,.T.);
#264=FACE_OUTER_BOUND('',#467,.T.);
#265=FACE_OUTER_BOUND('',#468,.T.);
#266=FACE_OUTER_BOUND('',#469,.T.);
#267=FACE_OUTER_BOUND('',#470,.T.);
#268=FACE_OUTER_BOUND('',#471,.T.);
#269=FACE_OUTER_BOUND('',#472,.T.);
#270=FACE_OUTER_BOUND('',#473,.T.);
#271=FACE_OUTER_BOUND('',#474,.T.);
#272=FACE_OUTER_BOUND('',#475,.T.);
#273=FACE_OUTER_BOUND('',#476,.T.);
#274=FACE_OUTER_BOUND('',#477,.T.);
#275=FACE_OUTER_BOUND('',#478,.T.);
#276=FACE_OUTER_BOUND('',#479,.T.);
#277=FACE_OUTER_BOUND('',#480,.T.);
#278=FACE_OUTER_BOUND('',#481,.T.);
#279=FACE_OUTER_BOUND('',#482,.T.);
#280=FACE_OUTER_BOUND('',#483,.T.);
#281=FACE_OUTER_BOUND('',#484,.T.);
#282=FACE_OUTER_BOUND('',#485,.T.);
#283=FACE_OUTER_BOUND('',#486,.T.);
#284=FACE_OUTER_BOUND('',#487,.T.);
#285=FACE_OUTER_BOUND('',#488,.T.);
#286=FACE_OUTER_BOUND('',#489,.T.);
#287=FACE_OUTER_BOUND('',#490,.T.);
#288=FACE_OUTER_BOUND('',#491,.T.);
#289=FACE_OUTER_BOUND('',#492,.T.);
#290=FACE_OUTER_BOUND('',#493,.T.);
#291=FACE_OUTER_BOUND('',#494,.T.);
#292=FACE_OUTER_BOUND('',#495,.T.);
#293=FACE_OUTER_BOUND('',#496,.T.);
#294=FACE_OUTER_BOUND('',#497,.T.);
#295=FACE_OUTER_BOUND('',#498,.T.);
#296=FACE_OUTER_BOUND('',#499,.T.);
#297=FACE_OUTER_BOUND('',#500,.T.);
#298=FACE_OUTER_BOUND('',#501,.T.);
#299=FACE_OUTER_BOUND('',#502,.T.);
#300=FACE_OUTER_BOUND('',#503,.T.);
#301=FACE_OUTER_BOUND('',#504,.T.);
#302=FACE_OUTER_BOUND('',#505,.T.);
#303=FACE_OUTER_BOUND('',#506,.T.);
#304=FACE_OUTER_BOUND('',#507,.T.);
#305=FACE_OUTER_BOUND('',#508,.T.);
#306=FACE_OUTER_BOUND('',#509,.T.);
#307=FACE_OUTER_BOUND('',#510,.T.);
#308=FACE_OUTER_BOUND('',#511,.T.);
#309=FACE_OUTER_BOUND('',#512,.T.);
#310=FACE_OUTER_BOUND('',#513,.T.);
#311=FACE_OUTER_BOUND('',#522,.T.);
#312=EDGE_LOOP('',(#1573,#1574,#1575,#1576,#1577,#1578,#1579,#1580,#1581,
#1582));
#313=EDGE_LOOP('',(#1583,#1584,#1585,#1586,#1587,#1588,#1589,#1590,#1591,
#1592));
#314=EDGE_LOOP('',(#1593,#1594,#1595,#1596,#1597,#1598,#1599,#1600,#1601,
#1602));
#315=EDGE_LOOP('',(#1603,#1604,#1605,#1606,#1607,#1608,#1609));
#316=EDGE_LOOP('',(#1610,#1611,#1612,#1613,#1614));
#317=EDGE_LOOP('',(#1615,#1616,#1617,#1618,#1619));
#318=EDGE_LOOP('',(#1620,#1621,#1622,#1623,#1624));
#319=EDGE_LOOP('',(#1625,#1626,#1627,#1628,#1629,#1630,#1631,#1632,#1633,
#1634,#1635,#1636,#1637,#1638,#1639,#1640,#1641,#1642,#1643,#1644,#1645,
#1646,#1647,#1648,#1649,#1650,#1651,#1652));
#320=EDGE_LOOP('',(#1653));
#321=EDGE_LOOP('',(#1654));
#322=EDGE_LOOP('',(#1655));
#323=EDGE_LOOP('',(#1656));
#324=EDGE_LOOP('',(#1657));
#325=EDGE_LOOP('',(#1658));
#326=EDGE_LOOP('',(#1659));
#327=EDGE_LOOP('',(#1660));
#328=EDGE_LOOP('',(#1661));
#329=EDGE_LOOP('',(#1662));
#330=EDGE_LOOP('',(#1663));
#331=EDGE_LOOP('',(#1664));
#332=EDGE_LOOP('',(#1665));
#333=EDGE_LOOP('',(#1666));
#334=EDGE_LOOP('',(#1667));
#335=EDGE_LOOP('',(#1668));
#336=EDGE_LOOP('',(#1669));
#337=EDGE_LOOP('',(#1670));
#338=EDGE_LOOP('',(#1671));
#339=EDGE_LOOP('',(#1672));
#340=EDGE_LOOP('',(#1673));
#341=EDGE_LOOP('',(#1674));
#342=EDGE_LOOP('',(#1675));
#343=EDGE_LOOP('',(#1676));
#344=EDGE_LOOP('',(#1677));
#345=EDGE_LOOP('',(#1678));
#346=EDGE_LOOP('',(#1679));
#347=EDGE_LOOP('',(#1680));
#348=EDGE_LOOP('',(#1681));
#349=EDGE_LOOP('',(#1682));
#350=EDGE_LOOP('',(#1683));
#351=EDGE_LOOP('',(#1684));
#352=EDGE_LOOP('',(#1685));
#353=EDGE_LOOP('',(#1686,#1687,#1688,#1689,#1690,#1691,#1692,#1693,#1694,
#1695,#1696,#1697,#1698,#1699,#1700,#1701,#1702,#1703,#1704,#1705,#1706,
#1707,#1708,#1709,#1710,#1711));
#354=EDGE_LOOP('',(#1712));
#355=EDGE_LOOP('',(#1713));
#356=EDGE_LOOP('',(#1714));
#357=EDGE_LOOP('',(#1715));
#358=EDGE_LOOP('',(#1716));
#359=EDGE_LOOP('',(#1717));
#360=EDGE_LOOP('',(#1718));
#361=EDGE_LOOP('',(#1719));
#362=EDGE_LOOP('',(#1720));
#363=EDGE_LOOP('',(#1721));
#364=EDGE_LOOP('',(#1722));
#365=EDGE_LOOP('',(#1723));
#366=EDGE_LOOP('',(#1724));
#367=EDGE_LOOP('',(#1725));
#368=EDGE_LOOP('',(#1726));
#369=EDGE_LOOP('',(#1727));
#370=EDGE_LOOP('',(#1728));
#371=EDGE_LOOP('',(#1729));
#372=EDGE_LOOP('',(#1730));
#373=EDGE_LOOP('',(#1731));
#374=EDGE_LOOP('',(#1732));
#375=EDGE_LOOP('',(#1733));
#376=EDGE_LOOP('',(#1734));
#377=EDGE_LOOP('',(#1735));
#378=EDGE_LOOP('',(#1736));
#379=EDGE_LOOP('',(#1737));
#380=EDGE_LOOP('',(#1738));
#381=EDGE_LOOP('',(#1739));
#382=EDGE_LOOP('',(#1740));
#383=EDGE_LOOP('',(#1741));
#384=EDGE_LOOP('',(#1742));
#385=EDGE_LOOP('',(#1743));
#386=EDGE_LOOP('',(#1744));
#387=EDGE_LOOP('',(#1745));
#388=EDGE_LOOP('',(#1746,#1747,#1748,#1749));
#389=EDGE_LOOP('',(#1750,#1751,#1752,#1753));
#390=EDGE_LOOP('',(#1754,#1755,#1756,#1757));
#391=EDGE_LOOP('',(#1758,#1759,#1760,#1761));
#392=EDGE_LOOP('',(#1762,#1763,#1764,#1765));
#393=EDGE_LOOP('',(#1766,#1767,#1768,#1769));
#394=EDGE_LOOP('',(#1770,#1771,#1772,#1773));
#395=EDGE_LOOP('',(#1774,#1775,#1776,#1777));
#396=EDGE_LOOP('',(#1778));
#397=EDGE_LOOP('',(#1779));
#398=EDGE_LOOP('',(#1780));
#399=EDGE_LOOP('',(#1781));
#400=EDGE_LOOP('',(#1782));
#401=EDGE_LOOP('',(#1783));
#402=EDGE_LOOP('',(#1784));
#403=EDGE_LOOP('',(#1785));
#404=EDGE_LOOP('',(#1786,#1787,#1788,#1789));
#405=EDGE_LOOP('',(#1790,#1791,#1792,#1793));
#406=EDGE_LOOP('',(#1794,#1795,#1796,#1797,#1798));
#407=EDGE_LOOP('',(#1799,#1800,#1801,#1802));
#408=EDGE_LOOP('',(#1803,#1804,#1805,#1806));
#409=EDGE_LOOP('',(#1807,#1808,#1809,#1810));
#410=EDGE_LOOP('',(#1811,#1812,#1813,#1814));
#411=EDGE_LOOP('',(#1815,#1816,#1817,#1818,#1819,#1820));
#412=EDGE_LOOP('',(#1821,#1822,#1823,#1824));
#413=EDGE_LOOP('',(#1825,#1826,#1827,#1828));
#414=EDGE_LOOP('',(#1829,#1830,#1831,#1832));
#415=EDGE_LOOP('',(#1833,#1834,#1835,#1836));
#416=EDGE_LOOP('',(#1837,#1838,#1839,#1840));
#417=EDGE_LOOP('',(#1841,#1842,#1843,#1844));
#418=EDGE_LOOP('',(#1845,#1846,#1847,#1848,#1849));
#419=EDGE_LOOP('',(#1850,#1851,#1852,#1853));
#420=EDGE_LOOP('',(#1854,#1855,#1856,#1857,#1858));
#421=EDGE_LOOP('',(#1859,#1860,#1861,#1862));
#422=EDGE_LOOP('',(#1863,#1864,#1865,#1866));
#423=EDGE_LOOP('',(#1867,#1868,#1869,#1870));
#424=EDGE_LOOP('',(#1871,#1872,#1873,#1874));
#425=EDGE_LOOP('',(#1875,#1876,#1877,#1878));
#426=EDGE_LOOP('',(#1879,#1880,#1881,#1882));
#427=EDGE_LOOP('',(#1883,#1884,#1885,#1886));
#428=EDGE_LOOP('',(#1887,#1888,#1889,#1890));
#429=EDGE_LOOP('',(#1891,#1892,#1893,#1894));
#430=EDGE_LOOP('',(#1895,#1896,#1897,#1898));
#431=EDGE_LOOP('',(#1899,#1900,#1901,#1902));
#432=EDGE_LOOP('',(#1903,#1904,#1905,#1906,#1907));
#433=EDGE_LOOP('',(#1908,#1909,#1910,#1911,#1912));
#434=EDGE_LOOP('',(#1913,#1914,#1915,#1916));
#435=EDGE_LOOP('',(#1917,#1918,#1919,#1920,#1921));
#436=EDGE_LOOP('',(#1922,#1923,#1924,#1925,#1926));
#437=EDGE_LOOP('',(#1927,#1928,#1929,#1930));
#438=EDGE_LOOP('',(#1931,#1932,#1933,#1934));
#439=EDGE_LOOP('',(#1935,#1936,#1937,#1938));
#440=EDGE_LOOP('',(#1939,#1940,#1941,#1942));
#441=EDGE_LOOP('',(#1943,#1944,#1945,#1946));
#442=EDGE_LOOP('',(#1947,#1948,#1949,#1950));
#443=EDGE_LOOP('',(#1951,#1952,#1953,#1954,#1955));
#444=EDGE_LOOP('',(#1956,#1957,#1958,#1959,#1960));
#445=EDGE_LOOP('',(#1961,#1962,#1963,#1964));
#446=EDGE_LOOP('',(#1965,#1966,#1967,#1968,#1969));
#447=EDGE_LOOP('',(#1970,#1971,#1972,#1973,#1974));
#448=EDGE_LOOP('',(#1975,#1976,#1977,#1978));
#449=EDGE_LOOP('',(#1979,#1980,#1981,#1982));
#450=EDGE_LOOP('',(#1983,#1984,#1985,#1986));
#451=EDGE_LOOP('',(#1987,#1988,#1989,#1990));
#452=EDGE_LOOP('',(#1991,#1992,#1993,#1994));
#453=EDGE_LOOP('',(#1995,#1996,#1997,#1998));
#454=EDGE_LOOP('',(#1999,#2000,#2001,#2002));
#455=EDGE_LOOP('',(#2003,#2004,#2005,#2006));
#456=EDGE_LOOP('',(#2007,#2008,#2009,#2010));
#457=EDGE_LOOP('',(#2011,#2012,#2013,#2014));
#458=EDGE_LOOP('',(#2015,#2016,#2017,#2018));
#459=EDGE_LOOP('',(#2019,#2020,#2021,#2022));
#460=EDGE_LOOP('',(#2023,#2024,#2025,#2026));
#461=EDGE_LOOP('',(#2027,#2028,#2029,#2030));
#462=EDGE_LOOP('',(#2031,#2032,#2033,#2034));
#463=EDGE_LOOP('',(#2035,#2036,#2037,#2038));
#464=EDGE_LOOP('',(#2039,#2040,#2041,#2042));
#465=EDGE_LOOP('',(#2043,#2044,#2045,#2046));
#466=EDGE_LOOP('',(#2047,#2048,#2049,#2050));
#467=EDGE_LOOP('',(#2051,#2052,#2053,#2054));
#468=EDGE_LOOP('',(#2055,#2056,#2057,#2058));
#469=EDGE_LOOP('',(#2059,#2060,#2061,#2062));
#470=EDGE_LOOP('',(#2063,#2064,#2065,#2066));
#471=EDGE_LOOP('',(#2067,#2068,#2069,#2070));
#472=EDGE_LOOP('',(#2071,#2072,#2073,#2074));
#473=EDGE_LOOP('',(#2075,#2076,#2077,#2078));
#474=EDGE_LOOP('',(#2079,#2080,#2081,#2082));
#475=EDGE_LOOP('',(#2083,#2084,#2085,#2086));
#476=EDGE_LOOP('',(#2087,#2088,#2089,#2090));
#477=EDGE_LOOP('',(#2091,#2092,#2093,#2094));
#478=EDGE_LOOP('',(#2095,#2096,#2097,#2098));
#479=EDGE_LOOP('',(#2099,#2100,#2101,#2102));
#480=EDGE_LOOP('',(#2103,#2104,#2105,#2106));
#481=EDGE_LOOP('',(#2107,#2108,#2109,#2110,#2111,#2112,#2113,#2114));
#482=EDGE_LOOP('',(#2115,#2116,#2117,#2118,#2119,#2120,#2121,#2122));
#483=EDGE_LOOP('',(#2123,#2124,#2125,#2126,#2127,#2128,#2129,#2130));
#484=EDGE_LOOP('',(#2131,#2132,#2133,#2134,#2135,#2136,#2137,#2138));
#485=EDGE_LOOP('',(#2139,#2140,#2141,#2142));
#486=EDGE_LOOP('',(#2143));
#487=EDGE_LOOP('',(#2144));
#488=EDGE_LOOP('',(#2145,#2146,#2147,#2148));
#489=EDGE_LOOP('',(#2149));
#490=EDGE_LOOP('',(#2150));
#491=EDGE_LOOP('',(#2151,#2152,#2153,#2154));
#492=EDGE_LOOP('',(#2155));
#493=EDGE_LOOP('',(#2156));
#494=EDGE_LOOP('',(#2157,#2158,#2159,#2160));
#495=EDGE_LOOP('',(#2161));
#496=EDGE_LOOP('',(#2162));
#497=EDGE_LOOP('',(#2163,#2164,#2165,#2166));
#498=EDGE_LOOP('',(#2167,#2168,#2169,#2170));
#499=EDGE_LOOP('',(#2171,#2172,#2173,#2174));
#500=EDGE_LOOP('',(#2175,#2176,#2177,#2178));
#501=EDGE_LOOP('',(#2179,#2180,#2181,#2182));
#502=EDGE_LOOP('',(#2183,#2184,#2185,#2186));
#503=EDGE_LOOP('',(#2187,#2188,#2189,#2190));
#504=EDGE_LOOP('',(#2191,#2192,#2193,#2194));
#505=EDGE_LOOP('',(#2195,#2196,#2197,#2198));
#506=EDGE_LOOP('',(#2199,#2200,#2201,#2202));
#507=EDGE_LOOP('',(#2203,#2204,#2205,#2206));
#508=EDGE_LOOP('',(#2207,#2208,#2209,#2210));
#509=EDGE_LOOP('',(#2211,#2212,#2213,#2214));
#510=EDGE_LOOP('',(#2215,#2216,#2217,#2218));
#511=EDGE_LOOP('',(#2219,#2220,#2221,#2222));
#512=EDGE_LOOP('',(#2223,#2224,#2225,#2226));
#513=EDGE_LOOP('',(#2227,#2228,#2229,#2230,#2231,#2232,#2233,#2234));
#514=EDGE_LOOP('',(#2235));
#515=EDGE_LOOP('',(#2236));
#516=EDGE_LOOP('',(#2237));
#517=EDGE_LOOP('',(#2238));
#518=EDGE_LOOP('',(#2239));
#519=EDGE_LOOP('',(#2240));
#520=EDGE_LOOP('',(#2241));
#521=EDGE_LOOP('',(#2242));
#522=EDGE_LOOP('',(#2243,#2244,#2245,#2246,#2247,#2248,#2249,#2250));
#523=EDGE_LOOP('',(#2251));
#524=EDGE_LOOP('',(#2252));
#525=EDGE_LOOP('',(#2253));
#526=EDGE_LOOP('',(#2254));
#527=EDGE_LOOP('',(#2255));
#528=EDGE_LOOP('',(#2256));
#529=EDGE_LOOP('',(#2257));
#530=EDGE_LOOP('',(#2258));
#531=LINE('',#3531,#691);
#532=LINE('',#3561,#692);
#533=LINE('',#3591,#693);
#534=LINE('',#3621,#694);
#535=LINE('',#3626,#695);
#536=LINE('',#3639,#696);
#537=LINE('',#3643,#697);
#538=LINE('',#3647,#698);
#539=LINE('',#3651,#699);
#540=LINE('',#3655,#700);
#541=LINE('',#3659,#701);
#542=LINE('',#3663,#702);
#543=LINE('',#3665,#703);
#544=LINE('',#3667,#704);
#545=LINE('',#3670,#705);
#546=LINE('',#3672,#706);
#547=LINE('',#3674,#707);
#548=LINE('',#3675,#708);
#549=LINE('',#3677,#709);
#550=LINE('',#3681,#710);
#551=LINE('',#3683,#711);
#552=LINE('',#3685,#712);
#553=LINE('',#3688,#713);
#554=LINE('',#3690,#714);
#555=LINE('',#3692,#715);
#556=LINE('',#3693,#716);
#557=LINE('',#3762,#717);
#558=LINE('',#3763,#718);
#559=LINE('',#3765,#719);
#560=LINE('',#3769,#720);
#561=LINE('',#3771,#721);
#562=LINE('',#3773,#722);
#563=LINE('',#3777,#723);
#564=LINE('',#3779,#724);
#565=LINE('',#3780,#725);
#566=LINE('',#3782,#726);
#567=LINE('',#3786,#727);
#568=LINE('',#3788,#728);
#569=LINE('',#3790,#729);
#570=LINE('',#3864,#730);
#571=LINE('',#3872,#731);
#572=LINE('',#3880,#732);
#573=LINE('',#3888,#733);
#574=LINE('',#3915,#734);
#575=LINE('',#3919,#735);
#576=LINE('',#3921,#736);
#577=LINE('',#3922,#737);
#578=LINE('',#3925,#738);
#579=LINE('',#3939,#739);
#580=LINE('',#3942,#740);
#581=LINE('',#3944,#741);
#582=LINE('',#3945,#742);
#583=LINE('',#3948,#743);
#584=LINE('',#3949,#744);
#585=LINE('',#3952,#745);
#586=LINE('',#3953,#746);
#587=LINE('',#3955,#747);
#588=LINE('',#3959,#748);
#589=LINE('',#3973,#749);
#590=LINE('',#3987,#750);
#591=LINE('',#3990,#751);
#592=LINE('',#3992,#752);
#593=LINE('',#3993,#753);
#594=LINE('',#3996,#754);
#595=LINE('',#3997,#755);
#596=LINE('',#4000,#756);
#597=LINE('',#4001,#757);
#598=LINE('',#4004,#758);
#599=LINE('',#4017,#759);
#600=LINE('',#4020,#760);
#601=LINE('',#4023,#761);
#602=LINE('',#4025,#762);
#603=LINE('',#4026,#763);
#604=LINE('',#4029,#764);
#605=LINE('',#4030,#765);
#606=LINE('',#4033,#766);
#607=LINE('',#4034,#767);
#608=LINE('',#4037,#768);
#609=LINE('',#4038,#769);
#610=LINE('',#4041,#770);
#611=LINE('',#4042,#771);
#612=LINE('',#4046,#772);
#613=LINE('',#4060,#773);
#614=LINE('',#4074,#774);
#615=LINE('',#4077,#775);
#616=LINE('',#4079,#776);
#617=LINE('',#4080,#777);
#618=LINE('',#4083,#778);
#619=LINE('',#4084,#779);
#620=LINE('',#4087,#780);
#621=LINE('',#4088,#781);
#622=LINE('',#4198,#782);
#623=LINE('',#4200,#783);
#624=LINE('',#4202,#784);
#625=LINE('',#4204,#785);
#626=LINE('',#4206,#786);
#627=LINE('',#4208,#787);
#628=LINE('',#4210,#788);
#629=LINE('',#4212,#789);
#630=LINE('',#4214,#790);
#631=LINE('',#4216,#791);
#632=LINE('',#4218,#792);
#633=LINE('',#4220,#793);
#634=LINE('',#4222,#794);
#635=LINE('',#4224,#795);
#636=LINE('',#4226,#796);
#637=LINE('',#4228,#797);
#638=LINE('',#4230,#798);
#639=LINE('',#4232,#799);
#640=LINE('',#4234,#800);
#641=LINE('',#4236,#801);
#642=LINE('',#4238,#802);
#643=LINE('',#4240,#803);
#644=LINE('',#4242,#804);
#645=LINE('',#4244,#805);
#646=LINE('',#4246,#806);
#647=LINE('',#4248,#807);
#648=LINE('',#4250,#808);
#649=LINE('',#4252,#809);
#650=LINE('',#4254,#810);
#651=LINE('',#4256,#811);
#652=LINE('',#4258,#812);
#653=LINE('',#4260,#813);
#654=LINE('',#4262,#814);
#655=LINE('',#4271,#815);
#656=LINE('',#4279,#816);
#657=LINE('',#4287,#817);
#658=LINE('',#4295,#818);
#659=LINE('',#4303,#819);
#660=LINE('',#4309,#820);
#661=LINE('',#4315,#821);
#662=LINE('',#4321,#822);
#663=LINE('',#4327,#823);
#664=LINE('',#4333,#824);
#665=LINE('',#4339,#825);
#666=LINE('',#4345,#826);
#667=LINE('',#4350,#827);
#668=LINE('',#4352,#828);
#669=LINE('',#4354,#829);
#670=LINE('',#4355,#830);
#671=LINE('',#4358,#831);
#672=LINE('',#4360,#832);
#673=LINE('',#4361,#833);
#674=LINE('',#4364,#834);
#675=LINE('',#4366,#835);
#676=LINE('',#4367,#836);
#677=LINE('',#4370,#837);
#678=LINE('',#4372,#838);
#679=LINE('',#4373,#839);
#680=LINE('',#4376,#840);
#681=LINE('',#4378,#841);
#682=LINE('',#4379,#842);
#683=LINE('',#4382,#843);
#684=LINE('',#4384,#844);
#685=LINE('',#4385,#845);
#686=LINE('',#4388,#846);
#687=LINE('',#4390,#847);
#688=LINE('',#4391,#848);
#689=LINE('',#4393,#849);
#690=LINE('',#4394,#850);
#691=VECTOR('',#2789,1.5);
#692=VECTOR('',#2800,1.5);
#693=VECTOR('',#2811,1.5);
#694=VECTOR('',#2822,1.5);
#695=VECTOR('',#2829,10.);
#696=VECTOR('',#2830,10.);
#697=VECTOR('',#2835,10.);
#698=VECTOR('',#2838,10.);
#699=VECTOR('',#2843,10.);
#700=VECTOR('',#2846,10.);
#701=VECTOR('',#2851,10.);
#702=VECTOR('',#2854,10.);
#703=VECTOR('',#2855,10.);
#704=VECTOR('',#2856,10.);
#705=VECTOR('',#2859,10.);
#706=VECTOR('',#2860,10.);
#707=VECTOR('',#2861,10.);
#708=VECTOR('',#2862,10.);
#709=VECTOR('',#2863,10.);
#710=VECTOR('',#2866,10.);
#711=VECTOR('',#2867,10.);
#712=VECTOR('',#2868,10.);
#713=VECTOR('',#2871,10.);
#714=VECTOR('',#2872,10.);
#715=VECTOR('',#2873,10.);
#716=VECTOR('',#2874,10.);
#717=VECTOR('',#2943,10.);
#718=VECTOR('',#2944,10.);
#719=VECTOR('',#2945,10.);
#720=VECTOR('',#2948,10.);
#721=VECTOR('',#2949,10.);
#722=VECTOR('',#2950,10.);
#723=VECTOR('',#2953,10.);
#724=VECTOR('',#2954,10.);
#725=VECTOR('',#2955,10.);
#726=VECTOR('',#2956,10.);
#727=VECTOR('',#2959,10.);
#728=VECTOR('',#2960,10.);
#729=VECTOR('',#2961,10.);
#730=VECTOR('',#3038,3.25);
#731=VECTOR('',#3049,3.25);
#732=VECTOR('',#3060,3.25);
#733=VECTOR('',#3071,3.25);
#734=VECTOR('',#3092,10.);
#735=VECTOR('',#3097,10.);
#736=VECTOR('',#3098,10.);
#737=VECTOR('',#3099,10.);
#738=VECTOR('',#3102,10.);
#739=VECTOR('',#3107,10.);
#740=VECTOR('',#3110,10.);
#741=VECTOR('',#3111,10.);
#742=VECTOR('',#3112,10.);
#743=VECTOR('',#3115,10.);
#744=VECTOR('',#3116,10.);
#745=VECTOR('',#3119,10.);
#746=VECTOR('',#3120,10.);
#747=VECTOR('',#3123,10.);
#748=VECTOR('',#3126,10.);
#749=VECTOR('',#3131,10.);
#750=VECTOR('',#3136,10.);
#751=VECTOR('',#3139,10.);
#752=VECTOR('',#3140,10.);
#753=VECTOR('',#3141,10.);
#754=VECTOR('',#3144,10.);
#755=VECTOR('',#3145,10.);
#756=VECTOR('',#3148,10.);
#757=VECTOR('',#3149,10.);
#758=VECTOR('',#3152,10.);
#759=VECTOR('',#3155,10.);
#760=VECTOR('',#3160,10.);
#761=VECTOR('',#3163,10.);
#762=VECTOR('',#3164,10.);
#763=VECTOR('',#3165,10.);
#764=VECTOR('',#3168,10.);
#765=VECTOR('',#3169,10.);
#766=VECTOR('',#3172,10.);
#767=VECTOR('',#3173,10.);
#768=VECTOR('',#3176,10.);
#769=VECTOR('',#3177,10.);
#770=VECTOR('',#3180,10.);
#771=VECTOR('',#3181,10.);
#772=VECTOR('',#3184,10.);
#773=VECTOR('',#3189,10.);
#774=VECTOR('',#3194,10.);
#775=VECTOR('',#3197,10.);
#776=VECTOR('',#3198,10.);
#777=VECTOR('',#3199,10.);
#778=VECTOR('',#3202,10.);
#779=VECTOR('',#3203,10.);
#780=VECTOR('',#3206,10.);
#781=VECTOR('',#3207,10.);
#782=VECTOR('',#3266,3.);
#783=VECTOR('',#3269,1.49999999999999);
#784=VECTOR('',#3272,1.5);
#785=VECTOR('',#3275,3.00000000000001);
#786=VECTOR('',#3278,1.5);
#787=VECTOR('',#3281,1.5);
#788=VECTOR('',#3284,1.5);
#789=VECTOR('',#3287,1.5);
#790=VECTOR('',#3290,1.5);
#791=VECTOR('',#3293,1.5);
#792=VECTOR('',#3296,0.999999999999999);
#793=VECTOR('',#3299,3.);
#794=VECTOR('',#3302,1.49999999999999);
#795=VECTOR('',#3305,1.);
#796=VECTOR('',#3308,1.5);
#797=VECTOR('',#3311,1.5);
#798=VECTOR('',#3314,3.);
#799=VECTOR('',#3317,1.5);
#800=VECTOR('',#3320,1.5);
#801=VECTOR('',#3323,1.49999999999999);
#802=VECTOR('',#3326,1.5);
#803=VECTOR('',#3329,1.5);
#804=VECTOR('',#3332,1.5);
#805=VECTOR('',#3335,1.5);
#806=VECTOR('',#3338,1.5);
#807=VECTOR('',#3341,1.5);
#808=VECTOR('',#3344,1.49999999999999);
#809=VECTOR('',#3347,1.5);
#810=VECTOR('',#3350,1.5);
#811=VECTOR('',#3353,1.5);
#812=VECTOR('',#3356,1.5);
#813=VECTOR('',#3359,1.);
#814=VECTOR('',#3362,1.);
#815=VECTOR('',#3375,1.5);
#816=VECTOR('',#3386,1.5);
#817=VECTOR('',#3397,1.5);
#818=VECTOR('',#3408,1.5);
#819=VECTOR('',#3419,1.5);
#820=VECTOR('',#3426,1.5);
#821=VECTOR('',#3433,1.5);
#822=VECTOR('',#3440,1.5);
#823=VECTOR('',#3447,1.5);
#824=VECTOR('',#3454,1.5);
#825=VECTOR('',#3461,1.5);
#826=VECTOR('',#3468,1.5);
#827=VECTOR('',#3473,10.);
#828=VECTOR('',#3474,10.);
#829=VECTOR('',#3475,10.);
#830=VECTOR('',#3476,10.);
#831=VECTOR('',#3479,10.);
#832=VECTOR('',#3480,10.);
#833=VECTOR('',#3481,10.);
#834=VECTOR('',#3484,10.);
#835=VECTOR('',#3485,10.);
#836=VECTOR('',#3486,10.);
#837=VECTOR('',#3489,10.);
#838=VECTOR('',#3490,10.);
#839=VECTOR('',#3491,10.);
#840=VECTOR('',#3494,10.);
#841=VECTOR('',#3495,10.);
#842=VECTOR('',#3496,10.);
#843=VECTOR('',#3499,10.);
#844=VECTOR('',#3500,10.);
#845=VECTOR('',#3501,10.);
#846=VECTOR('',#3504,10.);
#847=VECTOR('',#3505,10.);
#848=VECTOR('',#3506,10.);
#849=VECTOR('',#3509,10.);
#850=VECTOR('',#3510,10.);
#851=CIRCLE('',#2499,1.5);
#852=CIRCLE('',#2500,1.5);
#853=CIRCLE('',#2501,1.5);
#854=CIRCLE('',#2502,1.5);
#855=CIRCLE('',#2504,1.5);
#856=CIRCLE('',#2505,1.5);
#857=CIRCLE('',#2506,1.5);
#858=CIRCLE('',#2507,1.5);
#859=CIRCLE('',#2509,1.5);
#860=CIRCLE('',#2510,1.5);
#861=CIRCLE('',#2511,1.5);
#862=CIRCLE('',#2512,1.5);
#863=CIRCLE('',#2514,1.5);
#864=CIRCLE('',#2515,1.5);
#865=CIRCLE('',#2516,1.5);
#866=CIRCLE('',#2526,14.5);
#867=CIRCLE('',#2527,14.5);
#868=CIRCLE('',#2528,14.5);
#869=CIRCLE('',#2529,14.5);
#870=CIRCLE('',#2530,3.);
#871=CIRCLE('',#2531,1.49999999999999);
#872=CIRCLE('',#2532,1.5);
#873=CIRCLE('',#2533,3.00000000000001);
#874=CIRCLE('',#2534,1.5);
#875=CIRCLE('',#2535,1.5);
#876=CIRCLE('',#2536,1.5);
#877=CIRCLE('',#2537,1.5);
#878=CIRCLE('',#2538,1.5);
#879=CIRCLE('',#2539,1.5);
#880=CIRCLE('',#2540,0.999999999999999);
#881=CIRCLE('',#2541,3.);
#882=CIRCLE('',#2542,1.49999999999999);
#883=CIRCLE('',#2543,1.);
#884=CIRCLE('',#2544,1.5);
#885=CIRCLE('',#2545,1.5);
#886=CIRCLE('',#2546,3.);
#887=CIRCLE('',#2547,1.5);
#888=CIRCLE('',#2548,1.5);
#889=CIRCLE('',#2549,1.49999999999999);
#890=CIRCLE('',#2550,1.5);
#891=CIRCLE('',#2551,1.5);
#892=CIRCLE('',#2552,1.5);
#893=CIRCLE('',#2553,1.5);
#894=CIRCLE('',#2554,1.5);
#895=CIRCLE('',#2555,1.5);
#896=CIRCLE('',#2556,1.49999999999999);
#897=CIRCLE('',#2557,1.5);
#898=CIRCLE('',#2558,1.5);
#899=CIRCLE('',#2559,1.5);
#900=CIRCLE('',#2560,1.5);
#901=CIRCLE('',#2561,1.);
#902=CIRCLE('',#2562,1.);
#903=CIRCLE('',#2564,14.5);
#904=CIRCLE('',#2565,14.5);
#905=CIRCLE('',#2566,14.5);
#906=CIRCLE('',#2567,14.5);
#907=CIRCLE('',#2568,4.25);
#908=CIRCLE('',#2569,4.25);
#909=CIRCLE('',#2570,1.);
#910=CIRCLE('',#2571,1.);
#911=CIRCLE('',#2572,1.5);
#912=CIRCLE('',#2573,1.5);
#913=CIRCLE('',#2574,1.5);
#914=CIRCLE('',#2575,1.49999999999999);
#915=CIRCLE('',#2576,1.5);
#916=CIRCLE('',#2577,1.5);
#917=CIRCLE('',#2578,1.5);
#918=CIRCLE('',#2579,1.5);
#919=CIRCLE('',#2580,1.5);
#920=CIRCLE('',#2581,1.49999999999999);
#921=CIRCLE('',#2582,1.5);
#922=CIRCLE('',#2583,1.5);
#923=CIRCLE('',#2584,3.);
#924=CIRCLE('',#2585,1.5);
#925=CIRCLE('',#2586,1.5);
#926=CIRCLE('',#2587,1.);
#927=CIRCLE('',#2588,1.49999999999999);
#928=CIRCLE('',#2589,3.);
#929=CIRCLE('',#2590,0.999999999999999);
#930=CIRCLE('',#2591,1.5);
#931=CIRCLE('',#2592,1.5);
#932=CIRCLE('',#2593,1.5);
#933=CIRCLE('',#2594,1.5);
#934=CIRCLE('',#2595,3.00000000000001);
#935=CIRCLE('',#2596,1.5);
#936=CIRCLE('',#2597,1.49999999999999);
#937=CIRCLE('',#2598,3.);
#938=CIRCLE('',#2599,4.25);
#939=CIRCLE('',#2600,4.25);
#940=CIRCLE('',#2602,1.);
#941=CIRCLE('',#2603,3.25);
#942=CIRCLE('',#2605,3.25);
#943=CIRCLE('',#2607,1.);
#944=CIRCLE('',#2608,3.25);
#945=CIRCLE('',#2610,3.25);
#946=CIRCLE('',#2612,1.);
#947=CIRCLE('',#2613,3.25);
#948=CIRCLE('',#2615,3.25);
#949=CIRCLE('',#2617,1.);
#950=CIRCLE('',#2618,3.25);
#951=CIRCLE('',#2620,3.25);
#952=CIRCLE('',#2622,1.5);
#953=CIRCLE('',#2624,1.5);
#954=CIRCLE('',#2626,1.5);
#955=CIRCLE('',#2628,1.5);
#956=CIRCLE('',#2730,1.5);
#957=CIRCLE('',#2731,1.5);
#958=CIRCLE('',#2735,1.5);
#959=CIRCLE('',#2736,1.5);
#960=CIRCLE('',#2740,1.5);
#961=CIRCLE('',#2741,1.5);
#962=CIRCLE('',#2745,1.5);
#963=CIRCLE('',#2746,1.5);
#964=CIRCLE('',#2750,1.5);
#965=CIRCLE('',#2751,1.5);
#966=CIRCLE('',#2753,1.5);
#967=CIRCLE('',#2754,1.5);
#968=CIRCLE('',#2756,1.5);
#969=CIRCLE('',#2757,1.5);
#970=CIRCLE('',#2759,1.5);
#971=CIRCLE('',#2760,1.5);
#972=CIRCLE('',#2762,1.5);
#973=CIRCLE('',#2763,1.5);
#974=CIRCLE('',#2765,1.5);
#975=CIRCLE('',#2766,1.5);
#976=CIRCLE('',#2768,1.5);
#977=CIRCLE('',#2769,1.5);
#978=CIRCLE('',#2771,1.5);
#979=CIRCLE('',#2772,1.5);
#980=B_SPLINE_CURVE_WITH_KNOTS('',3,(#3519,#3520,#3521,#3522),
 .UNSPECIFIED.,.F.,.F.,(4,4),(0.640072540140899,0.655509575591707),
 .UNSPECIFIED.);
#981=B_SPLINE_CURVE_WITH_KNOTS('',3,(#3524,#3525,#3526,#3527),
 .UNSPECIFIED.,.F.,.F.,(4,4),(0.302360947198499,0.318913981234881),
 .UNSPECIFIED.);
#982=B_SPLINE_CURVE_WITH_KNOTS('',3,(#3535,#3536,#3537,#3538),
 .UNSPECIFIED.,.F.,.F.,(4,4),(0.150046898622064,0.166599932658447),
 .UNSPECIFIED.);
#983=B_SPLINE_CURVE_WITH_KNOTS('',3,(#3540,#3541,#3542,#3543),
 .UNSPECIFIED.,.F.,.F.,(4,4),(0.736399466851905,0.751828073924278),
 .UNSPECIFIED.);
#984=B_SPLINE_CURVE_WITH_KNOTS('',3,(#3549,#3550,#3551,#3552),
 .UNSPECIFIED.,.F.,.F.,(4,4),(0.587571620038199,0.635529676225746),
 .UNSPECIFIED.);
#985=B_SPLINE_CURVE_WITH_KNOTS('',3,(#3554,#3555,#3556,#3557),
 .UNSPECIFIED.,.F.,.F.,(4,4),(0.237804586242235,0.278589732585678),
 .UNSPECIFIED.);
#986=B_SPLINE_CURVE_WITH_KNOTS('',3,(#3565,#3566,#3567,#3568),
 .UNSPECIFIED.,.F.,.F.,(4,4),(0.182760504929873,0.223545651273316),
 .UNSPECIFIED.);
#987=B_SPLINE_CURVE_WITH_KNOTS('',3,(#3570,#3571,#3572,#3573),
 .UNSPECIFIED.,.F.,.F.,(4,4),(0.302443004103779,0.350401060291325),
 .UNSPECIFIED.);
#988=B_SPLINE_CURVE_WITH_KNOTS('',3,(#3579,#3580,#3581,#3582),
 .UNSPECIFIED.,.F.,.F.,(4,4),(0.618970155475624,0.635529676225743),
 .UNSPECIFIED.);
#989=B_SPLINE_CURVE_WITH_KNOTS('',3,(#3584,#3585,#3586,#3587),
 .UNSPECIFIED.,.F.,.F.,(4,4),(0.272416900350807,0.287845507423178),
 .UNSPECIFIED.);
#990=B_SPLINE_CURVE_WITH_KNOTS('',3,(#3595,#3596,#3597,#3598),
 .UNSPECIFIED.,.F.,.F.,(4,4),(0.640093743789415,0.655522350861785),
 .UNSPECIFIED.);
#991=B_SPLINE_CURVE_WITH_KNOTS('',3,(#3600,#3601,#3602,#3603),
 .UNSPECIFIED.,.F.,.F.,(4,4),(0.302443004103783,0.319002524853902),
 .UNSPECIFIED.);
#992=B_SPLINE_CURVE_WITH_KNOTS('',3,(#3609,#3610,#3611,#3612),
 .UNSPECIFIED.,.F.,.F.,(4,4),(0.644109850211982,0.684894996555429),
 .UNSPECIFIED.);
#993=B_SPLINE_CURVE_WITH_KNOTS('',3,(#3614,#3615,#3616,#3617),
 .UNSPECIFIED.,.F.,.F.,(4,4),(0.3023609471985,0.350334045957163),
 .UNSPECIFIED.);
#994=B_SPLINE_CURVE_WITH_KNOTS('',3,(#3628,#3629,#3630,#3631,#3632,#3633,
#3634,#3635,#3636,#3637),.UNSPECIFIED.,.F.,.F.,(4,2,2,2,4),(0.,0.113704605547674,
0.227409211095348,0.350630889059585,0.473852567023822),.UNSPECIFIED.);
#995=B_SPLINE_CURVE_WITH_KNOTS('',3,(#3904,#3905,#3906,#3907,#3908,#3909,
#3910,#3911,#3912,#3913),.UNSPECIFIED.,.F.,.F.,(4,2,2,2,4),(0.,0.113704605547674,
0.227409211095347,0.350630889059586,0.473852567023825),.UNSPECIFIED.);
#996=B_SPLINE_CURVE_WITH_KNOTS('',3,(#3926,#3927,#3928,#3929,#3930,#3931,
#3932,#3933,#3934,#3935),.UNSPECIFIED.,.F.,.F.,(4,2,2,2,4),(0.458427595141917,
0.581649273106154,0.704870951070392,0.818575556618066,0.93228016216574),
 .UNSPECIFIED.);
#997=B_SPLINE_CURVE_WITH_KNOTS('',3,(#3960,#3961,#3962,#3963,#3964,#3965,
#3966,#3967,#3968,#3969),.UNSPECIFIED.,.F.,.F.,(4,2,2,2,4),(0.458428387139915,
0.581650065104154,0.704871743068392,0.818576348616065,0.932280954163739),
 .UNSPECIFIED.);
#998=B_SPLINE_CURVE_WITH_KNOTS('',3,(#3977,#3978,#3979,#3980,#3981,#3982,
#3983,#3984,#3985,#3986),.UNSPECIFIED.,.F.,.F.,(4,2,2,2,4),(0.,0.113704605547674,
0.227409211095348,0.350630889059586,0.473852567023825),.UNSPECIFIED.);
#999=B_SPLINE_CURVE_WITH_KNOTS('',3,(#4005,#4006,#4007,#4008,#4009,#4010,
#4011,#4012,#4013,#4014),.UNSPECIFIED.,.F.,.F.,(4,2,2,2,4),(0.458428387139915,
0.581650065104154,0.704871743068393,0.818576348616067,0.93228095416374),
 .UNSPECIFIED.);
#1000=B_SPLINE_CURVE_WITH_KNOTS('',3,(#4047,#4048,#4049,#4050,#4051,#4052,
#4053,#4054,#4055,#4056),.UNSPECIFIED.,.F.,.F.,(4,2,2,2,4),(0.458428387139917,
0.581650065104155,0.704871743068393,0.818576348616066,0.93228095416374),
 .UNSPECIFIED.);
#1001=B_SPLINE_CURVE_WITH_KNOTS('',3,(#4064,#4065,#4066,#4067,#4068,#4069,
#4070,#4071,#4072,#4073),.UNSPECIFIED.,.F.,.F.,(4,2,2,2,4),(0.,0.113704605547674,
0.227409211095348,0.350630889059587,0.473852567023825),.UNSPECIFIED.);
#1002=B_SPLINE_CURVE_WITH_KNOTS('',3,(#4091,#4092,#4093,#4094,#4095,#4096,
#4097,#4098,#4099,#4100),.UNSPECIFIED.,.F.,.F.,(4,2,2,2,4),(0.458428387139916,
0.581650065104153,0.70487174306839,0.818576348616064,0.932280954163737),
 .UNSPECIFIED.);
#1003=B_SPLINE_CURVE_WITH_KNOTS('',3,(#4108,#4109,#4110,#4111,#4112,#4113,
#4114,#4115,#4116,#4117),.UNSPECIFIED.,.F.,.F.,(4,2,2,2,4),(0.93228095416374,
1.04598555971141,1.15969016525909,1.28291184322333,1.40613352118756),
 .UNSPECIFIED.);
#1004=B_SPLINE_CURVE_WITH_KNOTS('',3,(#4119,#4120,#4121,#4122,#4123,#4124,
#4125,#4126,#4127,#4128),.UNSPECIFIED.,.F.,.F.,(4,2,2,2,4),(0.458428387139916,
0.581650065104154,0.704871743068393,0.818576348616066,0.93228095416374),
 .UNSPECIFIED.);
#1005=B_SPLINE_CURVE_WITH_KNOTS('',3,(#4133,#4134,#4135,#4136,#4137,#4138,
#4139,#4140,#4141,#4142),.UNSPECIFIED.,.F.,.F.,(4,2,2,2,4),(0.932280954163739,
1.04598555971141,1.15969016525909,1.28291184322332,1.40613352118756),
 .UNSPECIFIED.);
#1006=B_SPLINE_CURVE_WITH_KNOTS('',3,(#4144,#4145,#4146,#4147,#4148,#4149,
#4150,#4151,#4152,#4153),.UNSPECIFIED.,.F.,.F.,(4,2,2,2,4),(0.458428387139916,
0.581650065104154,0.704871743068393,0.818576348616067,0.932280954163741),
 .UNSPECIFIED.);
#1007=B_SPLINE_CURVE_WITH_KNOTS('',3,(#4158,#4159,#4160,#4161,#4162,#4163,
#4164,#4165,#4166,#4167),.UNSPECIFIED.,.F.,.F.,(4,2,2,2,4),(0.932280954163739,
1.04598555971141,1.15969016525909,1.28291184322332,1.40613352118756),
 .UNSPECIFIED.);
#1008=B_SPLINE_CURVE_WITH_KNOTS('',3,(#4170,#4171,#4172,#4173,#4174,#4175,
#4176,#4177,#4178,#4179),.UNSPECIFIED.,.F.,.F.,(4,2,2,2,4),(0.458428387139916,
0.581650065104154,0.704871743068393,0.818576348616067,0.93228095416374),
 .UNSPECIFIED.);
#1009=B_SPLINE_CURVE_WITH_KNOTS('',3,(#4187,#4188,#4189,#4190,#4191,#4192,
#4193,#4194,#4195,#4196),.UNSPECIFIED.,.F.,.F.,(4,2,2,2,4),(0.93228095416374,
1.04598555971141,1.15969016525909,1.28291184322333,1.40613352118756),
 .UNSPECIFIED.);
#1010=VERTEX_POINT('',#3517);
#1011=VERTEX_POINT('',#3518);
#1012=VERTEX_POINT('',#3523);
#1013=VERTEX_POINT('',#3528);
#1014=VERTEX_POINT('',#3530);
#1015=VERTEX_POINT('',#3532);
#1016=VERTEX_POINT('',#3534);
#1017=VERTEX_POINT('',#3539);
#1018=VERTEX_POINT('',#3547);
#1019=VERTEX_POINT('',#3548);
#1020=VERTEX_POINT('',#3553);
#1021=VERTEX_POINT('',#3558);
#1022=VERTEX_POINT('',#3560);
#1023=VERTEX_POINT('',#3562);
#1024=VERTEX_POINT('',#3564);
#1025=VERTEX_POINT('',#3569);
#1026=VERTEX_POINT('',#3577);
#1027=VERTEX_POINT('',#3578);
#1028=VERTEX_POINT('',#3583);
#1029=VERTEX_POINT('',#3588);
#1030=VERTEX_POINT('',#3590);
#1031=VERTEX_POINT('',#3592);
#1032=VERTEX_POINT('',#3594);
#1033=VERTEX_POINT('',#3599);
#1034=VERTEX_POINT('',#3607);
#1035=VERTEX_POINT('',#3608);
#1036=VERTEX_POINT('',#3613);
#1037=VERTEX_POINT('',#3618);
#1038=VERTEX_POINT('',#3620);
#1039=VERTEX_POINT('',#3625);
#1040=VERTEX_POINT('',#3627);
#1041=VERTEX_POINT('',#3638);
#1042=VERTEX_POINT('',#3642);
#1043=VERTEX_POINT('',#3644);
#1044=VERTEX_POINT('',#3646);
#1045=VERTEX_POINT('',#3650);
#1046=VERTEX_POINT('',#3652);
#1047=VERTEX_POINT('',#3654);
#1048=VERTEX_POINT('',#3658);
#1049=VERTEX_POINT('',#3660);
#1050=VERTEX_POINT('',#3662);
#1051=VERTEX_POINT('',#3664);
#1052=VERTEX_POINT('',#3666);
#1053=VERTEX_POINT('',#3668);
#1054=VERTEX_POINT('',#3671);
#1055=VERTEX_POINT('',#3673);
#1056=VERTEX_POINT('',#3676);
#1057=VERTEX_POINT('',#3678);
#1058=VERTEX_POINT('',#3680);
#1059=VERTEX_POINT('',#3682);
#1060=VERTEX_POINT('',#3684);
#1061=VERTEX_POINT('',#3686);
#1062=VERTEX_POINT('',#3689);
#1063=VERTEX_POINT('',#3691);
#1064=VERTEX_POINT('',#3694);
#1065=VERTEX_POINT('',#3696);
#1066=VERTEX_POINT('',#3698);
#1067=VERTEX_POINT('',#3700);
#1068=VERTEX_POINT('',#3702);
#1069=VERTEX_POINT('',#3704);
#1070=VERTEX_POINT('',#3706);
#1071=VERTEX_POINT('',#3708);
#1072=VERTEX_POINT('',#3710);
#1073=VERTEX_POINT('',#3712);
#1074=VERTEX_POINT('',#3714);
#1075=VERTEX_POINT('',#3716);
#1076=VERTEX_POINT('',#3718);
#1077=VERTEX_POINT('',#3720);
#1078=VERTEX_POINT('',#3722);
#1079=VERTEX_POINT('',#3724);
#1080=VERTEX_POINT('',#3726);
#1081=VERTEX_POINT('',#3728);
#1082=VERTEX_POINT('',#3730);
#1083=VERTEX_POINT('',#3732);
#1084=VERTEX_POINT('',#3734);
#1085=VERTEX_POINT('',#3736);
#1086=VERTEX_POINT('',#3738);
#1087=VERTEX_POINT('',#3740);
#1088=VERTEX_POINT('',#3742);
#1089=VERTEX_POINT('',#3744);
#1090=VERTEX_POINT('',#3746);
#1091=VERTEX_POINT('',#3748);
#1092=VERTEX_POINT('',#3750);
#1093=VERTEX_POINT('',#3752);
#1094=VERTEX_POINT('',#3754);
#1095=VERTEX_POINT('',#3756);
#1096=VERTEX_POINT('',#3758);
#1097=VERTEX_POINT('',#3761);
#1098=VERTEX_POINT('',#3764);
#1099=VERTEX_POINT('',#3766);
#1100=VERTEX_POINT('',#3768);
#1101=VERTEX_POINT('',#3770);
#1102=VERTEX_POINT('',#3772);
#1103=VERTEX_POINT('',#3774);
#1104=VERTEX_POINT('',#3776);
#1105=VERTEX_POINT('',#3778);
#1106=VERTEX_POINT('',#3781);
#1107=VERTEX_POINT('',#3783);
#1108=VERTEX_POINT('',#3785);
#1109=VERTEX_POINT('',#3787);
#1110=VERTEX_POINT('',#3789);
#1111=VERTEX_POINT('',#3792);
#1112=VERTEX_POINT('',#3794);
#1113=VERTEX_POINT('',#3796);
#1114=VERTEX_POINT('',#3798);
#1115=VERTEX_POINT('',#3800);
#1116=VERTEX_POINT('',#3802);
#1117=VERTEX_POINT('',#3804);
#1118=VERTEX_POINT('',#3806);
#1119=VERTEX_POINT('',#3808);
#1120=VERTEX_POINT('',#3810);
#1121=VERTEX_POINT('',#3812);
#1122=VERTEX_POINT('',#3814);
#1123=VERTEX_POINT('',#3816);
#1124=VERTEX_POINT('',#3818);
#1125=VERTEX_POINT('',#3820);
#1126=VERTEX_POINT('',#3822);
#1127=VERTEX_POINT('',#3824);
#1128=VERTEX_POINT('',#3826);
#1129=VERTEX_POINT('',#3828);
#1130=VERTEX_POINT('',#3830);
#1131=VERTEX_POINT('',#3832);
#1132=VERTEX_POINT('',#3834);
#1133=VERTEX_POINT('',#3836);
#1134=VERTEX_POINT('',#3838);
#1135=VERTEX_POINT('',#3840);
#1136=VERTEX_POINT('',#3842);
#1137=VERTEX_POINT('',#3844);
#1138=VERTEX_POINT('',#3846);
#1139=VERTEX_POINT('',#3848);
#1140=VERTEX_POINT('',#3850);
#1141=VERTEX_POINT('',#3852);
#1142=VERTEX_POINT('',#3854);
#1143=VERTEX_POINT('',#3856);
#1144=VERTEX_POINT('',#3859);
#1145=VERTEX_POINT('',#3863);
#1146=VERTEX_POINT('',#3867);
#1147=VERTEX_POINT('',#3871);
#1148=VERTEX_POINT('',#3875);
#1149=VERTEX_POINT('',#3879);
#1150=VERTEX_POINT('',#3883);
#1151=VERTEX_POINT('',#3887);
#1152=VERTEX_POINT('',#3891);
#1153=VERTEX_POINT('',#3894);
#1154=VERTEX_POINT('',#3897);
#1155=VERTEX_POINT('',#3900);
#1156=VERTEX_POINT('',#3903);
#1157=VERTEX_POINT('',#3914);
#1158=VERTEX_POINT('',#3918);
#1159=VERTEX_POINT('',#3920);
#1160=VERTEX_POINT('',#3924);
#1161=VERTEX_POINT('',#3937);
#1162=VERTEX_POINT('',#3941);
#1163=VERTEX_POINT('',#3943);
#1164=VERTEX_POINT('',#3947);
#1165=VERTEX_POINT('',#3951);
#1166=VERTEX_POINT('',#3957);
#1167=VERTEX_POINT('',#3958);
#1168=VERTEX_POINT('',#3972);
#1169=VERTEX_POINT('',#3976);
#1170=VERTEX_POINT('',#3989);
#1171=VERTEX_POINT('',#3991);
#1172=VERTEX_POINT('',#3995);
#1173=VERTEX_POINT('',#3999);
#1174=VERTEX_POINT('',#4003);
#1175=VERTEX_POINT('',#4016);
#1176=VERTEX_POINT('',#4022);
#1177=VERTEX_POINT('',#4024);
#1178=VERTEX_POINT('',#4028);
#1179=VERTEX_POINT('',#4032);
#1180=VERTEX_POINT('',#4036);
#1181=VERTEX_POINT('',#4040);
#1182=VERTEX_POINT('',#4044);
#1183=VERTEX_POINT('',#4045);
#1184=VERTEX_POINT('',#4059);
#1185=VERTEX_POINT('',#4063);
#1186=VERTEX_POINT('',#4076);
#1187=VERTEX_POINT('',#4078);
#1188=VERTEX_POINT('',#4082);
#1189=VERTEX_POINT('',#4086);
#1190=VERTEX_POINT('',#4268);
#1191=VERTEX_POINT('',#4270);
#1192=VERTEX_POINT('',#4276);
#1193=VERTEX_POINT('',#4278);
#1194=VERTEX_POINT('',#4284);
#1195=VERTEX_POINT('',#4286);
#1196=VERTEX_POINT('',#4292);
#1197=VERTEX_POINT('',#4294);
#1198=VERTEX_POINT('',#4300);
#1199=VERTEX_POINT('',#4302);
#1200=VERTEX_POINT('',#4306);
#1201=VERTEX_POINT('',#4308);
#1202=VERTEX_POINT('',#4312);
#1203=VERTEX_POINT('',#4314);
#1204=VERTEX_POINT('',#4318);
#1205=VERTEX_POINT('',#4320);
#1206=VERTEX_POINT('',#4324);
#1207=VERTEX_POINT('',#4326);
#1208=VERTEX_POINT('',#4330);
#1209=VERTEX_POINT('',#4332);
#1210=VERTEX_POINT('',#4336);
#1211=VERTEX_POINT('',#4338);
#1212=VERTEX_POINT('',#4342);
#1213=VERTEX_POINT('',#4344);
#1214=VERTEX_POINT('',#4348);
#1215=VERTEX_POINT('',#4349);
#1216=VERTEX_POINT('',#4351);
#1217=VERTEX_POINT('',#4353);
#1218=VERTEX_POINT('',#4357);
#1219=VERTEX_POINT('',#4359);
#1220=VERTEX_POINT('',#4363);
#1221=VERTEX_POINT('',#4365);
#1222=VERTEX_POINT('',#4369);
#1223=VERTEX_POINT('',#4371);
#1224=VERTEX_POINT('',#4375);
#1225=VERTEX_POINT('',#4377);
#1226=VERTEX_POINT('',#4381);
#1227=VERTEX_POINT('',#4383);
#1228=VERTEX_POINT('',#4387);
#1229=VERTEX_POINT('',#4389);
#1230=EDGE_CURVE('',#1010,#1011,#980,.T.);
#1231=EDGE_CURVE('',#1012,#1010,#981,.T.);
#1232=EDGE_CURVE('',#1013,#1012,#851,.T.);
#1233=EDGE_CURVE('',#1013,#1014,#531,.T.);
#1234=EDGE_CURVE('',#1015,#1014,#852,.T.);
#1235=EDGE_CURVE('',#1016,#1015,#982,.T.);
#1236=EDGE_CURVE('',#1017,#1016,#983,.T.);
#1237=EDGE_CURVE('',#1014,#1017,#853,.T.);
#1238=EDGE_CURVE('',#1011,#1013,#854,.T.);
#1239=EDGE_CURVE('',#1018,#1019,#984,.T.);
#1240=EDGE_CURVE('',#1020,#1018,#985,.T.);
#1241=EDGE_CURVE('',#1021,#1020,#855,.T.);
#1242=EDGE_CURVE('',#1021,#1022,#532,.T.);
#1243=EDGE_CURVE('',#1023,#1022,#856,.T.);
#1244=EDGE_CURVE('',#1024,#1023,#986,.T.);
#1245=EDGE_CURVE('',#1025,#1024,#987,.T.);
#1246=EDGE_CURVE('',#1022,#1025,#857,.T.);
#1247=EDGE_CURVE('',#1019,#1021,#858,.T.);
#1248=EDGE_CURVE('',#1026,#1027,#988,.T.);
#1249=EDGE_CURVE('',#1028,#1026,#989,.T.);
#1250=EDGE_CURVE('',#1029,#1028,#859,.T.);
#1251=EDGE_CURVE('',#1029,#1030,#533,.T.);
#1252=EDGE_CURVE('',#1031,#1030,#860,.T.);
#1253=EDGE_CURVE('',#1032,#1031,#990,.T.);
#1254=EDGE_CURVE('',#1033,#1032,#991,.T.);
#1255=EDGE_CURVE('',#1030,#1033,#861,.T.);
#1256=EDGE_CURVE('',#1027,#1029,#862,.T.);
#1257=EDGE_CURVE('',#1034,#1035,#992,.T.);
#1258=EDGE_CURVE('',#1036,#1034,#993,.T.);
#1259=EDGE_CURVE('',#1037,#1036,#863,.T.);
#1260=EDGE_CURVE('',#1037,#1038,#534,.T.);
#1261=EDGE_CURVE('',#1038,#1038,#864,.T.);
#1262=EDGE_CURVE('',#1035,#1037,#865,.T.);
#1263=EDGE_CURVE('',#1015,#1039,#535,.T.);
#1264=EDGE_CURVE('',#1039,#1040,#994,.F.);
#1265=EDGE_CURVE('',#1040,#1041,#536,.T.);
#1266=EDGE_CURVE('',#1016,#1041,#156,.T.);
#1267=EDGE_CURVE('',#1023,#1042,#537,.T.);
#1268=EDGE_CURVE('',#1042,#1043,#157,.T.);
#1269=EDGE_CURVE('',#1043,#1044,#538,.T.);
#1270=EDGE_CURVE('',#1024,#1044,#158,.T.);
#1271=EDGE_CURVE('',#1031,#1045,#539,.T.);
#1272=EDGE_CURVE('',#1045,#1046,#159,.T.);
#1273=EDGE_CURVE('',#1046,#1047,#540,.T.);
#1274=EDGE_CURVE('',#1032,#1047,#160,.T.);
#1275=EDGE_CURVE('',#1048,#1012,#541,.T.);
#1276=EDGE_CURVE('',#1048,#1049,#866,.T.);
#1277=EDGE_CURVE('',#1050,#1049,#542,.T.);
#1278=EDGE_CURVE('',#1051,#1050,#543,.T.);
#1279=EDGE_CURVE('',#1052,#1051,#544,.T.);
#1280=EDGE_CURVE('',#1052,#1053,#867,.T.);
#1281=EDGE_CURVE('',#1019,#1053,#545,.T.);
#1282=EDGE_CURVE('',#1054,#1020,#546,.T.);
#1283=EDGE_CURVE('',#1055,#1054,#547,.T.);
#1284=EDGE_CURVE('',#1035,#1055,#548,.T.);
#1285=EDGE_CURVE('',#1056,#1036,#549,.T.);
#1286=EDGE_CURVE('',#1056,#1057,#868,.T.);
#1287=EDGE_CURVE('',#1058,#1057,#550,.T.);
#1288=EDGE_CURVE('',#1059,#1058,#551,.T.);
#1289=EDGE_CURVE('',#1060,#1059,#552,.T.);
#1290=EDGE_CURVE('',#1060,#1061,#869,.T.);
#1291=EDGE_CURVE('',#1027,#1061,#553,.T.);
#1292=EDGE_CURVE('',#1062,#1028,#554,.T.);
#1293=EDGE_CURVE('',#1063,#1062,#555,.T.);
#1294=EDGE_CURVE('',#1011,#1063,#556,.T.);
#1295=EDGE_CURVE('',#1064,#1064,#870,.T.);
#1296=EDGE_CURVE('',#1065,#1065,#871,.T.);
#1297=EDGE_CURVE('',#1066,#1066,#872,.T.);
#1298=EDGE_CURVE('',#1067,#1067,#873,.T.);
#1299=EDGE_CURVE('',#1068,#1068,#874,.T.);
#1300=EDGE_CURVE('',#1069,#1069,#875,.T.);
#1301=EDGE_CURVE('',#1070,#1070,#876,.T.);
#1302=EDGE_CURVE('',#1071,#1071,#877,.T.);
#1303=EDGE_CURVE('',#1072,#1072,#878,.T.);
#1304=EDGE_CURVE('',#1073,#1073,#879,.T.);
#1305=EDGE_CURVE('',#1074,#1074,#880,.T.);
#1306=EDGE_CURVE('',#1075,#1075,#881,.T.);
#1307=EDGE_CURVE('',#1076,#1076,#882,.T.);
#1308=EDGE_CURVE('',#1077,#1077,#883,.T.);
#1309=EDGE_CURVE('',#1078,#1078,#884,.T.);
#1310=EDGE_CURVE('',#1079,#1079,#885,.T.);
#1311=EDGE_CURVE('',#1080,#1080,#886,.T.);
#1312=EDGE_CURVE('',#1081,#1081,#887,.T.);
#1313=EDGE_CURVE('',#1082,#1082,#888,.T.);
#1314=EDGE_CURVE('',#1083,#1083,#889,.T.);
#1315=EDGE_CURVE('',#1084,#1084,#890,.T.);
#1316=EDGE_CURVE('',#1085,#1085,#891,.T.);
#1317=EDGE_CURVE('',#1086,#1086,#892,.T.);
#1318=EDGE_CURVE('',#1087,#1087,#893,.T.);
#1319=EDGE_CURVE('',#1088,#1088,#894,.T.);
#1320=EDGE_CURVE('',#1089,#1089,#895,.T.);
#1321=EDGE_CURVE('',#1090,#1090,#896,.T.);
#1322=EDGE_CURVE('',#1091,#1091,#897,.T.);
#1323=EDGE_CURVE('',#1092,#1092,#898,.T.);
#1324=EDGE_CURVE('',#1093,#1093,#899,.T.);
#1325=EDGE_CURVE('',#1094,#1094,#900,.T.);
#1326=EDGE_CURVE('',#1095,#1095,#901,.T.);
#1327=EDGE_CURVE('',#1096,#1096,#902,.T.);
#1328=EDGE_CURVE('',#1097,#1017,#557,.T.);
#1329=EDGE_CURVE('',#1045,#1097,#558,.T.);
#1330=EDGE_CURVE('',#1098,#1033,#559,.T.);
#1331=EDGE_CURVE('',#1099,#1098,#903,.T.);
#1332=EDGE_CURVE('',#1100,#1099,#560,.T.);
#1333=EDGE_CURVE('',#1101,#1100,#561,.T.);
#1334=EDGE_CURVE('',#1102,#1101,#562,.T.);
#1335=EDGE_CURVE('',#1103,#1102,#904,.T.);
#1336=EDGE_CURVE('',#1104,#1103,#563,.T.);
#1337=EDGE_CURVE('',#1105,#1104,#564,.T.);
#1338=EDGE_CURVE('',#1042,#1105,#565,.T.);
#1339=EDGE_CURVE('',#1106,#1025,#566,.T.);
#1340=EDGE_CURVE('',#1107,#1106,#905,.T.);
#1341=EDGE_CURVE('',#1108,#1107,#567,.T.);
#1342=EDGE_CURVE('',#1109,#1108,#568,.T.);
#1343=EDGE_CURVE('',#1110,#1109,#569,.T.);
#1344=EDGE_CURVE('',#1039,#1110,#906,.T.);
#1345=EDGE_CURVE('',#1111,#1111,#907,.T.);
#1346=EDGE_CURVE('',#1112,#1112,#908,.T.);
#1347=EDGE_CURVE('',#1113,#1113,#909,.T.);
#1348=EDGE_CURVE('',#1114,#1114,#910,.T.);
#1349=EDGE_CURVE('',#1115,#1115,#911,.T.);
#1350=EDGE_CURVE('',#1116,#1116,#912,.T.);
#1351=EDGE_CURVE('',#1117,#1117,#913,.T.);
#1352=EDGE_CURVE('',#1118,#1118,#914,.T.);
#1353=EDGE_CURVE('',#1119,#1119,#915,.T.);
#1354=EDGE_CURVE('',#1120,#1120,#916,.T.);
#1355=EDGE_CURVE('',#1121,#1121,#917,.T.);
#1356=EDGE_CURVE('',#1122,#1122,#918,.T.);
#1357=EDGE_CURVE('',#1123,#1123,#919,.T.);
#1358=EDGE_CURVE('',#1124,#1124,#920,.T.);
#1359=EDGE_CURVE('',#1125,#1125,#921,.T.);
#1360=EDGE_CURVE('',#1126,#1126,#922,.T.);
#1361=EDGE_CURVE('',#1127,#1127,#923,.T.);
#1362=EDGE_CURVE('',#1128,#1128,#924,.T.);
#1363=EDGE_CURVE('',#1129,#1129,#925,.T.);
#1364=EDGE_CURVE('',#1130,#1130,#926,.T.);
#1365=EDGE_CURVE('',#1131,#1131,#927,.T.);
#1366=EDGE_CURVE('',#1132,#1132,#928,.T.);
#1367=EDGE_CURVE('',#1133,#1133,#929,.T.);
#1368=EDGE_CURVE('',#1134,#1134,#930,.T.);
#1369=EDGE_CURVE('',#1135,#1135,#931,.T.);
#1370=EDGE_CURVE('',#1136,#1136,#932,.T.);
#1371=EDGE_CURVE('',#1137,#1137,#933,.T.);
#1372=EDGE_CURVE('',#1138,#1138,#934,.T.);
#1373=EDGE_CURVE('',#1139,#1139,#935,.T.);
#1374=EDGE_CURVE('',#1140,#1140,#936,.T.);
#1375=EDGE_CURVE('',#1141,#1141,#937,.T.);
#1376=EDGE_CURVE('',#1142,#1142,#938,.T.);
#1377=EDGE_CURVE('',#1143,#1143,#939,.T.);
#1378=EDGE_CURVE('',#1111,#1144,#940,.T.);
#1379=EDGE_CURVE('',#1144,#1144,#941,.T.);
#1380=EDGE_CURVE('',#1144,#1145,#570,.T.);
#1381=EDGE_CURVE('',#1145,#1145,#942,.T.);
#1382=EDGE_CURVE('',#1143,#1146,#943,.T.);
#1383=EDGE_CURVE('',#1146,#1146,#944,.T.);
#1384=EDGE_CURVE('',#1146,#1147,#571,.T.);
#1385=EDGE_CURVE('',#1147,#1147,#945,.T.);
#1386=EDGE_CURVE('',#1112,#1148,#946,.T.);
#1387=EDGE_CURVE('',#1148,#1148,#947,.T.);
#1388=EDGE_CURVE('',#1148,#1149,#572,.T.);
#1389=EDGE_CURVE('',#1149,#1149,#948,.T.);
#1390=EDGE_CURVE('',#1142,#1150,#949,.T.);
#1391=EDGE_CURVE('',#1150,#1150,#950,.T.);
#1392=EDGE_CURVE('',#1150,#1151,#573,.T.);
#1393=EDGE_CURVE('',#1151,#1151,#951,.T.);
#1394=EDGE_CURVE('',#1152,#1152,#952,.T.);
#1395=EDGE_CURVE('',#1153,#1153,#953,.T.);
#1396=EDGE_CURVE('',#1154,#1154,#954,.T.);
#1397=EDGE_CURVE('',#1155,#1155,#955,.T.);
#1398=EDGE_CURVE('',#1103,#1156,#995,.F.);
#1399=EDGE_CURVE('',#1156,#1157,#574,.T.);
#1400=EDGE_CURVE('',#1157,#1104,#161,.F.);
#1401=EDGE_CURVE('',#1156,#1158,#575,.T.);
#1402=EDGE_CURVE('',#1159,#1158,#576,.T.);
#1403=EDGE_CURVE('',#1157,#1159,#577,.T.);
#1404=EDGE_CURVE('',#1044,#1160,#578,.T.);
#1405=EDGE_CURVE('',#1160,#1106,#996,.F.);
#1406=EDGE_CURVE('',#1105,#1161,#162,.T.);
#1407=EDGE_CURVE('',#1161,#1043,#579,.T.);
#1408=EDGE_CURVE('',#1044,#1162,#580,.T.);
#1409=EDGE_CURVE('',#1163,#1162,#581,.T.);
#1410=EDGE_CURVE('',#1160,#1163,#582,.T.);
#1411=EDGE_CURVE('',#1043,#1164,#583,.T.);
#1412=EDGE_CURVE('',#1162,#1164,#584,.T.);
#1413=EDGE_CURVE('',#1161,#1165,#585,.T.);
#1414=EDGE_CURVE('',#1164,#1165,#586,.T.);
#1415=EDGE_CURVE('',#1165,#1159,#587,.T.);
#1416=EDGE_CURVE('',#1166,#1167,#588,.T.);
#1417=EDGE_CURVE('',#1167,#1110,#997,.F.);
#1418=EDGE_CURVE('',#1109,#1166,#163,.T.);
#1419=EDGE_CURVE('',#1168,#1166,#589,.T.);
#1420=EDGE_CURVE('',#1108,#1168,#164,.T.);
#1421=EDGE_CURVE('',#1107,#1169,#998,.F.);
#1422=EDGE_CURVE('',#1169,#1168,#590,.T.);
#1423=EDGE_CURVE('',#1166,#1170,#591,.T.);
#1424=EDGE_CURVE('',#1171,#1170,#592,.T.);
#1425=EDGE_CURVE('',#1167,#1171,#593,.T.);
#1426=EDGE_CURVE('',#1168,#1172,#594,.T.);
#1427=EDGE_CURVE('',#1170,#1172,#595,.T.);
#1428=EDGE_CURVE('',#1169,#1173,#596,.T.);
#1429=EDGE_CURVE('',#1172,#1173,#597,.T.);
#1430=EDGE_CURVE('',#1047,#1174,#598,.T.);
#1431=EDGE_CURVE('',#1174,#1098,#999,.F.);
#1432=EDGE_CURVE('',#1175,#1046,#599,.T.);
#1433=EDGE_CURVE('',#1097,#1175,#165,.T.);
#1434=EDGE_CURVE('',#1041,#1175,#600,.T.);
#1435=EDGE_CURVE('',#1047,#1176,#601,.T.);
#1436=EDGE_CURVE('',#1177,#1176,#602,.T.);
#1437=EDGE_CURVE('',#1174,#1177,#603,.T.);
#1438=EDGE_CURVE('',#1046,#1178,#604,.T.);
#1439=EDGE_CURVE('',#1176,#1178,#605,.T.);
#1440=EDGE_CURVE('',#1175,#1179,#606,.T.);
#1441=EDGE_CURVE('',#1178,#1179,#607,.T.);
#1442=EDGE_CURVE('',#1041,#1180,#608,.T.);
#1443=EDGE_CURVE('',#1179,#1180,#609,.T.);
#1444=EDGE_CURVE('',#1040,#1181,#610,.T.);
#1445=EDGE_CURVE('',#1180,#1181,#611,.T.);
#1446=EDGE_CURVE('',#1182,#1183,#612,.T.);
#1447=EDGE_CURVE('',#1183,#1102,#1000,.F.);
#1448=EDGE_CURVE('',#1101,#1182,#166,.T.);
#1449=EDGE_CURVE('',#1184,#1182,#613,.T.);
#1450=EDGE_CURVE('',#1100,#1184,#167,.T.);
#1451=EDGE_CURVE('',#1099,#1185,#1001,.F.);
#1452=EDGE_CURVE('',#1185,#1184,#614,.T.);
#1453=EDGE_CURVE('',#1182,#1186,#615,.T.);
#1454=EDGE_CURVE('',#1187,#1186,#616,.T.);
#1455=EDGE_CURVE('',#1183,#1187,#617,.T.);
#1456=EDGE_CURVE('',#1184,#1188,#618,.T.);
#1457=EDGE_CURVE('',#1186,#1188,#619,.T.);
#1458=EDGE_CURVE('',#1185,#1189,#620,.T.);
#1459=EDGE_CURVE('',#1188,#1189,#621,.T.);
#1460=EDGE_CURVE('',#1010,#1180,#168,.T.);
#1461=EDGE_CURVE('',#1181,#1048,#1002,.F.);
#1462=EDGE_CURVE('',#1063,#1179,#169,.T.);
#1463=EDGE_CURVE('',#1062,#1178,#170,.T.);
#1464=EDGE_CURVE('',#1026,#1176,#171,.T.);
#1465=EDGE_CURVE('',#1061,#1177,#1003,.F.);
#1466=EDGE_CURVE('',#1173,#1052,#1004,.F.);
#1467=EDGE_CURVE('',#1051,#1172,#172,.T.);
#1468=EDGE_CURVE('',#1050,#1170,#173,.T.);
#1469=EDGE_CURVE('',#1049,#1171,#1005,.F.);
#1470=EDGE_CURVE('',#1189,#1060,#1006,.F.);
#1471=EDGE_CURVE('',#1059,#1188,#174,.T.);
#1472=EDGE_CURVE('',#1058,#1186,#175,.T.);
#1473=EDGE_CURVE('',#1057,#1187,#1007,.F.);
#1474=EDGE_CURVE('',#1034,#1159,#176,.T.);
#1475=EDGE_CURVE('',#1158,#1056,#1008,.F.);
#1476=EDGE_CURVE('',#1055,#1165,#177,.T.);
#1477=EDGE_CURVE('',#1054,#1164,#178,.T.);
#1478=EDGE_CURVE('',#1018,#1162,#179,.T.);
#1479=EDGE_CURVE('',#1053,#1163,#1009,.F.);
#1480=EDGE_CURVE('',#1064,#1141,#622,.T.);
#1481=EDGE_CURVE('',#1065,#1140,#623,.T.);
#1482=EDGE_CURVE('',#1066,#1139,#624,.T.);
#1483=EDGE_CURVE('',#1067,#1138,#625,.T.);
#1484=EDGE_CURVE('',#1068,#1137,#626,.T.);
#1485=EDGE_CURVE('',#1069,#1136,#627,.T.);
#1486=EDGE_CURVE('',#1070,#1155,#628,.T.);
#1487=EDGE_CURVE('',#1071,#1154,#629,.T.);
#1488=EDGE_CURVE('',#1072,#1135,#630,.T.);
#1489=EDGE_CURVE('',#1073,#1134,#631,.T.);
#1490=EDGE_CURVE('',#1074,#1133,#632,.T.);
#1491=EDGE_CURVE('',#1075,#1132,#633,.T.);
#1492=EDGE_CURVE('',#1076,#1131,#634,.T.);
#1493=EDGE_CURVE('',#1077,#1130,#635,.T.);
#1494=EDGE_CURVE('',#1078,#1129,#636,.T.);
#1495=EDGE_CURVE('',#1079,#1128,#637,.T.);
#1496=EDGE_CURVE('',#1080,#1127,#638,.T.);
#1497=EDGE_CURVE('',#1081,#1126,#639,.T.);
#1498=EDGE_CURVE('',#1082,#1125,#640,.T.);
#1499=EDGE_CURVE('',#1083,#1124,#641,.T.);
#1500=EDGE_CURVE('',#1084,#1123,#642,.T.);
#1501=EDGE_CURVE('',#1085,#1122,#643,.T.);
#1502=EDGE_CURVE('',#1086,#1121,#644,.T.);
#1503=EDGE_CURVE('',#1087,#1152,#645,.T.);
#1504=EDGE_CURVE('',#1088,#1120,#646,.T.);
#1505=EDGE_CURVE('',#1089,#1119,#647,.T.);
#1506=EDGE_CURVE('',#1090,#1118,#648,.T.);
#1507=EDGE_CURVE('',#1091,#1117,#649,.T.);
#1508=EDGE_CURVE('',#1092,#1153,#650,.T.);
#1509=EDGE_CURVE('',#1093,#1116,#651,.T.);
#1510=EDGE_CURVE('',#1094,#1115,#652,.T.);
#1511=EDGE_CURVE('',#1095,#1114,#653,.T.);
#1512=EDGE_CURVE('',#1096,#1113,#654,.T.);
#1513=EDGE_CURVE('',#1190,#1190,#956,.T.);
#1514=EDGE_CURVE('',#1190,#1191,#655,.T.);
#1515=EDGE_CURVE('',#1191,#1191,#957,.T.);
#1516=EDGE_CURVE('',#1192,#1192,#958,.T.);
#1517=EDGE_CURVE('',#1192,#1193,#656,.T.);
#1518=EDGE_CURVE('',#1193,#1193,#959,.T.);
#1519=EDGE_CURVE('',#1194,#1194,#960,.T.);
#1520=EDGE_CURVE('',#1194,#1195,#657,.T.);
#1521=EDGE_CURVE('',#1195,#1195,#961,.T.);
#1522=EDGE_CURVE('',#1196,#1196,#962,.T.);
#1523=EDGE_CURVE('',#1196,#1197,#658,.T.);
#1524=EDGE_CURVE('',#1197,#1197,#963,.T.);
#1525=EDGE_CURVE('',#1198,#1198,#964,.T.);
#1526=EDGE_CURVE('',#1198,#1199,#659,.T.);
#1527=EDGE_CURVE('',#1199,#1199,#965,.T.);
#1528=EDGE_CURVE('',#1200,#1200,#966,.T.);
#1529=EDGE_CURVE('',#1200,#1201,#660,.T.);
#1530=EDGE_CURVE('',#1201,#1201,#967,.T.);
#1531=EDGE_CURVE('',#1202,#1202,#968,.T.);
#1532=EDGE_CURVE('',#1202,#1203,#661,.T.);
#1533=EDGE_CURVE('',#1203,#1203,#969,.T.);
#1534=EDGE_CURVE('',#1204,#1204,#970,.T.);
#1535=EDGE_CURVE('',#1204,#1205,#662,.T.);
#1536=EDGE_CURVE('',#1205,#1205,#971,.T.);
#1537=EDGE_CURVE('',#1206,#1206,#972,.T.);
#1538=EDGE_CURVE('',#1206,#1207,#663,.T.);
#1539=EDGE_CURVE('',#1207,#1207,#973,.T.);
#1540=EDGE_CURVE('',#1208,#1208,#974,.T.);
#1541=EDGE_CURVE('',#1208,#1209,#664,.T.);
#1542=EDGE_CURVE('',#1209,#1209,#975,.T.);
#1543=EDGE_CURVE('',#1210,#1210,#976,.T.);
#1544=EDGE_CURVE('',#1210,#1211,#665,.T.);
#1545=EDGE_CURVE('',#1211,#1211,#977,.T.);
#1546=EDGE_CURVE('',#1212,#1212,#978,.T.);
#1547=EDGE_CURVE('',#1212,#1213,#666,.T.);
#1548=EDGE_CURVE('',#1213,#1213,#979,.T.);
#1549=EDGE_CURVE('',#1214,#1215,#667,.T.);
#1550=EDGE_CURVE('',#1214,#1216,#668,.T.);
#1551=EDGE_CURVE('',#1217,#1216,#669,.T.);
#1552=EDGE_CURVE('',#1215,#1217,#670,.T.);
#1553=EDGE_CURVE('',#1215,#1218,#671,.T.);
#1554=EDGE_CURVE('',#1219,#1217,#672,.T.);
#1555=EDGE_CURVE('',#1218,#1219,#673,.T.);
#1556=EDGE_CURVE('',#1218,#1220,#674,.T.);
#1557=EDGE_CURVE('',#1221,#1219,#675,.T.);
#1558=EDGE_CURVE('',#1220,#1221,#676,.T.);
#1559=EDGE_CURVE('',#1222,#1220,#677,.T.);
#1560=EDGE_CURVE('',#1223,#1221,#678,.T.);
#1561=EDGE_CURVE('',#1222,#1223,#679,.T.);
#1562=EDGE_CURVE('',#1224,#1222,#680,.T.);
#1563=EDGE_CURVE('',#1225,#1223,#681,.T.);
#1564=EDGE_CURVE('',#1224,#1225,#682,.T.);
#1565=EDGE_CURVE('',#1226,#1224,#683,.T.);
#1566=EDGE_CURVE('',#1227,#1225,#684,.T.);
#1567=EDGE_CURVE('',#1226,#1227,#685,.T.);
#1568=EDGE_CURVE('',#1228,#1226,#686,.T.);
#1569=EDGE_CURVE('',#1229,#1227,#687,.T.);
#1570=EDGE_CURVE('',#1228,#1229,#688,.T.);
#1571=EDGE_CURVE('',#1214,#1228,#689,.T.);
#1572=EDGE_CURVE('',#1216,#1229,#690,.T.);
#1573=ORIENTED_EDGE('',*,*,#1230,.F.);
#1574=ORIENTED_EDGE('',*,*,#1231,.F.);
#1575=ORIENTED_EDGE('',*,*,#1232,.F.);
#1576=ORIENTED_EDGE('',*,*,#1233,.T.);
#1577=ORIENTED_EDGE('',*,*,#1234,.F.);
#1578=ORIENTED_EDGE('',*,*,#1235,.F.);
#1579=ORIENTED_EDGE('',*,*,#1236,.F.);
#1580=ORIENTED_EDGE('',*,*,#1237,.F.);
#1581=ORIENTED_EDGE('',*,*,#1233,.F.);
#1582=ORIENTED_EDGE('',*,*,#1238,.F.);
#1583=ORIENTED_EDGE('',*,*,#1239,.F.);
#1584=ORIENTED_EDGE('',*,*,#1240,.F.);
#1585=ORIENTED_EDGE('',*,*,#1241,.F.);
#1586=ORIENTED_EDGE('',*,*,#1242,.T.);
#1587=ORIENTED_EDGE('',*,*,#1243,.F.);
#1588=ORIENTED_EDGE('',*,*,#1244,.F.);
#1589=ORIENTED_EDGE('',*,*,#1245,.F.);
#1590=ORIENTED_EDGE('',*,*,#1246,.F.);
#1591=ORIENTED_EDGE('',*,*,#1242,.F.);
#1592=ORIENTED_EDGE('',*,*,#1247,.F.);
#1593=ORIENTED_EDGE('',*,*,#1248,.F.);
#1594=ORIENTED_EDGE('',*,*,#1249,.F.);
#1595=ORIENTED_EDGE('',*,*,#1250,.F.);
#1596=ORIENTED_EDGE('',*,*,#1251,.T.);
#1597=ORIENTED_EDGE('',*,*,#1252,.F.);
#1598=ORIENTED_EDGE('',*,*,#1253,.F.);
#1599=ORIENTED_EDGE('',*,*,#1254,.F.);
#1600=ORIENTED_EDGE('',*,*,#1255,.F.);
#1601=ORIENTED_EDGE('',*,*,#1251,.F.);
#1602=ORIENTED_EDGE('',*,*,#1256,.F.);
#1603=ORIENTED_EDGE('',*,*,#1257,.F.);
#1604=ORIENTED_EDGE('',*,*,#1258,.F.);
#1605=ORIENTED_EDGE('',*,*,#1259,.F.);
#1606=ORIENTED_EDGE('',*,*,#1260,.T.);
#1607=ORIENTED_EDGE('',*,*,#1261,.F.);
#1608=ORIENTED_EDGE('',*,*,#1260,.F.);
#1609=ORIENTED_EDGE('',*,*,#1262,.F.);
#1610=ORIENTED_EDGE('',*,*,#1235,.T.);
#1611=ORIENTED_EDGE('',*,*,#1263,.T.);
#1612=ORIENTED_EDGE('',*,*,#1264,.T.);
#1613=ORIENTED_EDGE('',*,*,#1265,.T.);
#1614=ORIENTED_EDGE('',*,*,#1266,.F.);
#1615=ORIENTED_EDGE('',*,*,#1244,.T.);
#1616=ORIENTED_EDGE('',*,*,#1267,.T.);
#1617=ORIENTED_EDGE('',*,*,#1268,.T.);
#1618=ORIENTED_EDGE('',*,*,#1269,.T.);
#1619=ORIENTED_EDGE('',*,*,#1270,.F.);
#1620=ORIENTED_EDGE('',*,*,#1253,.T.);
#1621=ORIENTED_EDGE('',*,*,#1271,.T.);
#1622=ORIENTED_EDGE('',*,*,#1272,.T.);
#1623=ORIENTED_EDGE('',*,*,#1273,.T.);
#1624=ORIENTED_EDGE('',*,*,#1274,.F.);
#1625=ORIENTED_EDGE('',*,*,#1238,.T.);
#1626=ORIENTED_EDGE('',*,*,#1232,.T.);
#1627=ORIENTED_EDGE('',*,*,#1275,.F.);
#1628=ORIENTED_EDGE('',*,*,#1276,.T.);
#1629=ORIENTED_EDGE('',*,*,#1277,.F.);
#1630=ORIENTED_EDGE('',*,*,#1278,.F.);
#1631=ORIENTED_EDGE('',*,*,#1279,.F.);
#1632=ORIENTED_EDGE('',*,*,#1280,.T.);
#1633=ORIENTED_EDGE('',*,*,#1281,.F.);
#1634=ORIENTED_EDGE('',*,*,#1247,.T.);
#1635=ORIENTED_EDGE('',*,*,#1241,.T.);
#1636=ORIENTED_EDGE('',*,*,#1282,.F.);
#1637=ORIENTED_EDGE('',*,*,#1283,.F.);
#1638=ORIENTED_EDGE('',*,*,#1284,.F.);
#1639=ORIENTED_EDGE('',*,*,#1262,.T.);
#1640=ORIENTED_EDGE('',*,*,#1259,.T.);
#1641=ORIENTED_EDGE('',*,*,#1285,.F.);
#1642=ORIENTED_EDGE('',*,*,#1286,.T.);
#1643=ORIENTED_EDGE('',*,*,#1287,.F.);
#1644=ORIENTED_EDGE('',*,*,#1288,.F.);
#1645=ORIENTED_EDGE('',*,*,#1289,.F.);
#1646=ORIENTED_EDGE('',*,*,#1290,.T.);
#1647=ORIENTED_EDGE('',*,*,#1291,.F.);
#1648=ORIENTED_EDGE('',*,*,#1256,.T.);
#1649=ORIENTED_EDGE('',*,*,#1250,.T.);
#1650=ORIENTED_EDGE('',*,*,#1292,.F.);
#1651=ORIENTED_EDGE('',*,*,#1293,.F.);
#1652=ORIENTED_EDGE('',*,*,#1294,.F.);
#1653=ORIENTED_EDGE('',*,*,#1295,.T.);
#1654=ORIENTED_EDGE('',*,*,#1296,.T.);
#1655=ORIENTED_EDGE('',*,*,#1297,.T.);
#1656=ORIENTED_EDGE('',*,*,#1298,.T.);
#1657=ORIENTED_EDGE('',*,*,#1299,.T.);
#1658=ORIENTED_EDGE('',*,*,#1300,.T.);
#1659=ORIENTED_EDGE('',*,*,#1301,.T.);
#1660=ORIENTED_EDGE('',*,*,#1302,.T.);
#1661=ORIENTED_EDGE('',*,*,#1303,.T.);
#1662=ORIENTED_EDGE('',*,*,#1304,.T.);
#1663=ORIENTED_EDGE('',*,*,#1305,.T.);
#1664=ORIENTED_EDGE('',*,*,#1306,.T.);
#1665=ORIENTED_EDGE('',*,*,#1307,.T.);
#1666=ORIENTED_EDGE('',*,*,#1308,.T.);
#1667=ORIENTED_EDGE('',*,*,#1309,.T.);
#1668=ORIENTED_EDGE('',*,*,#1310,.T.);
#1669=ORIENTED_EDGE('',*,*,#1311,.T.);
#1670=ORIENTED_EDGE('',*,*,#1312,.T.);
#1671=ORIENTED_EDGE('',*,*,#1313,.T.);
#1672=ORIENTED_EDGE('',*,*,#1314,.T.);
#1673=ORIENTED_EDGE('',*,*,#1315,.T.);
#1674=ORIENTED_EDGE('',*,*,#1316,.T.);
#1675=ORIENTED_EDGE('',*,*,#1317,.T.);
#1676=ORIENTED_EDGE('',*,*,#1318,.T.);
#1677=ORIENTED_EDGE('',*,*,#1319,.T.);
#1678=ORIENTED_EDGE('',*,*,#1320,.T.);
#1679=ORIENTED_EDGE('',*,*,#1321,.T.);
#1680=ORIENTED_EDGE('',*,*,#1322,.T.);
#1681=ORIENTED_EDGE('',*,*,#1323,.T.);
#1682=ORIENTED_EDGE('',*,*,#1324,.T.);
#1683=ORIENTED_EDGE('',*,*,#1325,.T.);
#1684=ORIENTED_EDGE('',*,*,#1326,.T.);
#1685=ORIENTED_EDGE('',*,*,#1327,.T.);
#1686=ORIENTED_EDGE('',*,*,#1234,.T.);
#1687=ORIENTED_EDGE('',*,*,#1237,.T.);
#1688=ORIENTED_EDGE('',*,*,#1328,.F.);
#1689=ORIENTED_EDGE('',*,*,#1329,.F.);
#1690=ORIENTED_EDGE('',*,*,#1271,.F.);
#1691=ORIENTED_EDGE('',*,*,#1252,.T.);
#1692=ORIENTED_EDGE('',*,*,#1255,.T.);
#1693=ORIENTED_EDGE('',*,*,#1330,.F.);
#1694=ORIENTED_EDGE('',*,*,#1331,.F.);
#1695=ORIENTED_EDGE('',*,*,#1332,.F.);
#1696=ORIENTED_EDGE('',*,*,#1333,.F.);
#1697=ORIENTED_EDGE('',*,*,#1334,.F.);
#1698=ORIENTED_EDGE('',*,*,#1335,.F.);
#1699=ORIENTED_EDGE('',*,*,#1336,.F.);
#1700=ORIENTED_EDGE('',*,*,#1337,.F.);
#1701=ORIENTED_EDGE('',*,*,#1338,.F.);
#1702=ORIENTED_EDGE('',*,*,#1267,.F.);
#1703=ORIENTED_EDGE('',*,*,#1243,.T.);
#1704=ORIENTED_EDGE('',*,*,#1246,.T.);
#1705=ORIENTED_EDGE('',*,*,#1339,.F.);
#1706=ORIENTED_EDGE('',*,*,#1340,.F.);
#1707=ORIENTED_EDGE('',*,*,#1341,.F.);
#1708=ORIENTED_EDGE('',*,*,#1342,.F.);
#1709=ORIENTED_EDGE('',*,*,#1343,.F.);
#1710=ORIENTED_EDGE('',*,*,#1344,.F.);
#1711=ORIENTED_EDGE('',*,*,#1263,.F.);
#1712=ORIENTED_EDGE('',*,*,#1345,.F.);
#1713=ORIENTED_EDGE('',*,*,#1346,.F.);
#1714=ORIENTED_EDGE('',*,*,#1347,.F.);
#1715=ORIENTED_EDGE('',*,*,#1348,.F.);
#1716=ORIENTED_EDGE('',*,*,#1349,.F.);
#1717=ORIENTED_EDGE('',*,*,#1350,.F.);
#1718=ORIENTED_EDGE('',*,*,#1351,.F.);
#1719=ORIENTED_EDGE('',*,*,#1352,.F.);
#1720=ORIENTED_EDGE('',*,*,#1353,.F.);
#1721=ORIENTED_EDGE('',*,*,#1354,.F.);
#1722=ORIENTED_EDGE('',*,*,#1355,.F.);
#1723=ORIENTED_EDGE('',*,*,#1356,.F.);
#1724=ORIENTED_EDGE('',*,*,#1357,.F.);
#1725=ORIENTED_EDGE('',*,*,#1358,.F.);
#1726=ORIENTED_EDGE('',*,*,#1359,.F.);
#1727=ORIENTED_EDGE('',*,*,#1360,.F.);
#1728=ORIENTED_EDGE('',*,*,#1361,.F.);
#1729=ORIENTED_EDGE('',*,*,#1362,.F.);
#1730=ORIENTED_EDGE('',*,*,#1363,.F.);
#1731=ORIENTED_EDGE('',*,*,#1364,.F.);
#1732=ORIENTED_EDGE('',*,*,#1365,.F.);
#1733=ORIENTED_EDGE('',*,*,#1366,.F.);
#1734=ORIENTED_EDGE('',*,*,#1367,.F.);
#1735=ORIENTED_EDGE('',*,*,#1368,.F.);
#1736=ORIENTED_EDGE('',*,*,#1369,.F.);
#1737=ORIENTED_EDGE('',*,*,#1370,.F.);
#1738=ORIENTED_EDGE('',*,*,#1371,.F.);
#1739=ORIENTED_EDGE('',*,*,#1372,.F.);
#1740=ORIENTED_EDGE('',*,*,#1373,.F.);
#1741=ORIENTED_EDGE('',*,*,#1374,.F.);
#1742=ORIENTED_EDGE('',*,*,#1375,.F.);
#1743=ORIENTED_EDGE('',*,*,#1376,.F.);
#1744=ORIENTED_EDGE('',*,*,#1377,.F.);
#1745=ORIENTED_EDGE('',*,*,#1261,.T.);
#1746=ORIENTED_EDGE('',*,*,#1345,.T.);
#1747=ORIENTED_EDGE('',*,*,#1378,.T.);
#1748=ORIENTED_EDGE('',*,*,#1379,.T.);
#1749=ORIENTED_EDGE('',*,*,#1378,.F.);
#1750=ORIENTED_EDGE('',*,*,#1379,.F.);
#1751=ORIENTED_EDGE('',*,*,#1380,.T.);
#1752=ORIENTED_EDGE('',*,*,#1381,.T.);
#1753=ORIENTED_EDGE('',*,*,#1380,.F.);
#1754=ORIENTED_EDGE('',*,*,#1377,.T.);
#1755=ORIENTED_EDGE('',*,*,#1382,.T.);
#1756=ORIENTED_EDGE('',*,*,#1383,.T.);
#1757=ORIENTED_EDGE('',*,*,#1382,.F.);
#1758=ORIENTED_EDGE('',*,*,#1383,.F.);
#1759=ORIENTED_EDGE('',*,*,#1384,.T.);
#1760=ORIENTED_EDGE('',*,*,#1385,.T.);
#1761=ORIENTED_EDGE('',*,*,#1384,.F.);
#1762=ORIENTED_EDGE('',*,*,#1346,.T.);
#1763=ORIENTED_EDGE('',*,*,#1386,.T.);
#1764=ORIENTED_EDGE('',*,*,#1387,.T.);
#1765=ORIENTED_EDGE('',*,*,#1386,.F.);
#1766=ORIENTED_EDGE('',*,*,#1387,.F.);
#1767=ORIENTED_EDGE('',*,*,#1388,.T.);
#1768=ORIENTED_EDGE('',*,*,#1389,.T.);
#1769=ORIENTED_EDGE('',*,*,#1388,.F.);
#1770=ORIENTED_EDGE('',*,*,#1376,.T.);
#1771=ORIENTED_EDGE('',*,*,#1390,.T.);
#1772=ORIENTED_EDGE('',*,*,#1391,.T.);
#1773=ORIENTED_EDGE('',*,*,#1390,.F.);
#1774=ORIENTED_EDGE('',*,*,#1391,.F.);
#1775=ORIENTED_EDGE('',*,*,#1392,.T.);
#1776=ORIENTED_EDGE('',*,*,#1393,.T.);
#1777=ORIENTED_EDGE('',*,*,#1392,.F.);
#1778=ORIENTED_EDGE('',*,*,#1389,.F.);
#1779=ORIENTED_EDGE('',*,*,#1394,.F.);
#1780=ORIENTED_EDGE('',*,*,#1385,.F.);
#1781=ORIENTED_EDGE('',*,*,#1395,.F.);
#1782=ORIENTED_EDGE('',*,*,#1393,.F.);
#1783=ORIENTED_EDGE('',*,*,#1396,.F.);
#1784=ORIENTED_EDGE('',*,*,#1381,.F.);
#1785=ORIENTED_EDGE('',*,*,#1397,.F.);
#1786=ORIENTED_EDGE('',*,*,#1398,.T.);
#1787=ORIENTED_EDGE('',*,*,#1399,.T.);
#1788=ORIENTED_EDGE('',*,*,#1400,.T.);
#1789=ORIENTED_EDGE('',*,*,#1336,.T.);
#1790=ORIENTED_EDGE('',*,*,#1399,.F.);
#1791=ORIENTED_EDGE('',*,*,#1401,.T.);
#1792=ORIENTED_EDGE('',*,*,#1402,.F.);
#1793=ORIENTED_EDGE('',*,*,#1403,.F.);
#1794=ORIENTED_EDGE('',*,*,#1245,.T.);
#1795=ORIENTED_EDGE('',*,*,#1270,.T.);
#1796=ORIENTED_EDGE('',*,*,#1404,.T.);
#1797=ORIENTED_EDGE('',*,*,#1405,.T.);
#1798=ORIENTED_EDGE('',*,*,#1339,.T.);
#1799=ORIENTED_EDGE('',*,*,#1338,.T.);
#1800=ORIENTED_EDGE('',*,*,#1406,.T.);
#1801=ORIENTED_EDGE('',*,*,#1407,.T.);
#1802=ORIENTED_EDGE('',*,*,#1268,.F.);
#1803=ORIENTED_EDGE('',*,*,#1404,.F.);
#1804=ORIENTED_EDGE('',*,*,#1408,.T.);
#1805=ORIENTED_EDGE('',*,*,#1409,.F.);
#1806=ORIENTED_EDGE('',*,*,#1410,.F.);
#1807=ORIENTED_EDGE('',*,*,#1269,.F.);
#1808=ORIENTED_EDGE('',*,*,#1411,.T.);
#1809=ORIENTED_EDGE('',*,*,#1412,.F.);
#1810=ORIENTED_EDGE('',*,*,#1408,.F.);
#1811=ORIENTED_EDGE('',*,*,#1407,.F.);
#1812=ORIENTED_EDGE('',*,*,#1413,.T.);
#1813=ORIENTED_EDGE('',*,*,#1414,.F.);
#1814=ORIENTED_EDGE('',*,*,#1411,.F.);
#1815=ORIENTED_EDGE('',*,*,#1406,.F.);
#1816=ORIENTED_EDGE('',*,*,#1337,.T.);
#1817=ORIENTED_EDGE('',*,*,#1400,.F.);
#1818=ORIENTED_EDGE('',*,*,#1403,.T.);
#1819=ORIENTED_EDGE('',*,*,#1415,.F.);
#1820=ORIENTED_EDGE('',*,*,#1413,.F.);
#1821=ORIENTED_EDGE('',*,*,#1416,.T.);
#1822=ORIENTED_EDGE('',*,*,#1417,.T.);
#1823=ORIENTED_EDGE('',*,*,#1343,.T.);
#1824=ORIENTED_EDGE('',*,*,#1418,.T.);
#1825=ORIENTED_EDGE('',*,*,#1419,.T.);
#1826=ORIENTED_EDGE('',*,*,#1418,.F.);
#1827=ORIENTED_EDGE('',*,*,#1342,.T.);
#1828=ORIENTED_EDGE('',*,*,#1420,.T.);
#1829=ORIENTED_EDGE('',*,*,#1341,.T.);
#1830=ORIENTED_EDGE('',*,*,#1421,.T.);
#1831=ORIENTED_EDGE('',*,*,#1422,.T.);
#1832=ORIENTED_EDGE('',*,*,#1420,.F.);
#1833=ORIENTED_EDGE('',*,*,#1416,.F.);
#1834=ORIENTED_EDGE('',*,*,#1423,.T.);
#1835=ORIENTED_EDGE('',*,*,#1424,.F.);
#1836=ORIENTED_EDGE('',*,*,#1425,.F.);
#1837=ORIENTED_EDGE('',*,*,#1419,.F.);
#1838=ORIENTED_EDGE('',*,*,#1426,.T.);
#1839=ORIENTED_EDGE('',*,*,#1427,.F.);
#1840=ORIENTED_EDGE('',*,*,#1423,.F.);
#1841=ORIENTED_EDGE('',*,*,#1422,.F.);
#1842=ORIENTED_EDGE('',*,*,#1428,.T.);
#1843=ORIENTED_EDGE('',*,*,#1429,.F.);
#1844=ORIENTED_EDGE('',*,*,#1426,.F.);
#1845=ORIENTED_EDGE('',*,*,#1254,.T.);
#1846=ORIENTED_EDGE('',*,*,#1274,.T.);
#1847=ORIENTED_EDGE('',*,*,#1430,.T.);
#1848=ORIENTED_EDGE('',*,*,#1431,.T.);
#1849=ORIENTED_EDGE('',*,*,#1330,.T.);
#1850=ORIENTED_EDGE('',*,*,#1432,.T.);
#1851=ORIENTED_EDGE('',*,*,#1272,.F.);
#1852=ORIENTED_EDGE('',*,*,#1329,.T.);
#1853=ORIENTED_EDGE('',*,*,#1433,.T.);
#1854=ORIENTED_EDGE('',*,*,#1236,.T.);
#1855=ORIENTED_EDGE('',*,*,#1266,.T.);
#1856=ORIENTED_EDGE('',*,*,#1434,.T.);
#1857=ORIENTED_EDGE('',*,*,#1433,.F.);
#1858=ORIENTED_EDGE('',*,*,#1328,.T.);
#1859=ORIENTED_EDGE('',*,*,#1430,.F.);
#1860=ORIENTED_EDGE('',*,*,#1435,.T.);
#1861=ORIENTED_EDGE('',*,*,#1436,.F.);
#1862=ORIENTED_EDGE('',*,*,#1437,.F.);
#1863=ORIENTED_EDGE('',*,*,#1273,.F.);
#1864=ORIENTED_EDGE('',*,*,#1438,.T.);
#1865=ORIENTED_EDGE('',*,*,#1439,.F.);
#1866=ORIENTED_EDGE('',*,*,#1435,.F.);
#1867=ORIENTED_EDGE('',*,*,#1432,.F.);
#1868=ORIENTED_EDGE('',*,*,#1440,.T.);
#1869=ORIENTED_EDGE('',*,*,#1441,.F.);
#1870=ORIENTED_EDGE('',*,*,#1438,.F.);
#1871=ORIENTED_EDGE('',*,*,#1434,.F.);
#1872=ORIENTED_EDGE('',*,*,#1442,.T.);
#1873=ORIENTED_EDGE('',*,*,#1443,.F.);
#1874=ORIENTED_EDGE('',*,*,#1440,.F.);
#1875=ORIENTED_EDGE('',*,*,#1265,.F.);
#1876=ORIENTED_EDGE('',*,*,#1444,.T.);
#1877=ORIENTED_EDGE('',*,*,#1445,.F.);
#1878=ORIENTED_EDGE('',*,*,#1442,.F.);
#1879=ORIENTED_EDGE('',*,*,#1446,.T.);
#1880=ORIENTED_EDGE('',*,*,#1447,.T.);
#1881=ORIENTED_EDGE('',*,*,#1334,.T.);
#1882=ORIENTED_EDGE('',*,*,#1448,.T.);
#1883=ORIENTED_EDGE('',*,*,#1449,.T.);
#1884=ORIENTED_EDGE('',*,*,#1448,.F.);
#1885=ORIENTED_EDGE('',*,*,#1333,.T.);
#1886=ORIENTED_EDGE('',*,*,#1450,.T.);
#1887=ORIENTED_EDGE('',*,*,#1332,.T.);
#1888=ORIENTED_EDGE('',*,*,#1451,.T.);
#1889=ORIENTED_EDGE('',*,*,#1452,.T.);
#1890=ORIENTED_EDGE('',*,*,#1450,.F.);
#1891=ORIENTED_EDGE('',*,*,#1446,.F.);
#1892=ORIENTED_EDGE('',*,*,#1453,.T.);
#1893=ORIENTED_EDGE('',*,*,#1454,.F.);
#1894=ORIENTED_EDGE('',*,*,#1455,.F.);
#1895=ORIENTED_EDGE('',*,*,#1449,.F.);
#1896=ORIENTED_EDGE('',*,*,#1456,.T.);
#1897=ORIENTED_EDGE('',*,*,#1457,.F.);
#1898=ORIENTED_EDGE('',*,*,#1453,.F.);
#1899=ORIENTED_EDGE('',*,*,#1452,.F.);
#1900=ORIENTED_EDGE('',*,*,#1458,.T.);
#1901=ORIENTED_EDGE('',*,*,#1459,.F.);
#1902=ORIENTED_EDGE('',*,*,#1456,.F.);
#1903=ORIENTED_EDGE('',*,*,#1231,.T.);
#1904=ORIENTED_EDGE('',*,*,#1460,.T.);
#1905=ORIENTED_EDGE('',*,*,#1445,.T.);
#1906=ORIENTED_EDGE('',*,*,#1461,.T.);
#1907=ORIENTED_EDGE('',*,*,#1275,.T.);
#1908=ORIENTED_EDGE('',*,*,#1230,.T.);
#1909=ORIENTED_EDGE('',*,*,#1294,.T.);
#1910=ORIENTED_EDGE('',*,*,#1462,.T.);
#1911=ORIENTED_EDGE('',*,*,#1443,.T.);
#1912=ORIENTED_EDGE('',*,*,#1460,.F.);
#1913=ORIENTED_EDGE('',*,*,#1441,.T.);
#1914=ORIENTED_EDGE('',*,*,#1462,.F.);
#1915=ORIENTED_EDGE('',*,*,#1293,.T.);
#1916=ORIENTED_EDGE('',*,*,#1463,.T.);
#1917=ORIENTED_EDGE('',*,*,#1249,.T.);
#1918=ORIENTED_EDGE('',*,*,#1464,.T.);
#1919=ORIENTED_EDGE('',*,*,#1439,.T.);
#1920=ORIENTED_EDGE('',*,*,#1463,.F.);
#1921=ORIENTED_EDGE('',*,*,#1292,.T.);
#1922=ORIENTED_EDGE('',*,*,#1248,.T.);
#1923=ORIENTED_EDGE('',*,*,#1291,.T.);
#1924=ORIENTED_EDGE('',*,*,#1465,.T.);
#1925=ORIENTED_EDGE('',*,*,#1436,.T.);
#1926=ORIENTED_EDGE('',*,*,#1464,.F.);
#1927=ORIENTED_EDGE('',*,*,#1429,.T.);
#1928=ORIENTED_EDGE('',*,*,#1466,.T.);
#1929=ORIENTED_EDGE('',*,*,#1279,.T.);
#1930=ORIENTED_EDGE('',*,*,#1467,.T.);
#1931=ORIENTED_EDGE('',*,*,#1427,.T.);
#1932=ORIENTED_EDGE('',*,*,#1467,.F.);
#1933=ORIENTED_EDGE('',*,*,#1278,.T.);
#1934=ORIENTED_EDGE('',*,*,#1468,.T.);
#1935=ORIENTED_EDGE('',*,*,#1277,.T.);
#1936=ORIENTED_EDGE('',*,*,#1469,.T.);
#1937=ORIENTED_EDGE('',*,*,#1424,.T.);
#1938=ORIENTED_EDGE('',*,*,#1468,.F.);
#1939=ORIENTED_EDGE('',*,*,#1459,.T.);
#1940=ORIENTED_EDGE('',*,*,#1470,.T.);
#1941=ORIENTED_EDGE('',*,*,#1289,.T.);
#1942=ORIENTED_EDGE('',*,*,#1471,.T.);
#1943=ORIENTED_EDGE('',*,*,#1288,.T.);
#1944=ORIENTED_EDGE('',*,*,#1472,.T.);
#1945=ORIENTED_EDGE('',*,*,#1457,.T.);
#1946=ORIENTED_EDGE('',*,*,#1471,.F.);
#1947=ORIENTED_EDGE('',*,*,#1287,.T.);
#1948=ORIENTED_EDGE('',*,*,#1473,.T.);
#1949=ORIENTED_EDGE('',*,*,#1454,.T.);
#1950=ORIENTED_EDGE('',*,*,#1472,.F.);
#1951=ORIENTED_EDGE('',*,*,#1258,.T.);
#1952=ORIENTED_EDGE('',*,*,#1474,.T.);
#1953=ORIENTED_EDGE('',*,*,#1402,.T.);
#1954=ORIENTED_EDGE('',*,*,#1475,.T.);
#1955=ORIENTED_EDGE('',*,*,#1285,.T.);
#1956=ORIENTED_EDGE('',*,*,#1257,.T.);
#1957=ORIENTED_EDGE('',*,*,#1284,.T.);
#1958=ORIENTED_EDGE('',*,*,#1476,.T.);
#1959=ORIENTED_EDGE('',*,*,#1415,.T.);
#1960=ORIENTED_EDGE('',*,*,#1474,.F.);
#1961=ORIENTED_EDGE('',*,*,#1414,.T.);
#1962=ORIENTED_EDGE('',*,*,#1476,.F.);
#1963=ORIENTED_EDGE('',*,*,#1283,.T.);
#1964=ORIENTED_EDGE('',*,*,#1477,.T.);
#1965=ORIENTED_EDGE('',*,*,#1240,.T.);
#1966=ORIENTED_EDGE('',*,*,#1478,.T.);
#1967=ORIENTED_EDGE('',*,*,#1412,.T.);
#1968=ORIENTED_EDGE('',*,*,#1477,.F.);
#1969=ORIENTED_EDGE('',*,*,#1282,.T.);
#1970=ORIENTED_EDGE('',*,*,#1239,.T.);
#1971=ORIENTED_EDGE('',*,*,#1281,.T.);
#1972=ORIENTED_EDGE('',*,*,#1479,.T.);
#1973=ORIENTED_EDGE('',*,*,#1409,.T.);
#1974=ORIENTED_EDGE('',*,*,#1478,.F.);
#1975=ORIENTED_EDGE('',*,*,#1295,.F.);
#1976=ORIENTED_EDGE('',*,*,#1480,.T.);
#1977=ORIENTED_EDGE('',*,*,#1375,.T.);
#1978=ORIENTED_EDGE('',*,*,#1480,.F.);
#1979=ORIENTED_EDGE('',*,*,#1296,.F.);
#1980=ORIENTED_EDGE('',*,*,#1481,.T.);
#1981=ORIENTED_EDGE('',*,*,#1374,.T.);
#1982=ORIENTED_EDGE('',*,*,#1481,.F.);
#1983=ORIENTED_EDGE('',*,*,#1297,.F.);
#1984=ORIENTED_EDGE('',*,*,#1482,.T.);
#1985=ORIENTED_EDGE('',*,*,#1373,.T.);
#1986=ORIENTED_EDGE('',*,*,#1482,.F.);
#1987=ORIENTED_EDGE('',*,*,#1298,.F.);
#1988=ORIENTED_EDGE('',*,*,#1483,.T.);
#1989=ORIENTED_EDGE('',*,*,#1372,.T.);
#1990=ORIENTED_EDGE('',*,*,#1483,.F.);
#1991=ORIENTED_EDGE('',*,*,#1299,.F.);
#1992=ORIENTED_EDGE('',*,*,#1484,.T.);
#1993=ORIENTED_EDGE('',*,*,#1371,.T.);
#1994=ORIENTED_EDGE('',*,*,#1484,.F.);
#1995=ORIENTED_EDGE('',*,*,#1300,.F.);
#1996=ORIENTED_EDGE('',*,*,#1485,.T.);
#1997=ORIENTED_EDGE('',*,*,#1370,.T.);
#1998=ORIENTED_EDGE('',*,*,#1485,.F.);
#1999=ORIENTED_EDGE('',*,*,#1301,.F.);
#2000=ORIENTED_EDGE('',*,*,#1486,.T.);
#2001=ORIENTED_EDGE('',*,*,#1397,.T.);
#2002=ORIENTED_EDGE('',*,*,#1486,.F.);
#2003=ORIENTED_EDGE('',*,*,#1302,.F.);
#2004=ORIENTED_EDGE('',*,*,#1487,.T.);
#2005=ORIENTED_EDGE('',*,*,#1396,.T.);
#2006=ORIENTED_EDGE('',*,*,#1487,.F.);
#2007=ORIENTED_EDGE('',*,*,#1303,.F.);
#2008=ORIENTED_EDGE('',*,*,#1488,.T.);
#2009=ORIENTED_EDGE('',*,*,#1369,.T.);
#2010=ORIENTED_EDGE('',*,*,#1488,.F.);
#2011=ORIENTED_EDGE('',*,*,#1304,.F.);
#2012=ORIENTED_EDGE('',*,*,#1489,.T.);
#2013=ORIENTED_EDGE('',*,*,#1368,.T.);
#2014=ORIENTED_EDGE('',*,*,#1489,.F.);
#2015=ORIENTED_EDGE('',*,*,#1305,.F.);
#2016=ORIENTED_EDGE('',*,*,#1490,.T.);
#2017=ORIENTED_EDGE('',*,*,#1367,.T.);
#2018=ORIENTED_EDGE('',*,*,#1490,.F.);
#2019=ORIENTED_EDGE('',*,*,#1306,.F.);
#2020=ORIENTED_EDGE('',*,*,#1491,.T.);
#2021=ORIENTED_EDGE('',*,*,#1366,.T.);
#2022=ORIENTED_EDGE('',*,*,#1491,.F.);
#2023=ORIENTED_EDGE('',*,*,#1307,.F.);
#2024=ORIENTED_EDGE('',*,*,#1492,.T.);
#2025=ORIENTED_EDGE('',*,*,#1365,.T.);
#2026=ORIENTED_EDGE('',*,*,#1492,.F.);
#2027=ORIENTED_EDGE('',*,*,#1308,.F.);
#2028=ORIENTED_EDGE('',*,*,#1493,.T.);
#2029=ORIENTED_EDGE('',*,*,#1364,.T.);
#2030=ORIENTED_EDGE('',*,*,#1493,.F.);
#2031=ORIENTED_EDGE('',*,*,#1309,.F.);
#2032=ORIENTED_EDGE('',*,*,#1494,.T.);
#2033=ORIENTED_EDGE('',*,*,#1363,.T.);
#2034=ORIENTED_EDGE('',*,*,#1494,.F.);
#2035=ORIENTED_EDGE('',*,*,#1310,.F.);
#2036=ORIENTED_EDGE('',*,*,#1495,.T.);
#2037=ORIENTED_EDGE('',*,*,#1362,.T.);
#2038=ORIENTED_EDGE('',*,*,#1495,.F.);
#2039=ORIENTED_EDGE('',*,*,#1311,.F.);
#2040=ORIENTED_EDGE('',*,*,#1496,.T.);
#2041=ORIENTED_EDGE('',*,*,#1361,.T.);
#2042=ORIENTED_EDGE('',*,*,#1496,.F.);
#2043=ORIENTED_EDGE('',*,*,#1312,.F.);
#2044=ORIENTED_EDGE('',*,*,#1497,.T.);
#2045=ORIENTED_EDGE('',*,*,#1360,.T.);
#2046=ORIENTED_EDGE('',*,*,#1497,.F.);
#2047=ORIENTED_EDGE('',*,*,#1313,.F.);
#2048=ORIENTED_EDGE('',*,*,#1498,.T.);
#2049=ORIENTED_EDGE('',*,*,#1359,.T.);
#2050=ORIENTED_EDGE('',*,*,#1498,.F.);
#2051=ORIENTED_EDGE('',*,*,#1314,.F.);
#2052=ORIENTED_EDGE('',*,*,#1499,.T.);
#2053=ORIENTED_EDGE('',*,*,#1358,.T.);
#2054=ORIENTED_EDGE('',*,*,#1499,.F.);
#2055=ORIENTED_EDGE('',*,*,#1315,.F.);
#2056=ORIENTED_EDGE('',*,*,#1500,.T.);
#2057=ORIENTED_EDGE('',*,*,#1357,.T.);
#2058=ORIENTED_EDGE('',*,*,#1500,.F.);
#2059=ORIENTED_EDGE('',*,*,#1316,.F.);
#2060=ORIENTED_EDGE('',*,*,#1501,.T.);
#2061=ORIENTED_EDGE('',*,*,#1356,.T.);
#2062=ORIENTED_EDGE('',*,*,#1501,.F.);
#2063=ORIENTED_EDGE('',*,*,#1317,.F.);
#2064=ORIENTED_EDGE('',*,*,#1502,.T.);
#2065=ORIENTED_EDGE('',*,*,#1355,.T.);
#2066=ORIENTED_EDGE('',*,*,#1502,.F.);
#2067=ORIENTED_EDGE('',*,*,#1318,.F.);
#2068=ORIENTED_EDGE('',*,*,#1503,.T.);
#2069=ORIENTED_EDGE('',*,*,#1394,.T.);
#2070=ORIENTED_EDGE('',*,*,#1503,.F.);
#2071=ORIENTED_EDGE('',*,*,#1319,.F.);
#2072=ORIENTED_EDGE('',*,*,#1504,.T.);
#2073=ORIENTED_EDGE('',*,*,#1354,.T.);
#2074=ORIENTED_EDGE('',*,*,#1504,.F.);
#2075=ORIENTED_EDGE('',*,*,#1320,.F.);
#2076=ORIENTED_EDGE('',*,*,#1505,.T.);
#2077=ORIENTED_EDGE('',*,*,#1353,.T.);
#2078=ORIENTED_EDGE('',*,*,#1505,.F.);
#2079=ORIENTED_EDGE('',*,*,#1321,.F.);
#2080=ORIENTED_EDGE('',*,*,#1506,.T.);
#2081=ORIENTED_EDGE('',*,*,#1352,.T.);
#2082=ORIENTED_EDGE('',*,*,#1506,.F.);
#2083=ORIENTED_EDGE('',*,*,#1322,.F.);
#2084=ORIENTED_EDGE('',*,*,#1507,.T.);
#2085=ORIENTED_EDGE('',*,*,#1351,.T.);
#2086=ORIENTED_EDGE('',*,*,#1507,.F.);
#2087=ORIENTED_EDGE('',*,*,#1323,.F.);
#2088=ORIENTED_EDGE('',*,*,#1508,.T.);
#2089=ORIENTED_EDGE('',*,*,#1395,.T.);
#2090=ORIENTED_EDGE('',*,*,#1508,.F.);
#2091=ORIENTED_EDGE('',*,*,#1324,.F.);
#2092=ORIENTED_EDGE('',*,*,#1509,.T.);
#2093=ORIENTED_EDGE('',*,*,#1350,.T.);
#2094=ORIENTED_EDGE('',*,*,#1509,.F.);
#2095=ORIENTED_EDGE('',*,*,#1325,.F.);
#2096=ORIENTED_EDGE('',*,*,#1510,.T.);
#2097=ORIENTED_EDGE('',*,*,#1349,.T.);
#2098=ORIENTED_EDGE('',*,*,#1510,.F.);
#2099=ORIENTED_EDGE('',*,*,#1326,.F.);
#2100=ORIENTED_EDGE('',*,*,#1511,.T.);
#2101=ORIENTED_EDGE('',*,*,#1348,.T.);
#2102=ORIENTED_EDGE('',*,*,#1511,.F.);
#2103=ORIENTED_EDGE('',*,*,#1327,.F.);
#2104=ORIENTED_EDGE('',*,*,#1512,.T.);
#2105=ORIENTED_EDGE('',*,*,#1347,.T.);
#2106=ORIENTED_EDGE('',*,*,#1512,.F.);
#2107=ORIENTED_EDGE('',*,*,#1331,.T.);
#2108=ORIENTED_EDGE('',*,*,#1431,.F.);
#2109=ORIENTED_EDGE('',*,*,#1437,.T.);
#2110=ORIENTED_EDGE('',*,*,#1465,.F.);
#2111=ORIENTED_EDGE('',*,*,#1290,.F.);
#2112=ORIENTED_EDGE('',*,*,#1470,.F.);
#2113=ORIENTED_EDGE('',*,*,#1458,.F.);
#2114=ORIENTED_EDGE('',*,*,#1451,.F.);
#2115=ORIENTED_EDGE('',*,*,#1335,.T.);
#2116=ORIENTED_EDGE('',*,*,#1447,.F.);
#2117=ORIENTED_EDGE('',*,*,#1455,.T.);
#2118=ORIENTED_EDGE('',*,*,#1473,.F.);
#2119=ORIENTED_EDGE('',*,*,#1286,.F.);
#2120=ORIENTED_EDGE('',*,*,#1475,.F.);
#2121=ORIENTED_EDGE('',*,*,#1401,.F.);
#2122=ORIENTED_EDGE('',*,*,#1398,.F.);
#2123=ORIENTED_EDGE('',*,*,#1340,.T.);
#2124=ORIENTED_EDGE('',*,*,#1405,.F.);
#2125=ORIENTED_EDGE('',*,*,#1410,.T.);
#2126=ORIENTED_EDGE('',*,*,#1479,.F.);
#2127=ORIENTED_EDGE('',*,*,#1280,.F.);
#2128=ORIENTED_EDGE('',*,*,#1466,.F.);
#2129=ORIENTED_EDGE('',*,*,#1428,.F.);
#2130=ORIENTED_EDGE('',*,*,#1421,.F.);
#2131=ORIENTED_EDGE('',*,*,#1344,.T.);
#2132=ORIENTED_EDGE('',*,*,#1417,.F.);
#2133=ORIENTED_EDGE('',*,*,#1425,.T.);
#2134=ORIENTED_EDGE('',*,*,#1469,.F.);
#2135=ORIENTED_EDGE('',*,*,#1276,.F.);
#2136=ORIENTED_EDGE('',*,*,#1461,.F.);
#2137=ORIENTED_EDGE('',*,*,#1444,.F.);
#2138=ORIENTED_EDGE('',*,*,#1264,.F.);
#2139=ORIENTED_EDGE('',*,*,#1513,.F.);
#2140=ORIENTED_EDGE('',*,*,#1514,.T.);
#2141=ORIENTED_EDGE('',*,*,#1515,.T.);
#2142=ORIENTED_EDGE('',*,*,#1514,.F.);
#2143=ORIENTED_EDGE('',*,*,#1513,.T.);
#2144=ORIENTED_EDGE('',*,*,#1515,.F.);
#2145=ORIENTED_EDGE('',*,*,#1516,.F.);
#2146=ORIENTED_EDGE('',*,*,#1517,.T.);
#2147=ORIENTED_EDGE('',*,*,#1518,.T.);
#2148=ORIENTED_EDGE('',*,*,#1517,.F.);
#2149=ORIENTED_EDGE('',*,*,#1516,.T.);
#2150=ORIENTED_EDGE('',*,*,#1518,.F.);
#2151=ORIENTED_EDGE('',*,*,#1519,.F.);
#2152=ORIENTED_EDGE('',*,*,#1520,.T.);
#2153=ORIENTED_EDGE('',*,*,#1521,.T.);
#2154=ORIENTED_EDGE('',*,*,#1520,.F.);
#2155=ORIENTED_EDGE('',*,*,#1519,.T.);
#2156=ORIENTED_EDGE('',*,*,#1521,.F.);
#2157=ORIENTED_EDGE('',*,*,#1522,.F.);
#2158=ORIENTED_EDGE('',*,*,#1523,.T.);
#2159=ORIENTED_EDGE('',*,*,#1524,.T.);
#2160=ORIENTED_EDGE('',*,*,#1523,.F.);
#2161=ORIENTED_EDGE('',*,*,#1522,.T.);
#2162=ORIENTED_EDGE('',*,*,#1524,.F.);
#2163=ORIENTED_EDGE('',*,*,#1525,.F.);
#2164=ORIENTED_EDGE('',*,*,#1526,.T.);
#2165=ORIENTED_EDGE('',*,*,#1527,.F.);
#2166=ORIENTED_EDGE('',*,*,#1526,.F.);
#2167=ORIENTED_EDGE('',*,*,#1528,.F.);
#2168=ORIENTED_EDGE('',*,*,#1529,.T.);
#2169=ORIENTED_EDGE('',*,*,#1530,.F.);
#2170=ORIENTED_EDGE('',*,*,#1529,.F.);
#2171=ORIENTED_EDGE('',*,*,#1531,.F.);
#2172=ORIENTED_EDGE('',*,*,#1532,.T.);
#2173=ORIENTED_EDGE('',*,*,#1533,.F.);
#2174=ORIENTED_EDGE('',*,*,#1532,.F.);
#2175=ORIENTED_EDGE('',*,*,#1534,.F.);
#2176=ORIENTED_EDGE('',*,*,#1535,.T.);
#2177=ORIENTED_EDGE('',*,*,#1536,.F.);
#2178=ORIENTED_EDGE('',*,*,#1535,.F.);
#2179=ORIENTED_EDGE('',*,*,#1537,.F.);
#2180=ORIENTED_EDGE('',*,*,#1538,.T.);
#2181=ORIENTED_EDGE('',*,*,#1539,.F.);
#2182=ORIENTED_EDGE('',*,*,#1538,.F.);
#2183=ORIENTED_EDGE('',*,*,#1540,.F.);
#2184=ORIENTED_EDGE('',*,*,#1541,.T.);
#2185=ORIENTED_EDGE('',*,*,#1542,.F.);
#2186=ORIENTED_EDGE('',*,*,#1541,.F.);
#2187=ORIENTED_EDGE('',*,*,#1543,.F.);
#2188=ORIENTED_EDGE('',*,*,#1544,.T.);
#2189=ORIENTED_EDGE('',*,*,#1545,.T.);
#2190=ORIENTED_EDGE('',*,*,#1544,.F.);
#2191=ORIENTED_EDGE('',*,*,#1546,.F.);
#2192=ORIENTED_EDGE('',*,*,#1547,.T.);
#2193=ORIENTED_EDGE('',*,*,#1548,.T.);
#2194=ORIENTED_EDGE('',*,*,#1547,.F.);
#2195=ORIENTED_EDGE('',*,*,#1549,.F.);
#2196=ORIENTED_EDGE('',*,*,#1550,.T.);
#2197=ORIENTED_EDGE('',*,*,#1551,.F.);
#2198=ORIENTED_EDGE('',*,*,#1552,.F.);
#2199=ORIENTED_EDGE('',*,*,#1553,.F.);
#2200=ORIENTED_EDGE('',*,*,#1552,.T.);
#2201=ORIENTED_EDGE('',*,*,#1554,.F.);
#2202=ORIENTED_EDGE('',*,*,#1555,.F.);
#2203=ORIENTED_EDGE('',*,*,#1556,.F.);
#2204=ORIENTED_EDGE('',*,*,#1555,.T.);
#2205=ORIENTED_EDGE('',*,*,#1557,.F.);
#2206=ORIENTED_EDGE('',*,*,#1558,.F.);
#2207=ORIENTED_EDGE('',*,*,#1559,.T.);
#2208=ORIENTED_EDGE('',*,*,#1558,.T.);
#2209=ORIENTED_EDGE('',*,*,#1560,.F.);
#2210=ORIENTED_EDGE('',*,*,#1561,.F.);
#2211=ORIENTED_EDGE('',*,*,#1562,.T.);
#2212=ORIENTED_EDGE('',*,*,#1561,.T.);
#2213=ORIENTED_EDGE('',*,*,#1563,.F.);
#2214=ORIENTED_EDGE('',*,*,#1564,.F.);
#2215=ORIENTED_EDGE('',*,*,#1565,.T.);
#2216=ORIENTED_EDGE('',*,*,#1564,.T.);
#2217=ORIENTED_EDGE('',*,*,#1566,.F.);
#2218=ORIENTED_EDGE('',*,*,#1567,.F.);
#2219=ORIENTED_EDGE('',*,*,#1568,.T.);
#2220=ORIENTED_EDGE('',*,*,#1567,.T.);
#2221=ORIENTED_EDGE('',*,*,#1569,.F.);
#2222=ORIENTED_EDGE('',*,*,#1570,.F.);
#2223=ORIENTED_EDGE('',*,*,#1571,.T.);
#2224=ORIENTED_EDGE('',*,*,#1570,.T.);
#2225=ORIENTED_EDGE('',*,*,#1572,.F.);
#2226=ORIENTED_EDGE('',*,*,#1550,.F.);
#2227=ORIENTED_EDGE('',*,*,#1572,.T.);
#2228=ORIENTED_EDGE('',*,*,#1569,.T.);
#2229=ORIENTED_EDGE('',*,*,#1566,.T.);
#2230=ORIENTED_EDGE('',*,*,#1563,.T.);
#2231=ORIENTED_EDGE('',*,*,#1560,.T.);
#2232=ORIENTED_EDGE('',*,*,#1557,.T.);
#2233=ORIENTED_EDGE('',*,*,#1554,.T.);
#2234=ORIENTED_EDGE('',*,*,#1551,.T.);
#2235=ORIENTED_EDGE('',*,*,#1543,.T.);
#2236=ORIENTED_EDGE('',*,*,#1546,.T.);
#2237=ORIENTED_EDGE('',*,*,#1542,.T.);
#2238=ORIENTED_EDGE('',*,*,#1539,.T.);
#2239=ORIENTED_EDGE('',*,*,#1536,.T.);
#2240=ORIENTED_EDGE('',*,*,#1533,.T.);
#2241=ORIENTED_EDGE('',*,*,#1530,.T.);
#2242=ORIENTED_EDGE('',*,*,#1527,.T.);
#2243=ORIENTED_EDGE('',*,*,#1571,.F.);
#2244=ORIENTED_EDGE('',*,*,#1549,.T.);
#2245=ORIENTED_EDGE('',*,*,#1553,.T.);
#2246=ORIENTED_EDGE('',*,*,#1556,.T.);
#2247=ORIENTED_EDGE('',*,*,#1559,.F.);
#2248=ORIENTED_EDGE('',*,*,#1562,.F.);
#2249=ORIENTED_EDGE('',*,*,#1565,.F.);
#2250=ORIENTED_EDGE('',*,*,#1568,.F.);
#2251=ORIENTED_EDGE('',*,*,#1545,.F.);
#2252=ORIENTED_EDGE('',*,*,#1548,.F.);
#2253=ORIENTED_EDGE('',*,*,#1540,.T.);
#2254=ORIENTED_EDGE('',*,*,#1537,.T.);
#2255=ORIENTED_EDGE('',*,*,#1534,.T.);
#2256=ORIENTED_EDGE('',*,*,#1531,.T.);
#2257=ORIENTED_EDGE('',*,*,#1528,.T.);
#2258=ORIENTED_EDGE('',*,*,#1525,.T.);
#2259=CYLINDRICAL_SURFACE('',#2498,1.5);
#2260=CYLINDRICAL_SURFACE('',#2503,1.5);
#2261=CYLINDRICAL_SURFACE('',#2508,1.5);
#2262=CYLINDRICAL_SURFACE('',#2513,1.5);
#2263=CYLINDRICAL_SURFACE('',#2517,3.);
#2264=CYLINDRICAL_SURFACE('',#2519,3.);
#2265=CYLINDRICAL_SURFACE('',#2522,3.);
#2266=CYLINDRICAL_SURFACE('',#2604,3.25);
#2267=CYLINDRICAL_SURFACE('',#2609,3.25);
#2268=CYLINDRICAL_SURFACE('',#2614,3.25);
#2269=CYLINDRICAL_SURFACE('',#2619,3.25);
#2270=CYLINDRICAL_SURFACE('',#2629,3.);
#2271=CYLINDRICAL_SURFACE('',#2632,3.);
#2272=CYLINDRICAL_SURFACE('',#2633,3.);
#2273=CYLINDRICAL_SURFACE('',#2639,3.);
#2274=CYLINDRICAL_SURFACE('',#2641,3.);
#2275=CYLINDRICAL_SURFACE('',#2643,3.);
#2276=CYLINDRICAL_SURFACE('',#2647,3.);
#2277=CYLINDRICAL_SURFACE('',#2648,3.);
#2278=CYLINDRICAL_SURFACE('',#2650,3.);
#2279=CYLINDRICAL_SURFACE('',#2656,3.);
#2280=CYLINDRICAL_SURFACE('',#2658,3.);
#2281=CYLINDRICAL_SURFACE('',#2660,3.);
#2282=CYLINDRICAL_SURFACE('',#2664,3.);
#2283=CYLINDRICAL_SURFACE('',#2666,3.);
#2284=CYLINDRICAL_SURFACE('',#2668,3.);
#2285=CYLINDRICAL_SURFACE('',#2670,3.);
#2286=CYLINDRICAL_SURFACE('',#2672,3.);
#2287=CYLINDRICAL_SURFACE('',#2673,3.);
#2288=CYLINDRICAL_SURFACE('',#2675,3.);
#2289=CYLINDRICAL_SURFACE('',#2677,3.);
#2290=CYLINDRICAL_SURFACE('',#2678,3.);
#2291=CYLINDRICAL_SURFACE('',#2680,3.);
#2292=CYLINDRICAL_SURFACE('',#2682,3.);
#2293=CYLINDRICAL_SURFACE('',#2683,3.);
#2294=CYLINDRICAL_SURFACE('',#2685,3.);
#2295=CYLINDRICAL_SURFACE('',#2687,3.);
#2296=CYLINDRICAL_SURFACE('',#2689,3.);
#2297=CYLINDRICAL_SURFACE('',#2691,3.);
#2298=CYLINDRICAL_SURFACE('',#2692,3.);
#2299=CYLINDRICAL_SURFACE('',#2693,1.49999999999999);
#2300=CYLINDRICAL_SURFACE('',#2694,1.5);
#2301=CYLINDRICAL_SURFACE('',#2695,3.00000000000001);
#2302=CYLINDRICAL_SURFACE('',#2696,1.5);
#2303=CYLINDRICAL_SURFACE('',#2697,1.5);
#2304=CYLINDRICAL_SURFACE('',#2698,1.5);
#2305=CYLINDRICAL_SURFACE('',#2699,1.5);
#2306=CYLINDRICAL_SURFACE('',#2700,1.5);
#2307=CYLINDRICAL_SURFACE('',#2701,1.5);
#2308=CYLINDRICAL_SURFACE('',#2702,0.999999999999999);
#2309=CYLINDRICAL_SURFACE('',#2703,3.);
#2310=CYLINDRICAL_SURFACE('',#2704,1.49999999999999);
#2311=CYLINDRICAL_SURFACE('',#2705,1.);
#2312=CYLINDRICAL_SURFACE('',#2706,1.5);
#2313=CYLINDRICAL_SURFACE('',#2707,1.5);
#2314=CYLINDRICAL_SURFACE('',#2708,3.);
#2315=CYLINDRICAL_SURFACE('',#2709,1.5);
#2316=CYLINDRICAL_SURFACE('',#2710,1.5);
#2317=CYLINDRICAL_SURFACE('',#2711,1.49999999999999);
#2318=CYLINDRICAL_SURFACE('',#2712,1.5);
#2319=CYLINDRICAL_SURFACE('',#2713,1.5);
#2320=CYLINDRICAL_SURFACE('',#2714,1.5);
#2321=CYLINDRICAL_SURFACE('',#2715,1.5);
#2322=CYLINDRICAL_SURFACE('',#2716,1.5);
#2323=CYLINDRICAL_SURFACE('',#2717,1.5);
#2324=CYLINDRICAL_SURFACE('',#2718,1.49999999999999);
#2325=CYLINDRICAL_SURFACE('',#2719,1.5);
#2326=CYLINDRICAL_SURFACE('',#2720,1.5);
#2327=CYLINDRICAL_SURFACE('',#2721,1.5);
#2328=CYLINDRICAL_SURFACE('',#2722,1.5);
#2329=CYLINDRICAL_SURFACE('',#2723,1.);
#2330=CYLINDRICAL_SURFACE('',#2724,1.);
#2331=CYLINDRICAL_SURFACE('',#2725,14.5);
#2332=CYLINDRICAL_SURFACE('',#2726,14.5);
#2333=CYLINDRICAL_SURFACE('',#2727,14.5);
#2334=CYLINDRICAL_SURFACE('',#2728,14.5);
#2335=CYLINDRICAL_SURFACE('',#2729,1.5);
#2336=CYLINDRICAL_SURFACE('',#2734,1.5);
#2337=CYLINDRICAL_SURFACE('',#2739,1.5);
#2338=CYLINDRICAL_SURFACE('',#2744,1.5);
#2339=CYLINDRICAL_SURFACE('',#2749,1.5);
#2340=CYLINDRICAL_SURFACE('',#2752,1.5);
#2341=CYLINDRICAL_SURFACE('',#2755,1.5);
#2342=CYLINDRICAL_SURFACE('',#2758,1.5);
#2343=CYLINDRICAL_SURFACE('',#2761,1.5);
#2344=CYLINDRICAL_SURFACE('',#2764,1.5);
#2345=CYLINDRICAL_SURFACE('',#2767,1.5);
#2346=CYLINDRICAL_SURFACE('',#2770,1.5);
#2347=ADVANCED_FACE('',(#180),#2259,.F.);
#2348=ADVANCED_FACE('',(#181),#2260,.F.);
#2349=ADVANCED_FACE('',(#182),#2261,.F.);
#2350=ADVANCED_FACE('',(#183),#2262,.F.);
#2351=ADVANCED_FACE('',(#184),#2263,.T.);
#2352=ADVANCED_FACE('',(#185),#2264,.T.);
#2353=ADVANCED_FACE('',(#186),#2265,.T.);
#2354=ADVANCED_FACE('',(#187,#29,#30,#31,#32,#33,#34,#35,#36,#37,#38,#39,
#40,#41,#42,#43,#44,#45,#46,#47,#48,#49,#50,#51,#52,#53,#54,#55,#56,#57,
#58,#59,#60,#61),#116,.T.);
#2355=ADVANCED_FACE('',(#188,#62,#63,#64,#65,#66,#67,#68,#69,#70,#71,#72,
#73,#74,#75,#76,#77,#78,#79,#80,#81,#82,#83,#84,#85,#86,#87,#88,#89,#90,
#91,#92,#93,#94,#95),#117,.F.);
#2356=ADVANCED_FACE('',(#189),#25,.T.);
#2357=ADVANCED_FACE('',(#190),#2266,.F.);
#2358=ADVANCED_FACE('',(#191),#26,.T.);
#2359=ADVANCED_FACE('',(#192),#2267,.F.);
#2360=ADVANCED_FACE('',(#193),#27,.T.);
#2361=ADVANCED_FACE('',(#194),#2268,.F.);
#2362=ADVANCED_FACE('',(#195),#28,.T.);
#2363=ADVANCED_FACE('',(#196),#2269,.F.);
#2364=ADVANCED_FACE('',(#197,#96),#118,.T.);
#2365=ADVANCED_FACE('',(#198,#97),#119,.T.);
#2366=ADVANCED_FACE('',(#199,#98),#120,.T.);
#2367=ADVANCED_FACE('',(#200,#99),#121,.T.);
#2368=ADVANCED_FACE('',(#201),#2270,.T.);
#2369=ADVANCED_FACE('',(#202),#122,.T.);
#2370=ADVANCED_FACE('',(#203),#2271,.T.);
#2371=ADVANCED_FACE('',(#204),#2272,.T.);
#2372=ADVANCED_FACE('',(#205),#123,.T.);
#2373=ADVANCED_FACE('',(#206),#124,.T.);
#2374=ADVANCED_FACE('',(#207),#125,.T.);
#2375=ADVANCED_FACE('',(#208),#126,.T.);
#2376=ADVANCED_FACE('',(#209),#2273,.T.);
#2377=ADVANCED_FACE('',(#210),#2274,.T.);
#2378=ADVANCED_FACE('',(#211),#2275,.T.);
#2379=ADVANCED_FACE('',(#212),#127,.T.);
#2380=ADVANCED_FACE('',(#213),#128,.T.);
#2381=ADVANCED_FACE('',(#214),#129,.T.);
#2382=ADVANCED_FACE('',(#215),#2276,.T.);
#2383=ADVANCED_FACE('',(#216),#2277,.T.);
#2384=ADVANCED_FACE('',(#217),#2278,.T.);
#2385=ADVANCED_FACE('',(#218),#130,.T.);
#2386=ADVANCED_FACE('',(#219),#131,.T.);
#2387=ADVANCED_FACE('',(#220),#132,.T.);
#2388=ADVANCED_FACE('',(#221),#133,.T.);
#2389=ADVANCED_FACE('',(#222),#134,.T.);
#2390=ADVANCED_FACE('',(#223),#2279,.T.);
#2391=ADVANCED_FACE('',(#224),#2280,.T.);
#2392=ADVANCED_FACE('',(#225),#2281,.T.);
#2393=ADVANCED_FACE('',(#226),#135,.T.);
#2394=ADVANCED_FACE('',(#227),#136,.T.);
#2395=ADVANCED_FACE('',(#228),#137,.T.);
#2396=ADVANCED_FACE('',(#229),#2282,.T.);
#2397=ADVANCED_FACE('',(#230),#2283,.T.);
#2398=ADVANCED_FACE('',(#231),#2284,.T.);
#2399=ADVANCED_FACE('',(#232),#2285,.T.);
#2400=ADVANCED_FACE('',(#233),#2286,.T.);
#2401=ADVANCED_FACE('',(#234),#2287,.T.);
#2402=ADVANCED_FACE('',(#235),#2288,.T.);
#2403=ADVANCED_FACE('',(#236),#2289,.T.);
#2404=ADVANCED_FACE('',(#237),#2290,.T.);
#2405=ADVANCED_FACE('',(#238),#2291,.T.);
#2406=ADVANCED_FACE('',(#239),#2292,.T.);
#2407=ADVANCED_FACE('',(#240),#2293,.T.);
#2408=ADVANCED_FACE('',(#241),#2294,.T.);
#2409=ADVANCED_FACE('',(#242),#2295,.T.);
#2410=ADVANCED_FACE('',(#243),#2296,.T.);
#2411=ADVANCED_FACE('',(#244),#2297,.T.);
#2412=ADVANCED_FACE('',(#245),#2298,.F.);
#2413=ADVANCED_FACE('',(#246),#2299,.F.);
#2414=ADVANCED_FACE('',(#247),#2300,.F.);
#2415=ADVANCED_FACE('',(#248),#2301,.F.);
#2416=ADVANCED_FACE('',(#249),#2302,.F.);
#2417=ADVANCED_FACE('',(#250),#2303,.F.);
#2418=ADVANCED_FACE('',(#251),#2304,.F.);
#2419=ADVANCED_FACE('',(#252),#2305,.F.);
#2420=ADVANCED_FACE('',(#253),#2306,.F.);
#2421=ADVANCED_FACE('',(#254),#2307,.F.);
#2422=ADVANCED_FACE('',(#255),#2308,.F.);
#2423=ADVANCED_FACE('',(#256),#2309,.F.);
#2424=ADVANCED_FACE('',(#257),#2310,.F.);
#2425=ADVANCED_FACE('',(#258),#2311,.F.);
#2426=ADVANCED_FACE('',(#259),#2312,.F.);
#2427=ADVANCED_FACE('',(#260),#2313,.F.);
#2428=ADVANCED_FACE('',(#261),#2314,.F.);
#2429=ADVANCED_FACE('',(#262),#2315,.F.);
#2430=ADVANCED_FACE('',(#263),#2316,.F.);
#2431=ADVANCED_FACE('',(#264),#2317,.F.);
#2432=ADVANCED_FACE('',(#265),#2318,.F.);
#2433=ADVANCED_FACE('',(#266),#2319,.F.);
#2434=ADVANCED_FACE('',(#267),#2320,.F.);
#2435=ADVANCED_FACE('',(#268),#2321,.F.);
#2436=ADVANCED_FACE('',(#269),#2322,.F.);
#2437=ADVANCED_FACE('',(#270),#2323,.F.);
#2438=ADVANCED_FACE('',(#271),#2324,.F.);
#2439=ADVANCED_FACE('',(#272),#2325,.F.);
#2440=ADVANCED_FACE('',(#273),#2326,.F.);
#2441=ADVANCED_FACE('',(#274),#2327,.F.);
#2442=ADVANCED_FACE('',(#275),#2328,.F.);
#2443=ADVANCED_FACE('',(#276),#2329,.F.);
#2444=ADVANCED_FACE('',(#277),#2330,.F.);
#2445=ADVANCED_FACE('',(#278),#2331,.T.);
#2446=ADVANCED_FACE('',(#279),#2332,.T.);
#2447=ADVANCED_FACE('',(#280),#2333,.T.);
#2448=ADVANCED_FACE('',(#281),#2334,.T.);
#2449=ADVANCED_FACE('',(#282),#2335,.T.);
#2450=ADVANCED_FACE('',(#283),#138,.T.);
#2451=ADVANCED_FACE('',(#284),#139,.F.);
#2452=ADVANCED_FACE('',(#285),#2336,.T.);
#2453=ADVANCED_FACE('',(#286),#140,.T.);
#2454=ADVANCED_FACE('',(#287),#141,.F.);
#2455=ADVANCED_FACE('',(#288),#2337,.T.);
#2456=ADVANCED_FACE('',(#289),#142,.T.);
#2457=ADVANCED_FACE('',(#290),#143,.F.);
#2458=ADVANCED_FACE('',(#291),#2338,.T.);
#2459=ADVANCED_FACE('',(#292),#144,.T.);
#2460=ADVANCED_FACE('',(#293),#145,.F.);
#2461=ADVANCED_FACE('',(#294),#2339,.F.);
#2462=ADVANCED_FACE('',(#295),#2340,.F.);
#2463=ADVANCED_FACE('',(#296),#2341,.F.);
#2464=ADVANCED_FACE('',(#297),#2342,.F.);
#2465=ADVANCED_FACE('',(#298),#2343,.F.);
#2466=ADVANCED_FACE('',(#299),#2344,.F.);
#2467=ADVANCED_FACE('',(#300),#2345,.F.);
#2468=ADVANCED_FACE('',(#301),#2346,.F.);
#2469=ADVANCED_FACE('',(#302),#146,.T.);
#2470=ADVANCED_FACE('',(#303),#147,.T.);
#2471=ADVANCED_FACE('',(#304),#148,.T.);
#2472=ADVANCED_FACE('',(#305),#149,.T.);
#2473=ADVANCED_FACE('',(#306),#150,.T.);
#2474=ADVANCED_FACE('',(#307),#151,.T.);
#2475=ADVANCED_FACE('',(#308),#152,.T.);
#2476=ADVANCED_FACE('',(#309),#153,.T.);
#2477=ADVANCED_FACE('',(#310,#100,#101,#102,#103,#104,#105,#106,#107),#154,
 .T.);
#2478=ADVANCED_FACE('',(#311,#108,#109,#110,#111,#112,#113,#114,#115),#155,
 .F.);
#2479=CLOSED_SHELL('',(#2347,#2348,#2349,#2350,#2351,#2352,#2353,#2354,
#2355,#2356,#2357,#2358,#2359,#2360,#2361,#2362,#2363,#2364,#2365,#2366,
#2367,#2368,#2369,#2370,#2371,#2372,#2373,#2374,#2375,#2376,#2377,#2378,
#2379,#2380,#2381,#2382,#2383,#2384,#2385,#2386,#2387,#2388,#2389,#2390,
#2391,#2392,#2393,#2394,#2395,#2396,#2397,#2398,#2399,#2400,#2401,#2402,
#2403,#2404,#2405,#2406,#2407,#2408,#2409,#2410,#2411,#2412,#2413,#2414,
#2415,#2416,#2417,#2418,#2419,#2420,#2421,#2422,#2423,#2424,#2425,#2426,
#2427,#2428,#2429,#2430,#2431,#2432,#2433,#2434,#2435,#2436,#2437,#2438,
#2439,#2440,#2441,#2442,#2443,#2444,#2445,#2446,#2447,#2448));
#2480=CLOSED_SHELL('',(#2449,#2450,#2451));
#2481=CLOSED_SHELL('',(#2452,#2453,#2454));
#2482=CLOSED_SHELL('',(#2455,#2456,#2457));
#2483=CLOSED_SHELL('',(#2458,#2459,#2460));
#2484=CLOSED_SHELL('',(#2461,#2462,#2463,#2464,#2465,#2466,#2467,#2468,
#2469,#2470,#2471,#2472,#2473,#2474,#2475,#2476,#2477,#2478));
#2485=DERIVED_UNIT_ELEMENT(#2487,1.);
#2486=DERIVED_UNIT_ELEMENT(#4402,-3.);
#2487=(
MASS_UNIT()
NAMED_UNIT(*)
SI_UNIT(.KILO.,.GRAM.)
);
#2488=DERIVED_UNIT((#2485,#2486));
#2489=MEASURE_REPRESENTATION_ITEM('density measure',
POSITIVE_RATIO_MEASURE(7850.),#2488);
#2490=PROPERTY_DEFINITION_REPRESENTATION(#2495,#2492);
#2491=PROPERTY_DEFINITION_REPRESENTATION(#2496,#2493);
#2492=REPRESENTATION('material name',(#2494),#4399);
#2493=REPRESENTATION('density',(#2489),#4399);
#2494=DESCRIPTIVE_REPRESENTATION_ITEM('Steel','Steel');
#2495=PROPERTY_DEFINITION('material property','material name',#4409);
#2496=PROPERTY_DEFINITION('material property','density of part',#4409);
#2497=AXIS2_PLACEMENT_3D('',#3515,#2783,#2784);
#2498=AXIS2_PLACEMENT_3D('',#3516,#2785,#2786);
#2499=AXIS2_PLACEMENT_3D('',#3529,#2787,#2788);
#2500=AXIS2_PLACEMENT_3D('',#3533,#2790,#2791);
#2501=AXIS2_PLACEMENT_3D('',#3544,#2792,#2793);
#2502=AXIS2_PLACEMENT_3D('',#3545,#2794,#2795);
#2503=AXIS2_PLACEMENT_3D('',#3546,#2796,#2797);
#2504=AXIS2_PLACEMENT_3D('',#3559,#2798,#2799);
#2505=AXIS2_PLACEMENT_3D('',#3563,#2801,#2802);
#2506=AXIS2_PLACEMENT_3D('',#3574,#2803,#2804);
#2507=AXIS2_PLACEMENT_3D('',#3575,#2805,#2806);
#2508=AXIS2_PLACEMENT_3D('',#3576,#2807,#2808);
#2509=AXIS2_PLACEMENT_3D('',#3589,#2809,#2810);
#2510=AXIS2_PLACEMENT_3D('',#3593,#2812,#2813);
#2511=AXIS2_PLACEMENT_3D('',#3604,#2814,#2815);
#2512=AXIS2_PLACEMENT_3D('',#3605,#2816,#2817);
#2513=AXIS2_PLACEMENT_3D('',#3606,#2818,#2819);
#2514=AXIS2_PLACEMENT_3D('',#3619,#2820,#2821);
#2515=AXIS2_PLACEMENT_3D('',#3622,#2823,#2824);
#2516=AXIS2_PLACEMENT_3D('',#3623,#2825,#2826);
#2517=AXIS2_PLACEMENT_3D('',#3624,#2827,#2828);
#2518=AXIS2_PLACEMENT_3D('',#3640,#2831,#2832);
#2519=AXIS2_PLACEMENT_3D('',#3641,#2833,#2834);
#2520=AXIS2_PLACEMENT_3D('',#3645,#2836,#2837);
#2521=AXIS2_PLACEMENT_3D('',#3648,#2839,#2840);
#2522=AXIS2_PLACEMENT_3D('',#3649,#2841,#2842);
#2523=AXIS2_PLACEMENT_3D('',#3653,#2844,#2845);
#2524=AXIS2_PLACEMENT_3D('',#3656,#2847,#2848);
#2525=AXIS2_PLACEMENT_3D('',#3657,#2849,#2850);
#2526=AXIS2_PLACEMENT_3D('',#3661,#2852,#2853);
#2527=AXIS2_PLACEMENT_3D('',#3669,#2857,#2858);
#2528=AXIS2_PLACEMENT_3D('',#3679,#2864,#2865);
#2529=AXIS2_PLACEMENT_3D('',#3687,#2869,#2870);
#2530=AXIS2_PLACEMENT_3D('',#3695,#2875,#2876);
#2531=AXIS2_PLACEMENT_3D('',#3697,#2877,#2878);
#2532=AXIS2_PLACEMENT_3D('',#3699,#2879,#2880);
#2533=AXIS2_PLACEMENT_3D('',#3701,#2881,#2882);
#2534=AXIS2_PLACEMENT_3D('',#3703,#2883,#2884);
#2535=AXIS2_PLACEMENT_3D('',#3705,#2885,#2886);
#2536=AXIS2_PLACEMENT_3D('',#3707,#2887,#2888);
#2537=AXIS2_PLACEMENT_3D('',#3709,#2889,#2890);
#2538=AXIS2_PLACEMENT_3D('',#3711,#2891,#2892);
#2539=AXIS2_PLACEMENT_3D('',#3713,#2893,#2894);
#2540=AXIS2_PLACEMENT_3D('',#3715,#2895,#2896);
#2541=AXIS2_PLACEMENT_3D('',#3717,#2897,#2898);
#2542=AXIS2_PLACEMENT_3D('',#3719,#2899,#2900);
#2543=AXIS2_PLACEMENT_3D('',#3721,#2901,#2902);
#2544=AXIS2_PLACEMENT_3D('',#3723,#2903,#2904);
#2545=AXIS2_PLACEMENT_3D('',#3725,#2905,#2906);
#2546=AXIS2_PLACEMENT_3D('',#3727,#2907,#2908);
#2547=AXIS2_PLACEMENT_3D('',#3729,#2909,#2910);
#2548=AXIS2_PLACEMENT_3D('',#3731,#2911,#2912);
#2549=AXIS2_PLACEMENT_3D('',#3733,#2913,#2914);
#2550=AXIS2_PLACEMENT_3D('',#3735,#2915,#2916);
#2551=AXIS2_PLACEMENT_3D('',#3737,#2917,#2918);
#2552=AXIS2_PLACEMENT_3D('',#3739,#2919,#2920);
#2553=AXIS2_PLACEMENT_3D('',#3741,#2921,#2922);
#2554=AXIS2_PLACEMENT_3D('',#3743,#2923,#2924);
#2555=AXIS2_PLACEMENT_3D('',#3745,#2925,#2926);
#2556=AXIS2_PLACEMENT_3D('',#3747,#2927,#2928);
#2557=AXIS2_PLACEMENT_3D('',#3749,#2929,#2930);
#2558=AXIS2_PLACEMENT_3D('',#3751,#2931,#2932);
#2559=AXIS2_PLACEMENT_3D('',#3753,#2933,#2934);
#2560=AXIS2_PLACEMENT_3D('',#3755,#2935,#2936);
#2561=AXIS2_PLACEMENT_3D('',#3757,#2937,#2938);
#2562=AXIS2_PLACEMENT_3D('',#3759,#2939,#2940);
#2563=AXIS2_PLACEMENT_3D('',#3760,#2941,#2942);
#2564=AXIS2_PLACEMENT_3D('',#3767,#2946,#2947);
#2565=AXIS2_PLACEMENT_3D('',#3775,#2951,#2952);
#2566=AXIS2_PLACEMENT_3D('',#3784,#2957,#2958);
#2567=AXIS2_PLACEMENT_3D('',#3791,#2962,#2963);
#2568=AXIS2_PLACEMENT_3D('',#3793,#2964,#2965);
#2569=AXIS2_PLACEMENT_3D('',#3795,#2966,#2967);
#2570=AXIS2_PLACEMENT_3D('',#3797,#2968,#2969);
#2571=AXIS2_PLACEMENT_3D('',#3799,#2970,#2971);
#2572=AXIS2_PLACEMENT_3D('',#3801,#2972,#2973);
#2573=AXIS2_PLACEMENT_3D('',#3803,#2974,#2975);
#2574=AXIS2_PLACEMENT_3D('',#3805,#2976,#2977);
#2575=AXIS2_PLACEMENT_3D('',#3807,#2978,#2979);
#2576=AXIS2_PLACEMENT_3D('',#3809,#2980,#2981);
#2577=AXIS2_PLACEMENT_3D('',#3811,#2982,#2983);
#2578=AXIS2_PLACEMENT_3D('',#3813,#2984,#2985);
#2579=AXIS2_PLACEMENT_3D('',#3815,#2986,#2987);
#2580=AXIS2_PLACEMENT_3D('',#3817,#2988,#2989);
#2581=AXIS2_PLACEMENT_3D('',#3819,#2990,#2991);
#2582=AXIS2_PLACEMENT_3D('',#3821,#2992,#2993);
#2583=AXIS2_PLACEMENT_3D('',#3823,#2994,#2995);
#2584=AXIS2_PLACEMENT_3D('',#3825,#2996,#2997);
#2585=AXIS2_PLACEMENT_3D('',#3827,#2998,#2999);
#2586=AXIS2_PLACEMENT_3D('',#3829,#3000,#3001);
#2587=AXIS2_PLACEMENT_3D('',#3831,#3002,#3003);
#2588=AXIS2_PLACEMENT_3D('',#3833,#3004,#3005);
#2589=AXIS2_PLACEMENT_3D('',#3835,#3006,#3007);
#2590=AXIS2_PLACEMENT_3D('',#3837,#3008,#3009);
#2591=AXIS2_PLACEMENT_3D('',#3839,#3010,#3011);
#2592=AXIS2_PLACEMENT_3D('',#3841,#3012,#3013);
#2593=AXIS2_PLACEMENT_3D('',#3843,#3014,#3015);
#2594=AXIS2_PLACEMENT_3D('',#3845,#3016,#3017);
#2595=AXIS2_PLACEMENT_3D('',#3847,#3018,#3019);
#2596=AXIS2_PLACEMENT_3D('',#3849,#3020,#3021);
#2597=AXIS2_PLACEMENT_3D('',#3851,#3022,#3023);
#2598=AXIS2_PLACEMENT_3D('',#3853,#3024,#3025);
#2599=AXIS2_PLACEMENT_3D('',#3855,#3026,#3027);
#2600=AXIS2_PLACEMENT_3D('',#3857,#3028,#3029);
#2601=AXIS2_PLACEMENT_3D('',#3858,#3030,#3031);
#2602=AXIS2_PLACEMENT_3D('',#3860,#3032,#3033);
#2603=AXIS2_PLACEMENT_3D('',#3861,#3034,#3035);
#2604=AXIS2_PLACEMENT_3D('',#3862,#3036,#3037);
#2605=AXIS2_PLACEMENT_3D('',#3865,#3039,#3040);
#2606=AXIS2_PLACEMENT_3D('',#3866,#3041,#3042);
#2607=AXIS2_PLACEMENT_3D('',#3868,#3043,#3044);
#2608=AXIS2_PLACEMENT_3D('',#3869,#3045,#3046);
#2609=AXIS2_PLACEMENT_3D('',#3870,#3047,#3048);
#2610=AXIS2_PLACEMENT_3D('',#3873,#3050,#3051);
#2611=AXIS2_PLACEMENT_3D('',#3874,#3052,#3053);
#2612=AXIS2_PLACEMENT_3D('',#3876,#3054,#3055);
#2613=AXIS2_PLACEMENT_3D('',#3877,#3056,#3057);
#2614=AXIS2_PLACEMENT_3D('',#3878,#3058,#3059);
#2615=AXIS2_PLACEMENT_3D('',#3881,#3061,#3062);
#2616=AXIS2_PLACEMENT_3D('',#3882,#3063,#3064);
#2617=AXIS2_PLACEMENT_3D('',#3884,#3065,#3066);
#2618=AXIS2_PLACEMENT_3D('',#3885,#3067,#3068);
#2619=AXIS2_PLACEMENT_3D('',#3886,#3069,#3070);
#2620=AXIS2_PLACEMENT_3D('',#3889,#3072,#3073);
#2621=AXIS2_PLACEMENT_3D('',#3890,#3074,#3075);
#2622=AXIS2_PLACEMENT_3D('',#3892,#3076,#3077);
#2623=AXIS2_PLACEMENT_3D('',#3893,#3078,#3079);
#2624=AXIS2_PLACEMENT_3D('',#3895,#3080,#3081);
#2625=AXIS2_PLACEMENT_3D('',#3896,#3082,#3083);
#2626=AXIS2_PLACEMENT_3D('',#3898,#3084,#3085);
#2627=AXIS2_PLACEMENT_3D('',#3899,#3086,#3087);
#2628=AXIS2_PLACEMENT_3D('',#3901,#3088,#3089);
#2629=AXIS2_PLACEMENT_3D('',#3902,#3090,#3091);
#2630=AXIS2_PLACEMENT_3D('',#3916,#3093,#3094);
#2631=AXIS2_PLACEMENT_3D('',#3917,#3095,#3096);
#2632=AXIS2_PLACEMENT_3D('',#3923,#3100,#3101);
#2633=AXIS2_PLACEMENT_3D('',#3936,#3103,#3104);
#2634=AXIS2_PLACEMENT_3D('',#3938,#3105,#3106);
#2635=AXIS2_PLACEMENT_3D('',#3940,#3108,#3109);
#2636=AXIS2_PLACEMENT_3D('',#3946,#3113,#3114);
#2637=AXIS2_PLACEMENT_3D('',#3950,#3117,#3118);
#2638=AXIS2_PLACEMENT_3D('',#3954,#3121,#3122);
#2639=AXIS2_PLACEMENT_3D('',#3956,#3124,#3125);
#2640=AXIS2_PLACEMENT_3D('',#3970,#3127,#3128);
#2641=AXIS2_PLACEMENT_3D('',#3971,#3129,#3130);
#2642=AXIS2_PLACEMENT_3D('',#3974,#3132,#3133);
#2643=AXIS2_PLACEMENT_3D('',#3975,#3134,#3135);
#2644=AXIS2_PLACEMENT_3D('',#3988,#3137,#3138);
#2645=AXIS2_PLACEMENT_3D('',#3994,#3142,#3143);
#2646=AXIS2_PLACEMENT_3D('',#3998,#3146,#3147);
#2647=AXIS2_PLACEMENT_3D('',#4002,#3150,#3151);
#2648=AXIS2_PLACEMENT_3D('',#4015,#3153,#3154);
#2649=AXIS2_PLACEMENT_3D('',#4018,#3156,#3157);
#2650=AXIS2_PLACEMENT_3D('',#4019,#3158,#3159);
#2651=AXIS2_PLACEMENT_3D('',#4021,#3161,#3162);
#2652=AXIS2_PLACEMENT_3D('',#4027,#3166,#3167);
#2653=AXIS2_PLACEMENT_3D('',#4031,#3170,#3171);
#2654=AXIS2_PLACEMENT_3D('',#4035,#3174,#3175);
#2655=AXIS2_PLACEMENT_3D('',#4039,#3178,#3179);
#2656=AXIS2_PLACEMENT_3D('',#4043,#3182,#3183);
#2657=AXIS2_PLACEMENT_3D('',#4057,#3185,#3186);
#2658=AXIS2_PLACEMENT_3D('',#4058,#3187,#3188);
#2659=AXIS2_PLACEMENT_3D('',#4061,#3190,#3191);
#2660=AXIS2_PLACEMENT_3D('',#4062,#3192,#3193);
#2661=AXIS2_PLACEMENT_3D('',#4075,#3195,#3196);
#2662=AXIS2_PLACEMENT_3D('',#4081,#3200,#3201);
#2663=AXIS2_PLACEMENT_3D('',#4085,#3204,#3205);
#2664=AXIS2_PLACEMENT_3D('',#4089,#3208,#3209);
#2665=AXIS2_PLACEMENT_3D('',#4090,#3210,#3211);
#2666=AXIS2_PLACEMENT_3D('',#4101,#3212,#3213);
#2667=AXIS2_PLACEMENT_3D('',#4102,#3214,#3215);
#2668=AXIS2_PLACEMENT_3D('',#4103,#3216,#3217);
#2669=AXIS2_PLACEMENT_3D('',#4104,#3218,#3219);
#2670=AXIS2_PLACEMENT_3D('',#4105,#3220,#3221);
#2671=AXIS2_PLACEMENT_3D('',#4106,#3222,#3223);
#2672=AXIS2_PLACEMENT_3D('',#4107,#3224,#3225);
#2673=AXIS2_PLACEMENT_3D('',#4118,#3226,#3227);
#2674=AXIS2_PLACEMENT_3D('',#4129,#3228,#3229);
#2675=AXIS2_PLACEMENT_3D('',#4130,#3230,#3231);
#2676=AXIS2_PLACEMENT_3D('',#4131,#3232,#3233);
#2677=AXIS2_PLACEMENT_3D('',#4132,#3234,#3235);
#2678=AXIS2_PLACEMENT_3D('',#4143,#3236,#3237);
#2679=AXIS2_PLACEMENT_3D('',#4154,#3238,#3239);
#2680=AXIS2_PLACEMENT_3D('',#4155,#3240,#3241);
#2681=AXIS2_PLACEMENT_3D('',#4156,#3242,#3243);
#2682=AXIS2_PLACEMENT_3D('',#4157,#3244,#3245);
#2683=AXIS2_PLACEMENT_3D('',#4168,#3246,#3247);
#2684=AXIS2_PLACEMENT_3D('',#4169,#3248,#3249);
#2685=AXIS2_PLACEMENT_3D('',#4180,#3250,#3251);
#2686=AXIS2_PLACEMENT_3D('',#4181,#3252,#3253);
#2687=AXIS2_PLACEMENT_3D('',#4182,#3254,#3255);
#2688=AXIS2_PLACEMENT_3D('',#4183,#3256,#3257);
#2689=AXIS2_PLACEMENT_3D('',#4184,#3258,#3259);
#2690=AXIS2_PLACEMENT_3D('',#4185,#3260,#3261);
#2691=AXIS2_PLACEMENT_3D('',#4186,#3262,#3263);
#2692=AXIS2_PLACEMENT_3D('',#4197,#3264,#3265);
#2693=AXIS2_PLACEMENT_3D('',#4199,#3267,#3268);
#2694=AXIS2_PLACEMENT_3D('',#4201,#3270,#3271);
#2695=AXIS2_PLACEMENT_3D('',#4203,#3273,#3274);
#2696=AXIS2_PLACEMENT_3D('',#4205,#3276,#3277);
#2697=AXIS2_PLACEMENT_3D('',#4207,#3279,#3280);
#2698=AXIS2_PLACEMENT_3D('',#4209,#3282,#3283);
#2699=AXIS2_PLACEMENT_3D('',#4211,#3285,#3286);
#2700=AXIS2_PLACEMENT_3D('',#4213,#3288,#3289);
#2701=AXIS2_PLACEMENT_3D('',#4215,#3291,#3292);
#2702=AXIS2_PLACEMENT_3D('',#4217,#3294,#3295);
#2703=AXIS2_PLACEMENT_3D('',#4219,#3297,#3298);
#2704=AXIS2_PLACEMENT_3D('',#4221,#3300,#3301);
#2705=AXIS2_PLACEMENT_3D('',#4223,#3303,#3304);
#2706=AXIS2_PLACEMENT_3D('',#4225,#3306,#3307);
#2707=AXIS2_PLACEMENT_3D('',#4227,#3309,#3310);
#2708=AXIS2_PLACEMENT_3D('',#4229,#3312,#3313);
#2709=AXIS2_PLACEMENT_3D('',#4231,#3315,#3316);
#2710=AXIS2_PLACEMENT_3D('',#4233,#3318,#3319);
#2711=AXIS2_PLACEMENT_3D('',#4235,#3321,#3322);
#2712=AXIS2_PLACEMENT_3D('',#4237,#3324,#3325);
#2713=AXIS2_PLACEMENT_3D('',#4239,#3327,#3328);
#2714=AXIS2_PLACEMENT_3D('',#4241,#3330,#3331);
#2715=AXIS2_PLACEMENT_3D('',#4243,#3333,#3334);
#2716=AXIS2_PLACEMENT_3D('',#4245,#3336,#3337);
#2717=AXIS2_PLACEMENT_3D('',#4247,#3339,#3340);
#2718=AXIS2_PLACEMENT_3D('',#4249,#3342,#3343);
#2719=AXIS2_PLACEMENT_3D('',#4251,#3345,#3346);
#2720=AXIS2_PLACEMENT_3D('',#4253,#3348,#3349);
#2721=AXIS2_PLACEMENT_3D('',#4255,#3351,#3352);
#2722=AXIS2_PLACEMENT_3D('',#4257,#3354,#3355);
#2723=AXIS2_PLACEMENT_3D('',#4259,#3357,#3358);
#2724=AXIS2_PLACEMENT_3D('',#4261,#3360,#3361);
#2725=AXIS2_PLACEMENT_3D('',#4263,#3363,#3364);
#2726=AXIS2_PLACEMENT_3D('',#4264,#3365,#3366);
#2727=AXIS2_PLACEMENT_3D('',#4265,#3367,#3368);
#2728=AXIS2_PLACEMENT_3D('',#4266,#3369,#3370);
#2729=AXIS2_PLACEMENT_3D('',#4267,#3371,#3372);
#2730=AXIS2_PLACEMENT_3D('',#4269,#3373,#3374);
#2731=AXIS2_PLACEMENT_3D('',#4272,#3376,#3377);
#2732=AXIS2_PLACEMENT_3D('',#4273,#3378,#3379);
#2733=AXIS2_PLACEMENT_3D('',#4274,#3380,#3381);
#2734=AXIS2_PLACEMENT_3D('',#4275,#3382,#3383);
#2735=AXIS2_PLACEMENT_3D('',#4277,#3384,#3385);
#2736=AXIS2_PLACEMENT_3D('',#4280,#3387,#3388);
#2737=AXIS2_PLACEMENT_3D('',#4281,#3389,#3390);
#2738=AXIS2_PLACEMENT_3D('',#4282,#3391,#3392);
#2739=AXIS2_PLACEMENT_3D('',#4283,#3393,#3394);
#2740=AXIS2_PLACEMENT_3D('',#4285,#3395,#3396);
#2741=AXIS2_PLACEMENT_3D('',#4288,#3398,#3399);
#2742=AXIS2_PLACEMENT_3D('',#4289,#3400,#3401);
#2743=AXIS2_PLACEMENT_3D('',#4290,#3402,#3403);
#2744=AXIS2_PLACEMENT_3D('',#4291,#3404,#3405);
#2745=AXIS2_PLACEMENT_3D('',#4293,#3406,#3407);
#2746=AXIS2_PLACEMENT_3D('',#4296,#3409,#3410);
#2747=AXIS2_PLACEMENT_3D('',#4297,#3411,#3412);
#2748=AXIS2_PLACEMENT_3D('',#4298,#3413,#3414);
#2749=AXIS2_PLACEMENT_3D('',#4299,#3415,#3416);
#2750=AXIS2_PLACEMENT_3D('',#4301,#3417,#3418);
#2751=AXIS2_PLACEMENT_3D('',#4304,#3420,#3421);
#2752=AXIS2_PLACEMENT_3D('',#4305,#3422,#3423);
#2753=AXIS2_PLACEMENT_3D('',#4307,#3424,#3425);
#2754=AXIS2_PLACEMENT_3D('',#4310,#3427,#3428);
#2755=AXIS2_PLACEMENT_3D('',#4311,#3429,#3430);
#2756=AXIS2_PLACEMENT_3D('',#4313,#3431,#3432);
#2757=AXIS2_PLACEMENT_3D('',#4316,#3434,#3435);
#2758=AXIS2_PLACEMENT_3D('',#4317,#3436,#3437);
#2759=AXIS2_PLACEMENT_3D('',#4319,#3438,#3439);
#2760=AXIS2_PLACEMENT_3D('',#4322,#3441,#3442);
#2761=AXIS2_PLACEMENT_3D('',#4323,#3443,#3444);
#2762=AXIS2_PLACEMENT_3D('',#4325,#3445,#3446);
#2763=AXIS2_PLACEMENT_3D('',#4328,#3448,#3449);
#2764=AXIS2_PLACEMENT_3D('',#4329,#3450,#3451);
#2765=AXIS2_PLACEMENT_3D('',#4331,#3452,#3453);
#2766=AXIS2_PLACEMENT_3D('',#4334,#3455,#3456);
#2767=AXIS2_PLACEMENT_3D('',#4335,#3457,#3458);
#2768=AXIS2_PLACEMENT_3D('',#4337,#3459,#3460);
#2769=AXIS2_PLACEMENT_3D('',#4340,#3462,#3463);
#2770=AXIS2_PLACEMENT_3D('',#4341,#3464,#3465);
#2771=AXIS2_PLACEMENT_3D('',#4343,#3466,#3467);
#2772=AXIS2_PLACEMENT_3D('',#4346,#3469,#3470);
#2773=AXIS2_PLACEMENT_3D('',#4347,#3471,#3472);
#2774=AXIS2_PLACEMENT_3D('',#4356,#3477,#3478);
#2775=AXIS2_PLACEMENT_3D('',#4362,#3482,#3483);
#2776=AXIS2_PLACEMENT_3D('',#4368,#3487,#3488);
#2777=AXIS2_PLACEMENT_3D('',#4374,#3492,#3493);
#2778=AXIS2_PLACEMENT_3D('',#4380,#3497,#3498);
#2779=AXIS2_PLACEMENT_3D('',#4386,#3502,#3503);
#2780=AXIS2_PLACEMENT_3D('',#4392,#3507,#3508);
#2781=AXIS2_PLACEMENT_3D('',#4395,#3511,#3512);
#2782=AXIS2_PLACEMENT_3D('',#4396,#3513,#3514);
#2783=DIRECTION('axis',(0.,0.,1.));
#2784=DIRECTION('refdir',(1.,0.,0.));
#2785=DIRECTION('center_axis',(0.,0.,-1.));
#2786=DIRECTION('ref_axis',(-1.,0.,0.));
#2787=DIRECTION('center_axis',(0.,0.,-1.));
#2788=DIRECTION('ref_axis',(-1.,0.,0.));
#2789=DIRECTION('',(0.,0.,-1.));
#2790=DIRECTION('center_axis',(0.,0.,1.));
#2791=DIRECTION('ref_axis',(-1.,0.,0.));
#2792=DIRECTION('center_axis',(0.,0.,1.));
#2793=DIRECTION('ref_axis',(-1.,0.,0.));
#2794=DIRECTION('center_axis',(0.,0.,-1.));
#2795=DIRECTION('ref_axis',(-1.,0.,0.));
#2796=DIRECTION('center_axis',(0.,0.,-1.));
#2797=DIRECTION('ref_axis',(-1.,0.,0.));
#2798=DIRECTION('center_axis',(0.,0.,-1.));
#2799=DIRECTION('ref_axis',(-1.,0.,0.));
#2800=DIRECTION('',(0.,0.,-1.));
#2801=DIRECTION('center_axis',(0.,0.,1.));
#2802=DIRECTION('ref_axis',(-1.,0.,0.));
#2803=DIRECTION('center_axis',(0.,0.,1.));
#2804=DIRECTION('ref_axis',(-1.,0.,0.));
#2805=DIRECTION('center_axis',(0.,0.,-1.));
#2806=DIRECTION('ref_axis',(-1.,0.,0.));
#2807=DIRECTION('center_axis',(0.,0.,-1.));
#2808=DIRECTION('ref_axis',(-1.,0.,0.));
#2809=DIRECTION('center_axis',(0.,0.,-1.));
#2810=DIRECTION('ref_axis',(-1.,0.,0.));
#2811=DIRECTION('',(0.,0.,-1.));
#2812=DIRECTION('center_axis',(0.,0.,1.));
#2813=DIRECTION('ref_axis',(-1.,0.,0.));
#2814=DIRECTION('center_axis',(0.,0.,1.));
#2815=DIRECTION('ref_axis',(-1.,0.,0.));
#2816=DIRECTION('center_axis',(0.,0.,-1.));
#2817=DIRECTION('ref_axis',(-1.,0.,0.));
#2818=DIRECTION('center_axis',(0.,0.,-1.));
#2819=DIRECTION('ref_axis',(-1.,0.,0.));
#2820=DIRECTION('center_axis',(0.,0.,-1.));
#2821=DIRECTION('ref_axis',(-1.,0.,0.));
#2822=DIRECTION('',(0.,0.,-1.));
#2823=DIRECTION('center_axis',(0.,0.,1.));
#2824=DIRECTION('ref_axis',(-1.,0.,0.));
#2825=DIRECTION('center_axis',(0.,0.,-1.));
#2826=DIRECTION('ref_axis',(-1.,0.,0.));
#2827=DIRECTION('center_axis',(-0.707106781186549,0.707106781186546,0.));
#2828=DIRECTION('ref_axis',(-0.499999999999999,-0.500000000000001,-0.707106781186548));
#2829=DIRECTION('',(0.707106781186549,-0.707106781186546,0.));
#2830=DIRECTION('',(-0.707106781186549,0.707106781186546,0.));
#2831=DIRECTION('center_axis',(-0.943297503473759,-0.331948520015037,0.));
#2832=DIRECTION('ref_axis',(-0.331948520015037,0.943297503473759,0.));
#2833=DIRECTION('center_axis',(0.287347885566345,-0.957826285221152,0.));
#2834=DIRECTION('ref_axis',(0.677285461478597,0.203185638443578,-0.707106781186547));
#2835=DIRECTION('',(-0.287347885566345,0.957826285221151,0.));
#2836=DIRECTION('center_axis',(0.802292928289395,-0.59693052964045,0.));
#2837=DIRECTION('ref_axis',(0.59693052964045,0.802292928289395,0.));
#2838=DIRECTION('',(0.287347885566345,-0.957826285221151,0.));
#2839=DIRECTION('center_axis',(0.969657439491436,-0.244467687105908,3.61884873335783E-16));
#2840=DIRECTION('ref_axis',(0.244467687105908,0.969657439491436,-2.16151693048257E-16));
#2841=DIRECTION('center_axis',(0.108447510175417,-0.994102176607995,0.));
#2842=DIRECTION('ref_axis',(-0.70293639027182,-0.0766839698478346,-0.707106781186548));
#2843=DIRECTION('',(0.108447510175417,-0.994102176607995,0.));
#2844=DIRECTION('center_axis',(-0.744462057520535,0.667664769860064,0.));
#2845=DIRECTION('ref_axis',(0.667664769860064,0.744462057520535,0.));
#2846=DIRECTION('',(-0.108447510175417,0.994102176607995,0.));
#2847=DIRECTION('center_axis',(-0.943297503473759,0.331948520015036,0.));
#2848=DIRECTION('ref_axis',(-0.331948520015036,-0.943297503473759,0.));
#2849=DIRECTION('center_axis',(0.,0.,1.));
#2850=DIRECTION('ref_axis',(1.,0.,0.));
#2851=DIRECTION('',(-0.707106781186549,0.707106781186546,0.));
#2852=DIRECTION('center_axis',(0.,0.,1.));
#2853=DIRECTION('ref_axis',(1.,0.,0.));
#2854=DIRECTION('',(0.707106781186548,-0.707106781186547,0.));
#2855=DIRECTION('',(0.,-1.,0.));
#2856=DIRECTION('',(-0.707106781186547,-0.707106781186548,0.));
#2857=DIRECTION('center_axis',(0.,0.,1.));
#2858=DIRECTION('ref_axis',(1.,0.,0.));
#2859=DIRECTION('',(0.707106781186547,0.707106781186547,0.));
#2860=DIRECTION('',(0.287347885566345,-0.957826285221151,0.));
#2861=DIRECTION('',(1.,0.,0.));
#2862=DIRECTION('',(0.287347885566346,0.957826285221151,0.));
#2863=DIRECTION('',(0.707106781186548,-0.707106781186548,0.));
#2864=DIRECTION('center_axis',(0.,0.,1.));
#2865=DIRECTION('ref_axis',(1.,0.,0.));
#2866=DIRECTION('',(-0.707106781186547,0.707106781186548,0.));
#2867=DIRECTION('',(0.,1.,0.));
#2868=DIRECTION('',(0.707106781186548,0.707106781186547,0.));
#2869=DIRECTION('center_axis',(0.,0.,1.));
#2870=DIRECTION('ref_axis',(1.,0.,0.));
#2871=DIRECTION('',(-0.707106781186548,-0.707106781186547,0.));
#2872=DIRECTION('',(-0.108447510175417,0.994102176607995,0.));
#2873=DIRECTION('',(-1.,0.,0.));
#2874=DIRECTION('',(-0.108447510175418,-0.994102176607995,0.));
#2875=DIRECTION('center_axis',(0.,0.,-1.));
#2876=DIRECTION('ref_axis',(1.,0.,0.));
#2877=DIRECTION('center_axis',(0.,0.,-1.));
#2878=DIRECTION('ref_axis',(1.,0.,0.));
#2879=DIRECTION('center_axis',(0.,0.,-1.));
#2880=DIRECTION('ref_axis',(1.,0.,0.));
#2881=DIRECTION('center_axis',(0.,0.,-1.));
#2882=DIRECTION('ref_axis',(1.,0.,0.));
#2883=DIRECTION('center_axis',(0.,0.,-1.));
#2884=DIRECTION('ref_axis',(1.,0.,0.));
#2885=DIRECTION('center_axis',(0.,0.,-1.));
#2886=DIRECTION('ref_axis',(1.,0.,0.));
#2887=DIRECTION('center_axis',(0.,0.,-1.));
#2888=DIRECTION('ref_axis',(1.,0.,0.));
#2889=DIRECTION('center_axis',(0.,0.,-1.));
#2890=DIRECTION('ref_axis',(1.,0.,0.));
#2891=DIRECTION('center_axis',(0.,0.,-1.));
#2892=DIRECTION('ref_axis',(1.,0.,0.));
#2893=DIRECTION('center_axis',(0.,0.,-1.));
#2894=DIRECTION('ref_axis',(1.,0.,0.));
#2895=DIRECTION('center_axis',(0.,0.,-1.));
#2896=DIRECTION('ref_axis',(1.,0.,0.));
#2897=DIRECTION('center_axis',(0.,0.,-1.));
#2898=DIRECTION('ref_axis',(1.,0.,0.));
#2899=DIRECTION('center_axis',(0.,0.,-1.));
#2900=DIRECTION('ref_axis',(1.,0.,0.));
#2901=DIRECTION('center_axis',(0.,0.,-1.));
#2902=DIRECTION('ref_axis',(1.,0.,0.));
#2903=DIRECTION('center_axis',(0.,0.,-1.));
#2904=DIRECTION('ref_axis',(1.,0.,0.));
#2905=DIRECTION('center_axis',(0.,0.,-1.));
#2906=DIRECTION('ref_axis',(1.,0.,0.));
#2907=DIRECTION('center_axis',(0.,0.,-1.));
#2908=DIRECTION('ref_axis',(1.,0.,0.));
#2909=DIRECTION('center_axis',(0.,0.,-1.));
#2910=DIRECTION('ref_axis',(1.,0.,0.));
#2911=DIRECTION('center_axis',(0.,0.,-1.));
#2912=DIRECTION('ref_axis',(1.,0.,0.));
#2913=DIRECTION('center_axis',(0.,0.,-1.));
#2914=DIRECTION('ref_axis',(1.,0.,0.));
#2915=DIRECTION('center_axis',(0.,0.,-1.));
#2916=DIRECTION('ref_axis',(1.,0.,0.));
#2917=DIRECTION('center_axis',(0.,0.,-1.));
#2918=DIRECTION('ref_axis',(1.,0.,0.));
#2919=DIRECTION('center_axis',(0.,0.,-1.));
#2920=DIRECTION('ref_axis',(1.,0.,0.));
#2921=DIRECTION('center_axis',(0.,0.,-1.));
#2922=DIRECTION('ref_axis',(1.,0.,0.));
#2923=DIRECTION('center_axis',(0.,0.,-1.));
#2924=DIRECTION('ref_axis',(1.,0.,0.));
#2925=DIRECTION('center_axis',(0.,0.,-1.));
#2926=DIRECTION('ref_axis',(1.,0.,0.));
#2927=DIRECTION('center_axis',(0.,0.,-1.));
#2928=DIRECTION('ref_axis',(1.,0.,0.));
#2929=DIRECTION('center_axis',(0.,0.,-1.));
#2930=DIRECTION('ref_axis',(1.,0.,0.));
#2931=DIRECTION('center_axis',(0.,0.,-1.));
#2932=DIRECTION('ref_axis',(1.,0.,0.));
#2933=DIRECTION('center_axis',(0.,0.,-1.));
#2934=DIRECTION('ref_axis',(1.,0.,0.));
#2935=DIRECTION('center_axis',(0.,0.,-1.));
#2936=DIRECTION('ref_axis',(1.,0.,0.));
#2937=DIRECTION('center_axis',(0.,0.,-1.));
#2938=DIRECTION('ref_axis',(1.,0.,0.));
#2939=DIRECTION('center_axis',(0.,0.,-1.));
#2940=DIRECTION('ref_axis',(1.,0.,0.));
#2941=DIRECTION('center_axis',(0.,0.,1.));
#2942=DIRECTION('ref_axis',(1.,0.,0.));
#2943=DIRECTION('',(0.108447510175418,0.994102176607995,0.));
#2944=DIRECTION('',(1.,0.,0.));
#2945=DIRECTION('',(0.707106781186548,0.707106781186547,0.));
#2946=DIRECTION('center_axis',(0.,0.,1.));
#2947=DIRECTION('ref_axis',(1.,0.,0.));
#2948=DIRECTION('',(-0.707106781186548,-0.707106781186547,0.));
#2949=DIRECTION('',(0.,-1.,0.));
#2950=DIRECTION('',(0.707106781186547,-0.707106781186548,0.));
#2951=DIRECTION('center_axis',(0.,0.,1.));
#2952=DIRECTION('ref_axis',(1.,0.,0.));
#2953=DIRECTION('',(-0.707106781186548,0.707106781186548,0.));
#2954=DIRECTION('',(-0.287347885566346,-0.957826285221151,0.));
#2955=DIRECTION('',(-1.,0.,0.));
#2956=DIRECTION('',(-0.707106781186547,-0.707106781186547,0.));
#2957=DIRECTION('center_axis',(0.,0.,1.));
#2958=DIRECTION('ref_axis',(1.,0.,0.));
#2959=DIRECTION('',(0.707106781186547,0.707106781186548,0.));
#2960=DIRECTION('',(0.,1.,0.));
#2961=DIRECTION('',(-0.707106781186548,0.707106781186547,0.));
#2962=DIRECTION('center_axis',(0.,0.,1.));
#2963=DIRECTION('ref_axis',(1.,0.,0.));
#2964=DIRECTION('center_axis',(0.,0.,-1.));
#2965=DIRECTION('ref_axis',(1.,0.,0.));
#2966=DIRECTION('center_axis',(0.,0.,-1.));
#2967=DIRECTION('ref_axis',(1.,0.,0.));
#2968=DIRECTION('center_axis',(0.,0.,-1.));
#2969=DIRECTION('ref_axis',(1.,0.,0.));
#2970=DIRECTION('center_axis',(0.,0.,-1.));
#2971=DIRECTION('ref_axis',(1.,0.,0.));
#2972=DIRECTION('center_axis',(0.,0.,-1.));
#2973=DIRECTION('ref_axis',(1.,0.,0.));
#2974=DIRECTION('center_axis',(0.,0.,-1.));
#2975=DIRECTION('ref_axis',(1.,0.,0.));
#2976=DIRECTION('center_axis',(0.,0.,-1.));
#2977=DIRECTION('ref_axis',(1.,0.,0.));
#2978=DIRECTION('center_axis',(0.,0.,-1.));
#2979=DIRECTION('ref_axis',(1.,0.,0.));
#2980=DIRECTION('center_axis',(0.,0.,-1.));
#2981=DIRECTION('ref_axis',(1.,0.,0.));
#2982=DIRECTION('center_axis',(0.,0.,-1.));
#2983=DIRECTION('ref_axis',(1.,0.,0.));
#2984=DIRECTION('center_axis',(0.,0.,-1.));
#2985=DIRECTION('ref_axis',(1.,0.,0.));
#2986=DIRECTION('center_axis',(0.,0.,-1.));
#2987=DIRECTION('ref_axis',(1.,0.,0.));
#2988=DIRECTION('center_axis',(0.,0.,-1.));
#2989=DIRECTION('ref_axis',(1.,0.,0.));
#2990=DIRECTION('center_axis',(0.,0.,-1.));
#2991=DIRECTION('ref_axis',(1.,0.,0.));
#2992=DIRECTION('center_axis',(0.,0.,-1.));
#2993=DIRECTION('ref_axis',(1.,0.,0.));
#2994=DIRECTION('center_axis',(0.,0.,-1.));
#2995=DIRECTION('ref_axis',(1.,0.,0.));
#2996=DIRECTION('center_axis',(0.,0.,-1.));
#2997=DIRECTION('ref_axis',(1.,0.,0.));
#2998=DIRECTION('center_axis',(0.,0.,-1.));
#2999=DIRECTION('ref_axis',(1.,0.,0.));
#3000=DIRECTION('center_axis',(0.,0.,-1.));
#3001=DIRECTION('ref_axis',(1.,0.,0.));
#3002=DIRECTION('center_axis',(0.,0.,-1.));
#3003=DIRECTION('ref_axis',(1.,0.,0.));
#3004=DIRECTION('center_axis',(0.,0.,-1.));
#3005=DIRECTION('ref_axis',(1.,0.,0.));
#3006=DIRECTION('center_axis',(0.,0.,-1.));
#3007=DIRECTION('ref_axis',(1.,0.,0.));
#3008=DIRECTION('center_axis',(0.,0.,-1.));
#3009=DIRECTION('ref_axis',(1.,0.,0.));
#3010=DIRECTION('center_axis',(0.,0.,-1.));
#3011=DIRECTION('ref_axis',(1.,0.,0.));
#3012=DIRECTION('center_axis',(0.,0.,-1.));
#3013=DIRECTION('ref_axis',(1.,0.,0.));
#3014=DIRECTION('center_axis',(0.,0.,-1.));
#3015=DIRECTION('ref_axis',(1.,0.,0.));
#3016=DIRECTION('center_axis',(0.,0.,-1.));
#3017=DIRECTION('ref_axis',(1.,0.,0.));
#3018=DIRECTION('center_axis',(0.,0.,-1.));
#3019=DIRECTION('ref_axis',(1.,0.,0.));
#3020=DIRECTION('center_axis',(0.,0.,-1.));
#3021=DIRECTION('ref_axis',(1.,0.,0.));
#3022=DIRECTION('center_axis',(0.,0.,-1.));
#3023=DIRECTION('ref_axis',(1.,0.,0.));
#3024=DIRECTION('center_axis',(0.,0.,-1.));
#3025=DIRECTION('ref_axis',(1.,0.,0.));
#3026=DIRECTION('center_axis',(0.,0.,-1.));
#3027=DIRECTION('ref_axis',(1.,0.,0.));
#3028=DIRECTION('center_axis',(0.,0.,-1.));
#3029=DIRECTION('ref_axis',(1.,0.,0.));
#3030=DIRECTION('center_axis',(0.,0.,1.));
#3031=DIRECTION('ref_axis',(1.,0.,0.));
#3032=DIRECTION('center_axis',(0.,-1.,0.));
#3033=DIRECTION('ref_axis',(-1.,0.,0.));
#3034=DIRECTION('center_axis',(0.,0.,1.));
#3035=DIRECTION('ref_axis',(1.,0.,0.));
#3036=DIRECTION('center_axis',(0.,0.,1.));
#3037=DIRECTION('ref_axis',(1.,0.,0.));
#3038=DIRECTION('',(0.,0.,1.));
#3039=DIRECTION('center_axis',(0.,0.,1.));
#3040=DIRECTION('ref_axis',(1.,0.,0.));
#3041=DIRECTION('center_axis',(0.,0.,1.));
#3042=DIRECTION('ref_axis',(1.,0.,0.));
#3043=DIRECTION('center_axis',(0.,-1.,0.));
#3044=DIRECTION('ref_axis',(-1.,0.,0.));
#3045=DIRECTION('center_axis',(0.,0.,1.));
#3046=DIRECTION('ref_axis',(1.,0.,0.));
#3047=DIRECTION('center_axis',(0.,0.,1.));
#3048=DIRECTION('ref_axis',(1.,0.,0.));
#3049=DIRECTION('',(0.,0.,1.));
#3050=DIRECTION('center_axis',(0.,0.,1.));
#3051=DIRECTION('ref_axis',(1.,0.,0.));
#3052=DIRECTION('center_axis',(0.,0.,1.));
#3053=DIRECTION('ref_axis',(1.,0.,0.));
#3054=DIRECTION('center_axis',(0.,-1.,0.));
#3055=DIRECTION('ref_axis',(-1.,0.,0.));
#3056=DIRECTION('center_axis',(0.,0.,1.));
#3057=DIRECTION('ref_axis',(1.,0.,0.));
#3058=DIRECTION('center_axis',(0.,0.,1.));
#3059=DIRECTION('ref_axis',(1.,0.,0.));
#3060=DIRECTION('',(0.,0.,1.));
#3061=DIRECTION('center_axis',(0.,0.,1.));
#3062=DIRECTION('ref_axis',(1.,0.,0.));
#3063=DIRECTION('center_axis',(0.,0.,1.));
#3064=DIRECTION('ref_axis',(1.,0.,0.));
#3065=DIRECTION('center_axis',(0.,-1.,0.));
#3066=DIRECTION('ref_axis',(-1.,0.,0.));
#3067=DIRECTION('center_axis',(0.,0.,1.));
#3068=DIRECTION('ref_axis',(1.,0.,0.));
#3069=DIRECTION('center_axis',(0.,0.,1.));
#3070=DIRECTION('ref_axis',(1.,0.,0.));
#3071=DIRECTION('',(0.,0.,1.));
#3072=DIRECTION('center_axis',(0.,0.,1.));
#3073=DIRECTION('ref_axis',(1.,0.,0.));
#3074=DIRECTION('center_axis',(0.,0.,-1.));
#3075=DIRECTION('ref_axis',(1.,0.,0.));
#3076=DIRECTION('center_axis',(0.,0.,-1.));
#3077=DIRECTION('ref_axis',(1.,0.,0.));
#3078=DIRECTION('center_axis',(0.,0.,-1.));
#3079=DIRECTION('ref_axis',(1.,0.,0.));
#3080=DIRECTION('center_axis',(0.,0.,-1.));
#3081=DIRECTION('ref_axis',(1.,0.,0.));
#3082=DIRECTION('center_axis',(0.,0.,-1.));
#3083=DIRECTION('ref_axis',(1.,0.,0.));
#3084=DIRECTION('center_axis',(0.,0.,-1.));
#3085=DIRECTION('ref_axis',(1.,0.,0.));
#3086=DIRECTION('center_axis',(0.,0.,-1.));
#3087=DIRECTION('ref_axis',(1.,0.,0.));
#3088=DIRECTION('center_axis',(0.,0.,-1.));
#3089=DIRECTION('ref_axis',(1.,0.,0.));
#3090=DIRECTION('center_axis',(0.707106781186548,-0.707106781186548,0.));
#3091=DIRECTION('ref_axis',(0.5,0.5,-0.707106781186548));
#3092=DIRECTION('',(0.707106781186548,-0.707106781186548,0.));
#3093=DIRECTION('center_axis',(0.957826285221151,-0.287347885566346,0.));
#3094=DIRECTION('ref_axis',(0.287347885566346,0.957826285221151,4.07299703187765E-16));
#3095=DIRECTION('center_axis',(0.707106781186548,0.707106781186548,0.));
#3096=DIRECTION('ref_axis',(-0.707106781186548,0.707106781186548,0.));
#3097=DIRECTION('',(0.,0.,1.));
#3098=DIRECTION('',(-0.707106781186548,0.707106781186548,0.));
#3099=DIRECTION('',(0.,0.,1.));
#3100=DIRECTION('center_axis',(-0.707106781186548,-0.707106781186548,0.));
#3101=DIRECTION('ref_axis',(-0.500000000000001,0.500000000000001,-0.707106781186547));
#3102=DIRECTION('',(0.707106781186548,0.707106781186548,0.));
#3103=DIRECTION('center_axis',(-1.,0.,0.));
#3104=DIRECTION('ref_axis',(0.,0.707106781186546,-0.707106781186549));
#3105=DIRECTION('center_axis',(0.957826285221151,-0.287347885566346,0.));
#3106=DIRECTION('ref_axis',(0.287347885566346,0.957826285221151,0.));
#3107=DIRECTION('',(1.,0.,0.));
#3108=DIRECTION('center_axis',(-0.707106781186548,0.707106781186548,0.));
#3109=DIRECTION('ref_axis',(-0.707106781186548,-0.707106781186548,0.));
#3110=DIRECTION('',(0.,0.,1.));
#3111=DIRECTION('',(-0.707106781186548,-0.707106781186548,0.));
#3112=DIRECTION('',(0.,0.,1.));
#3113=DIRECTION('center_axis',(0.957826285221152,0.287347885566345,0.));
#3114=DIRECTION('ref_axis',(-0.287347885566345,0.957826285221151,0.));
#3115=DIRECTION('',(0.,0.,1.));
#3116=DIRECTION('',(-0.287347885566345,0.957826285221151,0.));
#3117=DIRECTION('center_axis',(0.,1.,0.));
#3118=DIRECTION('ref_axis',(-1.,0.,0.));
#3119=DIRECTION('',(0.,0.,1.));
#3120=DIRECTION('',(-1.,0.,0.));
#3121=DIRECTION('center_axis',(-0.957826285221151,0.287347885566346,0.));
#3122=DIRECTION('ref_axis',(-0.287347885566346,-0.957826285221151,0.));
#3123=DIRECTION('',(-0.287347885566346,-0.957826285221151,0.));
#3124=DIRECTION('center_axis',(-0.707106781186548,0.707106781186547,0.));
#3125=DIRECTION('ref_axis',(0.500000000000001,0.499999999999999,-0.707106781186548));
#3126=DIRECTION('',(0.707106781186548,-0.707106781186547,0.));
#3127=DIRECTION('center_axis',(0.382683432365088,-0.923879532511288,0.));
#3128=DIRECTION('ref_axis',(0.923879532511288,0.382683432365088,0.));
#3129=DIRECTION('center_axis',(0.,1.,0.));
#3130=DIRECTION('ref_axis',(0.707106781186548,0.,-0.707106781186547));
#3131=DIRECTION('',(0.,-1.,0.));
#3132=DIRECTION('center_axis',(-0.382683432365087,-0.923879532511288,0.));
#3133=DIRECTION('ref_axis',(0.923879532511288,-0.382683432365087,0.));
#3134=DIRECTION('center_axis',(-0.707106781186547,-0.707106781186548,0.));
#3135=DIRECTION('ref_axis',(0.5,-0.5,-0.707106781186548));
#3136=DIRECTION('',(-0.707106781186547,-0.707106781186548,0.));
#3137=DIRECTION('center_axis',(0.707106781186547,0.707106781186548,0.));
#3138=DIRECTION('ref_axis',(-0.707106781186548,0.707106781186547,0.));
#3139=DIRECTION('',(0.,0.,1.));
#3140=DIRECTION('',(-0.707106781186548,0.707106781186547,0.));
#3141=DIRECTION('',(0.,0.,1.));
#3142=DIRECTION('center_axis',(1.,0.,0.));
#3143=DIRECTION('ref_axis',(0.,1.,0.));
#3144=DIRECTION('',(0.,0.,1.));
#3145=DIRECTION('',(0.,1.,0.));
#3146=DIRECTION('center_axis',(0.707106781186548,-0.707106781186547,0.));
#3147=DIRECTION('ref_axis',(0.707106781186547,0.707106781186548,0.));
#3148=DIRECTION('',(0.,0.,1.));
#3149=DIRECTION('',(0.707106781186547,0.707106781186548,0.));
#3150=DIRECTION('center_axis',(0.707106781186548,0.707106781186547,0.));
#3151=DIRECTION('ref_axis',(0.499999999999999,-0.500000000000001,-0.707106781186548));
#3152=DIRECTION('',(-0.707106781186548,-0.707106781186547,0.));
#3153=DIRECTION('center_axis',(-1.,0.,0.));
#3154=DIRECTION('ref_axis',(0.,-0.707106781186546,-0.707106781186549));
#3155=DIRECTION('',(-1.,0.,0.));
#3156=DIRECTION('center_axis',(-0.744462057520535,-0.667664769860063,-1.97668480061253E-15));
#3157=DIRECTION('ref_axis',(0.667664769860063,-0.744462057520535,-2.20405044591764E-15));
#3158=DIRECTION('center_axis',(-0.108447510175418,-0.994102176607995,0.));
#3159=DIRECTION('ref_axis',(0.70293639027182,-0.0766839698478325,-0.707106781186548));
#3160=DIRECTION('',(-0.108447510175418,-0.994102176607995,0.));
#3161=DIRECTION('center_axis',(0.707106781186547,-0.707106781186548,0.));
#3162=DIRECTION('ref_axis',(0.707106781186548,0.707106781186547,0.));
#3163=DIRECTION('',(0.,0.,1.));
#3164=DIRECTION('',(0.707106781186548,0.707106781186547,0.));
#3165=DIRECTION('',(0.,0.,1.));
#3166=DIRECTION('center_axis',(-0.994102176607995,-0.108447510175417,0.));
#3167=DIRECTION('ref_axis',(0.108447510175417,-0.994102176607995,0.));
#3168=DIRECTION('',(0.,0.,1.));
#3169=DIRECTION('',(0.108447510175417,-0.994102176607995,0.));
#3170=DIRECTION('center_axis',(0.,-1.,0.));
#3171=DIRECTION('ref_axis',(1.,0.,0.));
#3172=DIRECTION('',(0.,0.,1.));
#3173=DIRECTION('',(1.,0.,0.));
#3174=DIRECTION('center_axis',(0.994102176607995,-0.108447510175418,0.));
#3175=DIRECTION('ref_axis',(0.108447510175418,0.994102176607995,0.));
#3176=DIRECTION('',(0.,0.,1.));
#3177=DIRECTION('',(0.108447510175418,0.994102176607995,0.));
#3178=DIRECTION('center_axis',(-0.707106781186546,-0.707106781186549,0.));
#3179=DIRECTION('ref_axis',(0.707106781186549,-0.707106781186546,0.));
#3180=DIRECTION('',(0.,0.,1.));
#3181=DIRECTION('',(0.707106781186549,-0.707106781186546,0.));
#3182=DIRECTION('center_axis',(0.707106781186547,-0.707106781186548,0.));
#3183=DIRECTION('ref_axis',(-0.500000000000001,-0.499999999999999,-0.707106781186548));
#3184=DIRECTION('',(-0.707106781186547,0.707106781186548,0.));
#3185=DIRECTION('center_axis',(-0.382683432365091,0.923879532511287,0.));
#3186=DIRECTION('ref_axis',(-0.923879532511286,-0.382683432365091,0.));
#3187=DIRECTION('center_axis',(0.,-1.,0.));
#3188=DIRECTION('ref_axis',(-0.707106781186547,0.,-0.707106781186548));
#3189=DIRECTION('',(0.,1.,0.));
#3190=DIRECTION('center_axis',(0.382683432365092,0.923879532511286,6.8380821931597E-16));
#3191=DIRECTION('ref_axis',(-0.923879532511286,0.382683432365092,-1.6508590771348E-15));
#3192=DIRECTION('center_axis',(0.707106781186548,0.707106781186547,0.));
#3193=DIRECTION('ref_axis',(-0.5,0.5,-0.707106781186547));
#3194=DIRECTION('',(0.707106781186548,0.707106781186547,0.));
#3195=DIRECTION('center_axis',(-0.707106781186548,-0.707106781186547,0.));
#3196=DIRECTION('ref_axis',(0.707106781186547,-0.707106781186548,0.));
#3197=DIRECTION('',(0.,0.,1.));
#3198=DIRECTION('',(0.707106781186547,-0.707106781186548,0.));
#3199=DIRECTION('',(0.,0.,1.));
#3200=DIRECTION('center_axis',(-1.,0.,0.));
#3201=DIRECTION('ref_axis',(0.,-1.,0.));
#3202=DIRECTION('',(0.,0.,1.));
#3203=DIRECTION('',(0.,-1.,0.));
#3204=DIRECTION('center_axis',(-0.707106781186547,0.707106781186548,0.));
#3205=DIRECTION('ref_axis',(-0.707106781186548,-0.707106781186547,0.));
#3206=DIRECTION('',(0.,0.,1.));
#3207=DIRECTION('',(-0.707106781186548,-0.707106781186547,0.));
#3208=DIRECTION('center_axis',(0.707106781186549,-0.707106781186546,0.));
#3209=DIRECTION('ref_axis',(-0.499999999999999,-0.500000000000001,0.707106781186548));
#3210=DIRECTION('center_axis',(0.943297503473759,0.331948520015037,0.));
#3211=DIRECTION('ref_axis',(-0.331948520015037,0.943297503473759,0.));
#3212=DIRECTION('center_axis',(0.108447510175418,0.994102176607995,0.));
#3213=DIRECTION('ref_axis',(0.70293639027182,-0.0766839698478325,0.707106781186548));
#3214=DIRECTION('center_axis',(0.744462057520535,0.667664769860063,0.));
#3215=DIRECTION('ref_axis',(0.667664769860063,-0.744462057520535,0.));
#3216=DIRECTION('center_axis',(1.,0.,0.));
#3217=DIRECTION('ref_axis',(0.,-0.707106781186546,0.707106781186549));
#3218=DIRECTION('center_axis',(0.744462057520534,-0.667664769860064,0.));
#3219=DIRECTION('ref_axis',(-0.667664769860064,-0.744462057520534,0.));
#3220=DIRECTION('center_axis',(0.108447510175417,-0.994102176607995,0.));
#3221=DIRECTION('ref_axis',(-0.702936390271821,-0.0766839698478345,0.707106781186547));
#3222=DIRECTION('center_axis',(0.943297503473759,-0.331948520015037,0.));
#3223=DIRECTION('ref_axis',(0.331948520015037,0.943297503473759,0.));
#3224=DIRECTION('center_axis',(0.707106781186548,0.707106781186547,0.));
#3225=DIRECTION('ref_axis',(0.499999999999999,-0.500000000000001,0.707106781186548));
#3226=DIRECTION('center_axis',(0.707106781186547,0.707106781186548,0.));
#3227=DIRECTION('ref_axis',(0.5,-0.5,0.707106781186548));
#3228=DIRECTION('center_axis',(0.382683432365087,0.923879532511288,0.));
#3229=DIRECTION('ref_axis',(-0.923879532511288,0.382683432365087,0.));
#3230=DIRECTION('center_axis',(0.,1.,0.));
#3231=DIRECTION('ref_axis',(0.707106781186548,0.,0.707106781186547));
#3232=DIRECTION('center_axis',(-0.382683432365089,0.923879532511287,0.));
#3233=DIRECTION('ref_axis',(-0.923879532511287,-0.382683432365088,0.));
#3234=DIRECTION('center_axis',(-0.707106781186548,0.707106781186547,0.));
#3235=DIRECTION('ref_axis',(0.500000000000001,0.499999999999999,0.707106781186548));
#3236=DIRECTION('center_axis',(-0.707106781186548,-0.707106781186547,0.));
#3237=DIRECTION('ref_axis',(-0.5,0.5,0.707106781186547));
#3238=DIRECTION('center_axis',(-0.382683432365091,-0.923879532511287,0.));
#3239=DIRECTION('ref_axis',(0.923879532511286,-0.382683432365091,0.));
#3240=DIRECTION('center_axis',(0.,-1.,0.));
#3241=DIRECTION('ref_axis',(-0.707106781186547,0.,0.707106781186548));
#3242=DIRECTION('center_axis',(0.382683432365091,-0.923879532511287,0.));
#3243=DIRECTION('ref_axis',(0.923879532511286,0.382683432365091,0.));
#3244=DIRECTION('center_axis',(0.707106781186547,-0.707106781186548,0.));
#3245=DIRECTION('ref_axis',(-0.500000000000001,-0.499999999999999,0.707106781186548));
#3246=DIRECTION('center_axis',(-0.707106781186548,0.707106781186548,0.));
#3247=DIRECTION('ref_axis',(0.5,0.5,0.707106781186548));
#3248=DIRECTION('center_axis',(-0.969657439491436,-0.244467687105908,0.));
#3249=DIRECTION('ref_axis',(0.244467687105908,-0.969657439491436,0.));
#3250=DIRECTION('center_axis',(-0.287347885566346,-0.957826285221151,0.));
#3251=DIRECTION('ref_axis',(-0.677285461478597,0.203185638443579,0.707106781186547));
#3252=DIRECTION('center_axis',(-0.802292928289395,-0.596930529640449,-2.96908027160275E-16));
#3253=DIRECTION('ref_axis',(-0.596930529640449,0.802292928289395,-3.99053488999004E-16));
#3254=DIRECTION('center_axis',(-1.,0.,0.));
#3255=DIRECTION('ref_axis',(0.,0.707106781186546,0.707106781186549));
#3256=DIRECTION('center_axis',(-0.802292928289395,0.59693052964045,-5.93816054320551E-16));
#3257=DIRECTION('ref_axis',(0.596930529640449,0.802292928289395,-7.98106977998007E-16));
#3258=DIRECTION('center_axis',(-0.287347885566345,0.957826285221152,0.));
#3259=DIRECTION('ref_axis',(0.677285461478597,0.203185638443578,0.707106781186547));
#3260=DIRECTION('center_axis',(-0.969657439491436,0.244467687105907,-3.61884873335783E-16));
#3261=DIRECTION('ref_axis',(-0.244467687105907,-0.969657439491436,-2.16151693048255E-16));
#3262=DIRECTION('center_axis',(-0.707106781186548,-0.707106781186548,0.));
#3263=DIRECTION('ref_axis',(-0.500000000000001,0.500000000000001,0.707106781186547));
#3264=DIRECTION('center_axis',(0.,0.,1.));
#3265=DIRECTION('ref_axis',(1.,0.,0.));
#3266=DIRECTION('',(0.,0.,-1.));
#3267=DIRECTION('center_axis',(0.,0.,1.));
#3268=DIRECTION('ref_axis',(1.,0.,0.));
#3269=DIRECTION('',(0.,0.,-1.));
#3270=DIRECTION('center_axis',(0.,0.,1.));
#3271=DIRECTION('ref_axis',(1.,0.,0.));
#3272=DIRECTION('',(0.,0.,-1.));
#3273=DIRECTION('center_axis',(0.,0.,1.));
#3274=DIRECTION('ref_axis',(1.,0.,0.));
#3275=DIRECTION('',(0.,0.,-1.));
#3276=DIRECTION('center_axis',(0.,0.,1.));
#3277=DIRECTION('ref_axis',(1.,0.,0.));
#3278=DIRECTION('',(0.,0.,-1.));
#3279=DIRECTION('center_axis',(0.,0.,1.));
#3280=DIRECTION('ref_axis',(1.,0.,0.));
#3281=DIRECTION('',(0.,0.,-1.));
#3282=DIRECTION('center_axis',(0.,0.,1.));
#3283=DIRECTION('ref_axis',(1.,0.,0.));
#3284=DIRECTION('',(0.,0.,-1.));
#3285=DIRECTION('center_axis',(0.,0.,1.));
#3286=DIRECTION('ref_axis',(1.,0.,0.));
#3287=DIRECTION('',(0.,0.,-1.));
#3288=DIRECTION('center_axis',(0.,0.,1.));
#3289=DIRECTION('ref_axis',(1.,0.,0.));
#3290=DIRECTION('',(0.,0.,-1.));
#3291=DIRECTION('center_axis',(0.,0.,1.));
#3292=DIRECTION('ref_axis',(1.,0.,0.));
#3293=DIRECTION('',(0.,0.,-1.));
#3294=DIRECTION('center_axis',(0.,0.,1.));
#3295=DIRECTION('ref_axis',(1.,0.,0.));
#3296=DIRECTION('',(0.,0.,-1.));
#3297=DIRECTION('center_axis',(0.,0.,1.));
#3298=DIRECTION('ref_axis',(1.,0.,0.));
#3299=DIRECTION('',(0.,0.,-1.));
#3300=DIRECTION('center_axis',(0.,0.,1.));
#3301=DIRECTION('ref_axis',(1.,0.,0.));
#3302=DIRECTION('',(0.,0.,-1.));
#3303=DIRECTION('center_axis',(0.,0.,1.));
#3304=DIRECTION('ref_axis',(1.,0.,0.));
#3305=DIRECTION('',(0.,0.,-1.));
#3306=DIRECTION('center_axis',(0.,0.,1.));
#3307=DIRECTION('ref_axis',(1.,0.,0.));
#3308=DIRECTION('',(0.,0.,-1.));
#3309=DIRECTION('center_axis',(0.,0.,1.));
#3310=DIRECTION('ref_axis',(1.,0.,0.));
#3311=DIRECTION('',(0.,0.,-1.));
#3312=DIRECTION('center_axis',(0.,0.,1.));
#3313=DIRECTION('ref_axis',(1.,0.,0.));
#3314=DIRECTION('',(0.,0.,-1.));
#3315=DIRECTION('center_axis',(0.,0.,1.));
#3316=DIRECTION('ref_axis',(1.,0.,0.));
#3317=DIRECTION('',(0.,0.,-1.));
#3318=DIRECTION('center_axis',(0.,0.,1.));
#3319=DIRECTION('ref_axis',(1.,0.,0.));
#3320=DIRECTION('',(0.,0.,-1.));
#3321=DIRECTION('center_axis',(0.,0.,1.));
#3322=DIRECTION('ref_axis',(1.,0.,0.));
#3323=DIRECTION('',(0.,0.,-1.));
#3324=DIRECTION('center_axis',(0.,0.,1.));
#3325=DIRECTION('ref_axis',(1.,0.,0.));
#3326=DIRECTION('',(0.,0.,-1.));
#3327=DIRECTION('center_axis',(0.,0.,1.));
#3328=DIRECTION('ref_axis',(1.,0.,0.));
#3329=DIRECTION('',(0.,0.,-1.));
#3330=DIRECTION('center_axis',(0.,0.,1.));
#3331=DIRECTION('ref_axis',(1.,0.,0.));
#3332=DIRECTION('',(0.,0.,-1.));
#3333=DIRECTION('center_axis',(0.,0.,1.));
#3334=DIRECTION('ref_axis',(1.,0.,0.));
#3335=DIRECTION('',(0.,0.,-1.));
#3336=DIRECTION('center_axis',(0.,0.,1.));
#3337=DIRECTION('ref_axis',(1.,0.,0.));
#3338=DIRECTION('',(0.,0.,-1.));
#3339=DIRECTION('center_axis',(0.,0.,1.));
#3340=DIRECTION('ref_axis',(1.,0.,0.));
#3341=DIRECTION('',(0.,0.,-1.));
#3342=DIRECTION('center_axis',(0.,0.,1.));
#3343=DIRECTION('ref_axis',(1.,0.,0.));
#3344=DIRECTION('',(0.,0.,-1.));
#3345=DIRECTION('center_axis',(0.,0.,1.));
#3346=DIRECTION('ref_axis',(1.,0.,0.));
#3347=DIRECTION('',(0.,0.,-1.));
#3348=DIRECTION('center_axis',(0.,0.,1.));
#3349=DIRECTION('ref_axis',(1.,0.,0.));
#3350=DIRECTION('',(0.,0.,-1.));
#3351=DIRECTION('center_axis',(0.,0.,1.));
#3352=DIRECTION('ref_axis',(1.,0.,0.));
#3353=DIRECTION('',(0.,0.,-1.));
#3354=DIRECTION('center_axis',(0.,0.,1.));
#3355=DIRECTION('ref_axis',(1.,0.,0.));
#3356=DIRECTION('',(0.,0.,-1.));
#3357=DIRECTION('center_axis',(0.,0.,1.));
#3358=DIRECTION('ref_axis',(1.,0.,0.));
#3359=DIRECTION('',(0.,0.,-1.));
#3360=DIRECTION('center_axis',(0.,0.,1.));
#3361=DIRECTION('ref_axis',(1.,0.,0.));
#3362=DIRECTION('',(0.,0.,-1.));
#3363=DIRECTION('center_axis',(0.,0.,1.));
#3364=DIRECTION('ref_axis',(-0.707106781186548,-0.707106781186547,0.));
#3365=DIRECTION('center_axis',(0.,0.,1.));
#3366=DIRECTION('ref_axis',(-0.707106781186547,0.707106781186548,0.));
#3367=DIRECTION('center_axis',(0.,0.,1.));
#3368=DIRECTION('ref_axis',(0.707106781186548,0.707106781186547,0.));
#3369=DIRECTION('center_axis',(0.,0.,1.));
#3370=DIRECTION('ref_axis',(0.707106781186544,-0.707106781186551,0.));
#3371=DIRECTION('center_axis',(0.,0.,1.));
#3372=DIRECTION('ref_axis',(1.,0.,0.));
#3373=DIRECTION('center_axis',(0.,0.,1.));
#3374=DIRECTION('ref_axis',(1.,0.,0.));
#3375=DIRECTION('',(0.,0.,-1.));
#3376=DIRECTION('center_axis',(0.,0.,1.));
#3377=DIRECTION('ref_axis',(1.,0.,0.));
#3378=DIRECTION('center_axis',(0.,0.,1.));
#3379=DIRECTION('ref_axis',(1.,0.,0.));
#3380=DIRECTION('center_axis',(0.,0.,1.));
#3381=DIRECTION('ref_axis',(1.,0.,0.));
#3382=DIRECTION('center_axis',(0.,0.,1.));
#3383=DIRECTION('ref_axis',(1.,0.,0.));
#3384=DIRECTION('center_axis',(0.,0.,1.));
#3385=DIRECTION('ref_axis',(1.,0.,0.));
#3386=DIRECTION('',(0.,0.,-1.));
#3387=DIRECTION('center_axis',(0.,0.,1.));
#3388=DIRECTION('ref_axis',(1.,0.,0.));
#3389=DIRECTION('center_axis',(0.,0.,1.));
#3390=DIRECTION('ref_axis',(1.,0.,0.));
#3391=DIRECTION('center_axis',(0.,0.,1.));
#3392=DIRECTION('ref_axis',(1.,0.,0.));
#3393=DIRECTION('center_axis',(0.,0.,1.));
#3394=DIRECTION('ref_axis',(1.,0.,0.));
#3395=DIRECTION('center_axis',(0.,0.,1.));
#3396=DIRECTION('ref_axis',(1.,0.,0.));
#3397=DIRECTION('',(0.,0.,-1.));
#3398=DIRECTION('center_axis',(0.,0.,1.));
#3399=DIRECTION('ref_axis',(1.,0.,0.));
#3400=DIRECTION('center_axis',(0.,0.,1.));
#3401=DIRECTION('ref_axis',(1.,0.,0.));
#3402=DIRECTION('center_axis',(0.,0.,1.));
#3403=DIRECTION('ref_axis',(1.,0.,0.));
#3404=DIRECTION('center_axis',(0.,0.,1.));
#3405=DIRECTION('ref_axis',(1.,0.,0.));
#3406=DIRECTION('center_axis',(0.,0.,1.));
#3407=DIRECTION('ref_axis',(1.,0.,0.));
#3408=DIRECTION('',(0.,0.,-1.));
#3409=DIRECTION('center_axis',(0.,0.,1.));
#3410=DIRECTION('ref_axis',(1.,0.,0.));
#3411=DIRECTION('center_axis',(0.,0.,1.));
#3412=DIRECTION('ref_axis',(1.,0.,0.));
#3413=DIRECTION('center_axis',(0.,0.,1.));
#3414=DIRECTION('ref_axis',(1.,0.,0.));
#3415=DIRECTION('center_axis',(0.,0.,1.));
#3416=DIRECTION('ref_axis',(-1.,0.,0.));
#3417=DIRECTION('center_axis',(-2.11189650027945E-32,2.85334088751107E-17,
1.));
#3418=DIRECTION('ref_axis',(-1.,0.,0.));
#3419=DIRECTION('',(0.,0.,1.));
#3420=DIRECTION('center_axis',(2.11189650027945E-32,-2.85334088751107E-17,
-1.));
#3421=DIRECTION('ref_axis',(-1.,0.,0.));
#3422=DIRECTION('center_axis',(0.,0.,1.));
#3423=DIRECTION('ref_axis',(-1.,0.,0.));
#3424=DIRECTION('center_axis',(-2.11189650027945E-32,2.85334088751107E-17,
1.));
#3425=DIRECTION('ref_axis',(-1.,0.,0.));
#3426=DIRECTION('',(0.,0.,1.));
#3427=DIRECTION('center_axis',(2.11189650027945E-32,-2.85334088751107E-17,
-1.));
#3428=DIRECTION('ref_axis',(-1.,0.,0.));
#3429=DIRECTION('center_axis',(0.,0.,1.));
#3430=DIRECTION('ref_axis',(-1.,0.,0.));
#3431=DIRECTION('center_axis',(-2.11189650027945E-32,2.85334088751107E-17,
1.));
#3432=DIRECTION('ref_axis',(-1.,0.,0.));
#3433=DIRECTION('',(0.,0.,1.));
#3434=DIRECTION('center_axis',(2.11189650027945E-32,-2.85334088751107E-17,
-1.));
#3435=DIRECTION('ref_axis',(-1.,0.,0.));
#3436=DIRECTION('center_axis',(0.,0.,1.));
#3437=DIRECTION('ref_axis',(-1.,0.,0.));
#3438=DIRECTION('center_axis',(-2.11189650027945E-32,2.85334088751107E-17,
1.));
#3439=DIRECTION('ref_axis',(-1.,0.,0.));
#3440=DIRECTION('',(0.,0.,1.));
#3441=DIRECTION('center_axis',(2.11189650027945E-32,-2.85334088751107E-17,
-1.));
#3442=DIRECTION('ref_axis',(-1.,0.,0.));
#3443=DIRECTION('center_axis',(0.,0.,1.));
#3444=DIRECTION('ref_axis',(-1.,0.,0.));
#3445=DIRECTION('center_axis',(-2.11189650027945E-32,2.85334088751107E-17,
1.));
#3446=DIRECTION('ref_axis',(-1.,0.,0.));
#3447=DIRECTION('',(0.,0.,1.));
#3448=DIRECTION('center_axis',(2.11189650027945E-32,-2.85334088751107E-17,
-1.));
#3449=DIRECTION('ref_axis',(-1.,0.,0.));
#3450=DIRECTION('center_axis',(0.,0.,1.));
#3451=DIRECTION('ref_axis',(-1.,0.,0.));
#3452=DIRECTION('center_axis',(-2.11189650027945E-32,2.85334088751107E-17,
1.));
#3453=DIRECTION('ref_axis',(-1.,0.,0.));
#3454=DIRECTION('',(0.,0.,1.));
#3455=DIRECTION('center_axis',(2.11189650027945E-32,-2.85334088751107E-17,
-1.));
#3456=DIRECTION('ref_axis',(-1.,0.,0.));
#3457=DIRECTION('center_axis',(0.,0.,1.));
#3458=DIRECTION('ref_axis',(-1.,0.,0.));
#3459=DIRECTION('center_axis',(0.,0.,-1.));
#3460=DIRECTION('ref_axis',(-1.,0.,0.));
#3461=DIRECTION('',(0.,0.,-1.));
#3462=DIRECTION('center_axis',(0.,0.,-1.));
#3463=DIRECTION('ref_axis',(-1.,0.,0.));
#3464=DIRECTION('center_axis',(0.,0.,1.));
#3465=DIRECTION('ref_axis',(-1.,0.,0.));
#3466=DIRECTION('center_axis',(0.,0.,-1.));
#3467=DIRECTION('ref_axis',(-1.,0.,0.));
#3468=DIRECTION('',(0.,0.,-1.));
#3469=DIRECTION('center_axis',(0.,0.,-1.));
#3470=DIRECTION('ref_axis',(-1.,0.,0.));
#3471=DIRECTION('center_axis',(0.952505805159612,0.304520428111546,0.));
#3472=DIRECTION('ref_axis',(-0.304520428111546,0.952505805159612,-2.71782375945357E-17));
#3473=DIRECTION('',(0.304520428111546,-0.952505805159612,2.71782375945357E-17));
#3474=DIRECTION('',(0.,0.,1.));
#3475=DIRECTION('',(-0.304520428111546,0.952505805159612,-2.71782375945357E-17));
#3476=DIRECTION('',(0.,0.,1.));
#3477=DIRECTION('center_axis',(1.,0.,0.));
#3478=DIRECTION('ref_axis',(0.,1.,0.));
#3479=DIRECTION('',(0.,-1.,0.));
#3480=DIRECTION('',(0.,1.,0.));
#3481=DIRECTION('',(0.,0.,1.));
#3482=DIRECTION('center_axis',(0.971628115225284,-0.236513859432724,0.));
#3483=DIRECTION('ref_axis',(0.236513859432724,0.971628115225284,3.99527377916723E-17));
#3484=DIRECTION('',(-0.236513859432724,-0.971628115225284,-3.99527377916723E-17));
#3485=DIRECTION('',(0.236513859432724,0.971628115225284,3.99527377916723E-17));
#3486=DIRECTION('',(0.,0.,1.));
#3487=DIRECTION('center_axis',(2.19819945082279E-8,-1.,0.));
#3488=DIRECTION('ref_axis',(1.,2.19819945082279E-8,0.));
#3489=DIRECTION('',(1.,2.19819945082279E-8,0.));
#3490=DIRECTION('',(1.,2.19819945082279E-8,0.));
#3491=DIRECTION('',(0.,0.,1.));
#3492=DIRECTION('center_axis',(-0.972223640913386,-0.2340538229748,0.));
#3493=DIRECTION('ref_axis',(0.2340538229748,-0.972223640913386,0.));
#3494=DIRECTION('',(0.2340538229748,-0.972223640913386,0.));
#3495=DIRECTION('',(0.2340538229748,-0.972223640913386,0.));
#3496=DIRECTION('',(0.,0.,1.));
#3497=DIRECTION('center_axis',(-1.,0.,0.));
#3498=DIRECTION('ref_axis',(0.,-1.,-2.1350442781253E-17));
#3499=DIRECTION('',(0.,-1.,-2.1350442781253E-17));
#3500=DIRECTION('',(0.,-1.,-2.1350442781253E-17));
#3501=DIRECTION('',(0.,0.,1.));
#3502=DIRECTION('center_axis',(-0.951644627788153,0.30720107812628,0.));
#3503=DIRECTION('ref_axis',(-0.30720107812628,-0.951644627788153,2.71536652684819E-17));
#3504=DIRECTION('',(-0.30720107812628,-0.951644627788153,2.71536652684819E-17));
#3505=DIRECTION('',(-0.30720107812628,-0.951644627788153,2.71536652684819E-17));
#3506=DIRECTION('',(0.,0.,1.));
#3507=DIRECTION('center_axis',(-7.40148683083438E-16,1.,0.));
#3508=DIRECTION('ref_axis',(-1.,-7.40148683083438E-16,0.));
#3509=DIRECTION('',(-1.,-7.40148683083438E-16,0.));
#3510=DIRECTION('',(-1.,-7.40148683083438E-16,0.));
#3511=DIRECTION('center_axis',(-2.11189650027945E-32,2.85334088751107E-17,
1.));
#3512=DIRECTION('ref_axis',(-1.,0.,-2.11189650027945E-32));
#3513=DIRECTION('center_axis',(-2.11189650027945E-32,2.85334088751107E-17,
1.));
#3514=DIRECTION('ref_axis',(-1.,0.,-2.11189650027945E-32));
#3515=CARTESIAN_POINT('',(0.,0.,0.));
#3516=CARTESIAN_POINT('Origin',(20.5,-26.,7.));
#3517=CARTESIAN_POINT('',(20.8704269802249,-27.453541830262,6.99599496023114));
#3518=CARTESIAN_POINT('',(20.7111029148042,-27.4850708937156,7.));
#3519=CARTESIAN_POINT('Ctrl Pts',(20.8704269802249,-27.453541830262,6.99599496023114));
#3520=CARTESIAN_POINT('Ctrl Pts',(20.8178502970816,-27.4669407029753,6.99862324401104));
#3521=CARTESIAN_POINT('Ctrl Pts',(20.7645371423841,-27.4774752151253,7.));
#3522=CARTESIAN_POINT('Ctrl Pts',(20.7111029148042,-27.4850708937156,7.));
#3523=CARTESIAN_POINT('',(21.0367262691764,-27.4006872998553,7.));
#3524=CARTESIAN_POINT('Ctrl Pts',(21.0367262691764,-27.4006872998553,7.));
#3525=CARTESIAN_POINT('Ctrl Pts',(20.9822892656253,-27.4215468948728,7.));
#3526=CARTESIAN_POINT('Ctrl Pts',(20.9266083387795,-27.4392243262446,6.99857341833907));
#3527=CARTESIAN_POINT('Ctrl Pts',(20.8704269802249,-27.453541830262,6.99599496023114));
#3528=CARTESIAN_POINT('',(22.,-26.,7.));
#3529=CARTESIAN_POINT('Origin',(20.5,-26.,7.));
#3530=CARTESIAN_POINT('',(22.,-26.,0.));
#3531=CARTESIAN_POINT('',(22.,-26.,7.));
#3532=CARTESIAN_POINT('',(21.0367262691764,-27.4006872998553,0.));
#3533=CARTESIAN_POINT('Origin',(20.5,-26.,0.));
#3534=CARTESIAN_POINT('',(20.8704269802249,-27.453541830262,0.0040050397688647));
#3535=CARTESIAN_POINT('Ctrl Pts',(20.8704269802249,-27.453541830262,0.00400503976886457));
#3536=CARTESIAN_POINT('Ctrl Pts',(20.9266080443638,-27.4392244012748,0.00142659517321881));
#3537=CARTESIAN_POINT('Ctrl Pts',(20.9822799982504,-27.4215504460177,-1.33023091318104E-16));
#3538=CARTESIAN_POINT('Ctrl Pts',(21.0367262691764,-27.4006872998553,2.86608802426731E-30));
#3539=CARTESIAN_POINT('',(20.7111029148042,-27.4850708937156,0.));
#3540=CARTESIAN_POINT('Ctrl Pts',(20.7111029148042,-27.4850708937156,3.28692043842088E-30));
#3541=CARTESIAN_POINT('Ctrl Pts',(20.7645382132133,-27.4774750629069,4.40293373433632E-16));
#3542=CARTESIAN_POINT('Ctrl Pts',(20.8178412727961,-27.4669430027638,0.00137630486914875));
#3543=CARTESIAN_POINT('Ctrl Pts',(20.8704269802249,-27.453541830262,0.0040050397688646));
#3544=CARTESIAN_POINT('Origin',(20.5,-26.,0.));
#3545=CARTESIAN_POINT('Origin',(20.5,-26.,7.));
#3546=CARTESIAN_POINT('Origin',(20.5,26.,7.));
#3547=CARTESIAN_POINT('',(20.5501031616935,27.499162990868,6.97133466610538));
#3548=CARTESIAN_POINT('',(21.0367262691764,27.4006872998553,7.));
#3549=CARTESIAN_POINT('Ctrl Pts',(20.5501031616935,27.499162990868,6.97133466610537));
#3550=CARTESIAN_POINT('Ctrl Pts',(20.7108165099115,27.4937918291457,6.98768688794078));
#3551=CARTESIAN_POINT('Ctrl Pts',(20.8790863431701,27.461092994522,7.));
#3552=CARTESIAN_POINT('Ctrl Pts',(21.0367262691764,27.4006872998553,7.));
#3553=CARTESIAN_POINT('',(20.1316845542438,27.4540783102768,7.));
#3554=CARTESIAN_POINT('Ctrl Pts',(20.1316845542438,27.4540783102768,7.));
#3555=CARTESIAN_POINT('Ctrl Pts',(20.2650388964653,27.4878567276094,7.));
#3556=CARTESIAN_POINT('Ctrl Pts',(20.4079380844431,27.5039142553376,6.99010474094154));
#3557=CARTESIAN_POINT('Ctrl Pts',(20.5501031616935,27.499162990868,6.97133466610538));
#3558=CARTESIAN_POINT('',(22.,26.,7.));
#3559=CARTESIAN_POINT('Origin',(20.5,26.,7.));
#3560=CARTESIAN_POINT('',(22.,26.,0.));
#3561=CARTESIAN_POINT('',(22.,26.,7.));
#3562=CARTESIAN_POINT('',(20.1316845542438,27.4540783102768,0.));
#3563=CARTESIAN_POINT('Origin',(20.5,26.,0.));
#3564=CARTESIAN_POINT('',(20.5501031616935,27.499162990868,0.0286653338946252));
#3565=CARTESIAN_POINT('Ctrl Pts',(20.5501031616935,27.499162990868,0.0286653338946251));
#3566=CARTESIAN_POINT('Ctrl Pts',(20.4079695736116,27.5039132029458,0.00989941657773245));
#3567=CARTESIAN_POINT('Ctrl Pts',(20.265071778836,27.4878650566553,2.72141344001992E-16));
#3568=CARTESIAN_POINT('Ctrl Pts',(20.1316845542438,27.4540783102768,6.57026516526216E-16));
#3569=CARTESIAN_POINT('',(21.0367262691764,27.4006872998553,0.));
#3570=CARTESIAN_POINT('Ctrl Pts',(21.0367262691764,27.4006872998553,1.70761842166467E-16));
#3571=CARTESIAN_POINT('Ctrl Pts',(20.8790997792293,27.4610878459882,1.70761842166467E-16));
#3572=CARTESIAN_POINT('Ctrl Pts',(20.7108307360246,27.4937913536982,0.0123116645841943));
#3573=CARTESIAN_POINT('Ctrl Pts',(20.5501031616935,27.499162990868,0.0286653338946259));
#3574=CARTESIAN_POINT('Origin',(20.5,26.,0.));
#3575=CARTESIAN_POINT('Origin',(20.5,26.,7.));
#3576=CARTESIAN_POINT('Origin',(-20.5,-26.,7.));
#3577=CARTESIAN_POINT('',(-20.8704269802249,-27.453541830262,6.99599496023114));
#3578=CARTESIAN_POINT('',(-21.0367262691764,-27.4006872998553,7.));
#3579=CARTESIAN_POINT('Ctrl Pts',(-20.8704269802249,-27.453541830262,6.99599496023114));
#3580=CARTESIAN_POINT('Ctrl Pts',(-20.9266222791403,-27.4392207736218,6.99857405813557));
#3581=CARTESIAN_POINT('Ctrl Pts',(-20.9822905426132,-27.4215464055466,7.));
#3582=CARTESIAN_POINT('Ctrl Pts',(-21.0367262691764,-27.4006872998553,7.));
#3583=CARTESIAN_POINT('',(-20.7111029148042,-27.4850708937156,7.));
#3584=CARTESIAN_POINT('Ctrl Pts',(-20.7111029148042,-27.4850708937156,7.));
#3585=CARTESIAN_POINT('Ctrl Pts',(-20.7645382132133,-27.4774750629069,7.));
#3586=CARTESIAN_POINT('Ctrl Pts',(-20.817841272796,-27.4669430027638,6.99862369513085));
#3587=CARTESIAN_POINT('Ctrl Pts',(-20.8704269802249,-27.453541830262,6.99599496023114));
#3588=CARTESIAN_POINT('',(-19.,-26.,7.));
#3589=CARTESIAN_POINT('Origin',(-20.5,-26.,7.));
#3590=CARTESIAN_POINT('',(-19.,-26.,0.));
#3591=CARTESIAN_POINT('',(-19.,-26.,7.));
#3592=CARTESIAN_POINT('',(-20.7111029148042,-27.4850708937156,0.));
#3593=CARTESIAN_POINT('Origin',(-20.5,-26.,0.));
#3594=CARTESIAN_POINT('',(-20.8704269802249,-27.453541830262,0.00400503976886371));
#3595=CARTESIAN_POINT('Ctrl Pts',(-20.8704269802249,-27.453541830262,0.00400503976886399));
#3596=CARTESIAN_POINT('Ctrl Pts',(-20.8178515501759,-27.4669403836312,0.00137681863055999));
#3597=CARTESIAN_POINT('Ctrl Pts',(-20.7645380418822,-27.4774750872616,5.32221052614808E-17));
#3598=CARTESIAN_POINT('Ctrl Pts',(-20.7111029148042,-27.4850708937156,0.));
#3599=CARTESIAN_POINT('',(-21.0367262691764,-27.4006872998553,0.));
#3600=CARTESIAN_POINT('Ctrl Pts',(-21.0367262691764,-27.4006872998553,0.));
#3601=CARTESIAN_POINT('Ctrl Pts',(-20.9822991439226,-27.4215431096299,-2.51177483180666E-16));
#3602=CARTESIAN_POINT('Ctrl Pts',(-20.926622372181,-27.4392207499109,0.00142593759430895));
#3603=CARTESIAN_POINT('Ctrl Pts',(-20.8704269802249,-27.453541830262,0.00400503976886346));
#3604=CARTESIAN_POINT('Origin',(-20.5,-26.,0.));
#3605=CARTESIAN_POINT('Origin',(-20.5,-26.,7.));
#3606=CARTESIAN_POINT('Origin',(-20.5,26.,7.));
#3607=CARTESIAN_POINT('',(-20.5501031616935,27.499162990868,6.97133466610537));
#3608=CARTESIAN_POINT('',(-20.1316845542438,27.4540783102768,7.));
#3609=CARTESIAN_POINT('Ctrl Pts',(-20.5501031616935,27.499162990868,6.97133466610537));
#3610=CARTESIAN_POINT('Ctrl Pts',(-20.4079695736116,27.5039132029458,6.99010058342227));
#3611=CARTESIAN_POINT('Ctrl Pts',(-20.265071778836,27.4878650566553,7.));
#3612=CARTESIAN_POINT('Ctrl Pts',(-20.1316845542438,27.4540783102768,7.));
#3613=CARTESIAN_POINT('',(-21.0367262691764,27.4006872998553,7.));
#3614=CARTESIAN_POINT('Ctrl Pts',(-21.0367262691764,27.4006872998553,7.));
#3615=CARTESIAN_POINT('Ctrl Pts',(-20.8789599200138,27.4611414383318,7.));
#3616=CARTESIAN_POINT('Ctrl Pts',(-20.7106007729548,27.493799039238,6.98766493719049));
#3617=CARTESIAN_POINT('Ctrl Pts',(-20.5501031616935,27.499162990868,6.97133466610537));
#3618=CARTESIAN_POINT('',(-19.,26.,7.));
#3619=CARTESIAN_POINT('Origin',(-20.5,26.,7.));
#3620=CARTESIAN_POINT('',(-19.,26.,0.));
#3621=CARTESIAN_POINT('',(-19.,26.,7.));
#3622=CARTESIAN_POINT('Origin',(-20.5,26.,0.));
#3623=CARTESIAN_POINT('Origin',(-20.5,26.,7.));
#3624=CARTESIAN_POINT('Origin',(10.9972140919233,-17.3611751226022,3.));
#3625=CARTESIAN_POINT('',(66.6207380233382,-72.9846990540169,0.));
#3626=CARTESIAN_POINT('',(10.9972140919233,-17.3611751226022,0.));
#3627=CARTESIAN_POINT('',(65.4712476371954,-76.0778493549935,3.));
#3628=CARTESIAN_POINT('Ctrl Pts',(65.4712476371954,-76.0778493549934,3.));
#3629=CARTESIAN_POINT('Ctrl Pts',(65.4712476371954,-76.0778493549934,2.62098464817442));
#3630=CARTESIAN_POINT('Ctrl Pts',(65.4919621928007,-75.9907474511544,2.22232449626384));
#3631=CARTESIAN_POINT('Ctrl Pts',(65.5802691169437,-75.6585271486811,1.49827909935042));
#3632=CARTESIAN_POINT('Ctrl Pts',(65.6487328270227,-75.4147654601497,1.17237860377685));
#3633=CARTESIAN_POINT('Ctrl Pts',(65.8251444615808,-74.8608983201702,0.637755421851575));
#3634=CARTESIAN_POINT('Ctrl Pts',(65.9491893918719,-74.5050199424464,0.399304369978879));
#3635=CARTESIAN_POINT('Ctrl Pts',(66.2536255138262,-73.7499364174349,0.0802986593150752));
#3636=CARTESIAN_POINT('Ctrl Pts',(66.4347777071106,-73.350930164888,5.50553132646563E-16));
#3637=CARTESIAN_POINT('Ctrl Pts',(66.6207380233382,-72.9846990540169,-9.24446373305873E-32));
#3638=CARTESIAN_POINT('',(23.0550883556264,-33.6616900734246,3.));
#3639=CARTESIAN_POINT('',(8.87589374836364,-19.4824954661619,3.));
#3640=CARTESIAN_POINT('Origin',(20.7514314670894,-27.1153924977683,3.));
#3641=CARTESIAN_POINT('Origin',(22.4676083843789,19.6676655431598,3.));
#3642=CARTESIAN_POINT('',(9.76790804732685,62.,0.));
#3643=CARTESIAN_POINT('',(22.4676083843789,19.6676655431598,0.));
#3644=CARTESIAN_POINT('',(12.,65.,3.));
#3645=CARTESIAN_POINT('Origin',(9.76790804732685,62.,3.));
#3646=CARTESIAN_POINT('',(21.7830919112773,32.3896936290756,3.));
#3647=CARTESIAN_POINT('',(25.3410872400423,20.5297091998589,3.));
#3648=CARTESIAN_POINT('Origin',(20.3528613370178,26.7168223676968,3.));
#3649=CARTESIAN_POINT('Origin',(-21.751706122344,-17.9462081579339,3.));
#3650=CARTESIAN_POINT('',(-15.3094742850277,-77.,0.));
#3651=CARTESIAN_POINT('',(-21.751706122344,-17.9462081579339,0.));
#3652=CARTESIAN_POINT('',(-18.,-80.,3.));
#3653=CARTESIAN_POINT('Origin',(-15.3094742850277,-77.,3.));
#3654=CARTESIAN_POINT('',(-23.0550883556264,-33.6616900734246,3.));
#3655=CARTESIAN_POINT('',(-24.734012652168,-18.2715506884601,3.));
#3656=CARTESIAN_POINT('Origin',(-20.7514314670893,-27.1153924977683,3.));
#3657=CARTESIAN_POINT('Origin',(0.,0.,7.));
#3658=CARTESIAN_POINT('',(66.6207380233382,-72.9846990540169,7.));
#3659=CARTESIAN_POINT('',(10.9972140919233,-17.3611751226022,7.));
#3660=CARTESIAN_POINT('',(72.9846990540171,-66.6207380233381,7.));
#3661=CARTESIAN_POINT('Origin',(79.5495128834866,-79.5495128834866,7.));
#3662=CARTESIAN_POINT('',(21.,-14.6360389693211,7.));
#3663=CARTESIAN_POINT('',(38.5692547633867,-32.2052937327078,7.));
#3664=CARTESIAN_POINT('',(21.,14.6360389693211,7.));
#3665=CARTESIAN_POINT('',(21.,-6.69669914110091,7.));
#3666=CARTESIAN_POINT('',(72.9846990540171,66.6207380233382,7.));
#3667=CARTESIAN_POINT('',(12.5303300858899,6.16636905521098,7.));
#3668=CARTESIAN_POINT('',(66.6207380233382,72.9846990540171,7.));
#3669=CARTESIAN_POINT('Origin',(79.5495128834866,79.5495128834866,7.));
#3670=CARTESIAN_POINT('',(32.2052937327078,38.5692547633867,7.));
#3671=CARTESIAN_POINT('',(9.76790804732685,62.,7.));
#3672=CARTESIAN_POINT('',(22.4676083843789,19.6676655431598,7.));
#3673=CARTESIAN_POINT('',(-9.76790804732682,62.,7.));
#3674=CARTESIAN_POINT('',(6.00000000000001,62.,7.));
#3675=CARTESIAN_POINT('',(-17.5760624287402,35.9728187286221,7.));
#3676=CARTESIAN_POINT('',(-66.6207380233382,72.9846990540171,7.));
#3677=CARTESIAN_POINT('',(-10.3612158697488,16.7251769004277,7.));
#3678=CARTESIAN_POINT('',(-72.9846990540171,66.6207380233381,7.));
#3679=CARTESIAN_POINT('Origin',(-79.5495128834866,79.5495128834866,7.));
#3680=CARTESIAN_POINT('',(-21.,14.636038969321,7.));
#3681=CARTESIAN_POINT('',(-38.5692547633867,32.2052937327078,7.));
#3682=CARTESIAN_POINT('',(-21.,-14.6360389693211,7.));
#3683=CARTESIAN_POINT('',(-21.,6.69669914110088,7.));
#3684=CARTESIAN_POINT('',(-72.9846990540171,-66.6207380233381,7.));
#3685=CARTESIAN_POINT('',(-12.5303300858899,-6.16636905521101,7.));
#3686=CARTESIAN_POINT('',(-66.6207380233381,-72.9846990540171,7.));
#3687=CARTESIAN_POINT('Origin',(-79.5495128834866,-79.5495128834866,7.));
#3688=CARTESIAN_POINT('',(-32.2052937327077,-38.5692547633867,7.));
#3689=CARTESIAN_POINT('',(-15.3094742850277,-77.,7.));
#3690=CARTESIAN_POINT('',(-21.751706122344,-17.9462081579339,7.));
#3691=CARTESIAN_POINT('',(15.3094742850277,-77.,7.));
#3692=CARTESIAN_POINT('',(-9.00000000000001,-77.,7.));
#3693=CARTESIAN_POINT('',(19.2241619445308,-41.1153631212215,7.));
#3694=CARTESIAN_POINT('',(-82.5495128834866,-79.5495128834866,7.));
#3695=CARTESIAN_POINT('Origin',(-79.5495128834866,-79.5495128834866,7.));
#3696=CARTESIAN_POINT('',(-73.0495128834866,-71.5495128834866,7.));
#3697=CARTESIAN_POINT('Origin',(-71.5495128834866,-71.5495128834866,7.));
#3698=CARTESIAN_POINT('',(-89.0495128834866,87.5495128834866,7.));
#3699=CARTESIAN_POINT('Origin',(-87.5495128834866,87.5495128834866,7.));
#3700=CARTESIAN_POINT('',(-82.5495128834866,79.5495128834866,7.));
#3701=CARTESIAN_POINT('Origin',(-79.5495128834866,79.5495128834866,7.));
#3702=CARTESIAN_POINT('',(-89.0495128834866,71.5495128834866,7.));
#3703=CARTESIAN_POINT('Origin',(-87.5495128834866,71.5495128834866,7.));
#3704=CARTESIAN_POINT('',(-89.0495128834866,-87.5495128834866,7.));
#3705=CARTESIAN_POINT('Origin',(-87.5495128834866,-87.5495128834866,7.));
#3706=CARTESIAN_POINT('',(-16.75,15.25,7.));
#3707=CARTESIAN_POINT('Origin',(-15.25,15.25,7.));
#3708=CARTESIAN_POINT('',(13.75,-15.25,7.));
#3709=CARTESIAN_POINT('Origin',(15.25,-15.25,7.));
#3710=CARTESIAN_POINT('',(86.0495128834866,-87.5495128834865,7.));
#3711=CARTESIAN_POINT('Origin',(87.5495128834866,-87.5495128834865,7.));
#3712=CARTESIAN_POINT('',(-11.1,35.,7.));
#3713=CARTESIAN_POINT('Origin',(-9.6,35.,7.));
#3714=CARTESIAN_POINT('',(9.,-53.,7.));
#3715=CARTESIAN_POINT('Origin',(10.,-53.,7.));
#3716=CARTESIAN_POINT('',(76.5495128834866,-79.5495128834866,7.));
#3717=CARTESIAN_POINT('Origin',(79.5495128834866,-79.5495128834866,7.));
#3718=CARTESIAN_POINT('',(70.0495128834866,-71.5495128834866,7.));
#3719=CARTESIAN_POINT('Origin',(71.5495128834866,-71.5495128834866,7.));
#3720=CARTESIAN_POINT('',(9.,-33.,7.));
#3721=CARTESIAN_POINT('Origin',(10.,-33.,7.));
#3722=CARTESIAN_POINT('',(12.,-65.,7.));
#3723=CARTESIAN_POINT('Origin',(13.5,-65.,7.));
#3724=CARTESIAN_POINT('',(-15.,-65.,7.));
#3725=CARTESIAN_POINT('Origin',(-13.5,-65.,7.));
#3726=CARTESIAN_POINT('',(76.5495128834866,79.5495128834866,7.));
#3727=CARTESIAN_POINT('Origin',(79.5495128834866,79.5495128834866,7.));
#3728=CARTESIAN_POINT('',(86.0495128834866,71.5495128834866,7.));
#3729=CARTESIAN_POINT('Origin',(87.5495128834866,71.5495128834866,7.));
#3730=CARTESIAN_POINT('',(70.0495128834866,71.5495128834866,7.));
#3731=CARTESIAN_POINT('Origin',(71.5495128834866,71.5495128834866,7.));
#3732=CARTESIAN_POINT('',(70.0495128834866,87.5495128834866,7.));
#3733=CARTESIAN_POINT('Origin',(71.5495128834866,87.5495128834866,7.));
#3734=CARTESIAN_POINT('',(86.0495128834866,87.5495128834866,7.));
#3735=CARTESIAN_POINT('Origin',(87.5495128834866,87.5495128834866,7.));
#3736=CARTESIAN_POINT('',(70.0495128834866,-87.5495128834865,7.));
#3737=CARTESIAN_POINT('Origin',(71.5495128834866,-87.5495128834865,7.));
#3738=CARTESIAN_POINT('',(-1.5,-75.0000011175871,7.));
#3739=CARTESIAN_POINT('Origin',(0.,-75.0000011175871,7.));
#3740=CARTESIAN_POINT('',(13.75,15.25,7.));
#3741=CARTESIAN_POINT('Origin',(15.25,15.25,7.));
#3742=CARTESIAN_POINT('',(8.1,35.,7.));
#3743=CARTESIAN_POINT('Origin',(9.6,35.,7.));
#3744=CARTESIAN_POINT('',(86.0495128834866,-71.5495128834866,7.));
#3745=CARTESIAN_POINT('Origin',(87.5495128834866,-71.5495128834866,7.));
#3746=CARTESIAN_POINT('',(-73.0495128834866,-87.5495128834866,7.));
#3747=CARTESIAN_POINT('Origin',(-71.5495128834866,-87.5495128834866,7.));
#3748=CARTESIAN_POINT('',(-89.0495128834866,-71.5495128834866,7.));
#3749=CARTESIAN_POINT('Origin',(-87.5495128834866,-71.5495128834866,7.));
#3750=CARTESIAN_POINT('',(-16.75,-15.25,7.));
#3751=CARTESIAN_POINT('Origin',(-15.25,-15.25,7.));
#3752=CARTESIAN_POINT('',(-73.0495128834866,87.5495128834866,7.));
#3753=CARTESIAN_POINT('Origin',(-71.5495128834866,87.5495128834866,7.));
#3754=CARTESIAN_POINT('',(-73.0495128834866,71.5495128834866,7.));
#3755=CARTESIAN_POINT('Origin',(-71.5495128834866,71.5495128834866,7.));
#3756=CARTESIAN_POINT('',(-11.,-53.,7.));
#3757=CARTESIAN_POINT('Origin',(-10.,-53.,7.));
#3758=CARTESIAN_POINT('',(-11.,-33.,7.));
#3759=CARTESIAN_POINT('Origin',(-10.,-33.,7.));
#3760=CARTESIAN_POINT('Origin',(0.,0.,0.));
#3761=CARTESIAN_POINT('',(15.3094742850277,-77.,0.));
#3762=CARTESIAN_POINT('',(19.2241619445308,-41.1153631212215,0.));
#3763=CARTESIAN_POINT('',(-9.00000000000001,-77.,0.));
#3764=CARTESIAN_POINT('',(-66.6207380233381,-72.9846990540171,0.));
#3765=CARTESIAN_POINT('',(-32.2052937327077,-38.5692547633867,0.));
#3766=CARTESIAN_POINT('',(-72.9846990540171,-66.6207380233381,0.));
#3767=CARTESIAN_POINT('Origin',(-79.5495128834866,-79.5495128834866,0.));
#3768=CARTESIAN_POINT('',(-21.,-14.6360389693211,0.));
#3769=CARTESIAN_POINT('',(-12.5303300858899,-6.16636905521101,0.));
#3770=CARTESIAN_POINT('',(-21.,14.636038969321,0.));
#3771=CARTESIAN_POINT('',(-21.,6.69669914110088,0.));
#3772=CARTESIAN_POINT('',(-72.9846990540171,66.6207380233381,0.));
#3773=CARTESIAN_POINT('',(-38.5692547633867,32.2052937327078,0.));
#3774=CARTESIAN_POINT('',(-66.6207380233382,72.9846990540171,0.));
#3775=CARTESIAN_POINT('Origin',(-79.5495128834866,79.5495128834866,0.));
#3776=CARTESIAN_POINT('',(-22.7621628390741,29.126123869753,0.));
#3777=CARTESIAN_POINT('',(-10.3612158697488,16.7251769004277,0.));
#3778=CARTESIAN_POINT('',(-12.9,62.,0.));
#3779=CARTESIAN_POINT('',(-12.,65.,0.));
#3780=CARTESIAN_POINT('',(6.00000000000001,62.,0.));
#3781=CARTESIAN_POINT('',(66.6207380233382,72.9846990540171,0.));
#3782=CARTESIAN_POINT('',(32.2052937327078,38.5692547633867,0.));
#3783=CARTESIAN_POINT('',(72.9846990540171,66.6207380233382,0.));
#3784=CARTESIAN_POINT('Origin',(79.5495128834866,79.5495128834866,0.));
#3785=CARTESIAN_POINT('',(21.,14.6360389693211,0.));
#3786=CARTESIAN_POINT('',(12.5303300858899,6.16636905521098,0.));
#3787=CARTESIAN_POINT('',(21.,-14.6360389693211,0.));
#3788=CARTESIAN_POINT('',(21.,-6.69669914110091,0.));
#3789=CARTESIAN_POINT('',(72.9846990540171,-66.6207380233381,0.));
#3790=CARTESIAN_POINT('',(38.5692547633867,-32.2052937327078,0.));
#3791=CARTESIAN_POINT('Origin',(79.5495128834866,-79.5495128834866,0.));
#3792=CARTESIAN_POINT('',(-19.5,15.25,0.));
#3793=CARTESIAN_POINT('Origin',(-15.25,15.25,0.));
#3794=CARTESIAN_POINT('',(11.,15.25,0.));
#3795=CARTESIAN_POINT('Origin',(15.25,15.25,0.));
#3796=CARTESIAN_POINT('',(-11.,-33.,0.));
#3797=CARTESIAN_POINT('Origin',(-10.,-33.,0.));
#3798=CARTESIAN_POINT('',(-11.,-53.,0.));
#3799=CARTESIAN_POINT('Origin',(-10.,-53.,0.));
#3800=CARTESIAN_POINT('',(-73.0495128834866,71.5495128834866,0.));
#3801=CARTESIAN_POINT('Origin',(-71.5495128834866,71.5495128834866,0.));
#3802=CARTESIAN_POINT('',(-73.0495128834866,87.5495128834866,0.));
#3803=CARTESIAN_POINT('Origin',(-71.5495128834866,87.5495128834866,0.));
#3804=CARTESIAN_POINT('',(-89.0495128834866,-71.5495128834866,0.));
#3805=CARTESIAN_POINT('Origin',(-87.5495128834866,-71.5495128834866,0.));
#3806=CARTESIAN_POINT('',(-73.0495128834866,-87.5495128834866,0.));
#3807=CARTESIAN_POINT('Origin',(-71.5495128834866,-87.5495128834866,0.));
#3808=CARTESIAN_POINT('',(86.0495128834866,-71.5495128834866,0.));
#3809=CARTESIAN_POINT('Origin',(87.5495128834866,-71.5495128834866,0.));
#3810=CARTESIAN_POINT('',(8.1,35.,0.));
#3811=CARTESIAN_POINT('Origin',(9.6,35.,0.));
#3812=CARTESIAN_POINT('',(-1.5,-75.0000011175871,0.));
#3813=CARTESIAN_POINT('Origin',(0.,-75.0000011175871,0.));
#3814=CARTESIAN_POINT('',(70.0495128834866,-87.5495128834865,0.));
#3815=CARTESIAN_POINT('Origin',(71.5495128834866,-87.5495128834865,0.));
#3816=CARTESIAN_POINT('',(86.0495128834866,87.5495128834866,0.));
#3817=CARTESIAN_POINT('Origin',(87.5495128834866,87.5495128834866,0.));
#3818=CARTESIAN_POINT('',(70.0495128834866,87.5495128834866,0.));
#3819=CARTESIAN_POINT('Origin',(71.5495128834866,87.5495128834866,0.));
#3820=CARTESIAN_POINT('',(70.0495128834866,71.5495128834866,0.));
#3821=CARTESIAN_POINT('Origin',(71.5495128834866,71.5495128834866,0.));
#3822=CARTESIAN_POINT('',(86.0495128834866,71.5495128834866,0.));
#3823=CARTESIAN_POINT('Origin',(87.5495128834866,71.5495128834866,0.));
#3824=CARTESIAN_POINT('',(76.5495128834866,79.5495128834866,0.));
#3825=CARTESIAN_POINT('Origin',(79.5495128834866,79.5495128834866,0.));
#3826=CARTESIAN_POINT('',(-15.,-65.,0.));
#3827=CARTESIAN_POINT('Origin',(-13.5,-65.,0.));
#3828=CARTESIAN_POINT('',(12.,-65.,0.));
#3829=CARTESIAN_POINT('Origin',(13.5,-65.,0.));
#3830=CARTESIAN_POINT('',(9.,-33.,0.));
#3831=CARTESIAN_POINT('Origin',(10.,-33.,0.));
#3832=CARTESIAN_POINT('',(70.0495128834866,-71.5495128834866,0.));
#3833=CARTESIAN_POINT('Origin',(71.5495128834866,-71.5495128834866,0.));
#3834=CARTESIAN_POINT('',(76.5495128834866,-79.5495128834866,0.));
#3835=CARTESIAN_POINT('Origin',(79.5495128834866,-79.5495128834866,0.));
#3836=CARTESIAN_POINT('',(9.,-53.,0.));
#3837=CARTESIAN_POINT('Origin',(10.,-53.,0.));
#3838=CARTESIAN_POINT('',(-11.1,35.,0.));
#3839=CARTESIAN_POINT('Origin',(-9.6,35.,0.));
#3840=CARTESIAN_POINT('',(86.0495128834866,-87.5495128834865,0.));
#3841=CARTESIAN_POINT('Origin',(87.5495128834866,-87.5495128834865,0.));
#3842=CARTESIAN_POINT('',(-89.0495128834866,-87.5495128834866,0.));
#3843=CARTESIAN_POINT('Origin',(-87.5495128834866,-87.5495128834866,0.));
#3844=CARTESIAN_POINT('',(-89.0495128834866,71.5495128834866,0.));
#3845=CARTESIAN_POINT('Origin',(-87.5495128834866,71.5495128834866,0.));
#3846=CARTESIAN_POINT('',(-82.5495128834866,79.5495128834866,0.));
#3847=CARTESIAN_POINT('Origin',(-79.5495128834866,79.5495128834866,0.));
#3848=CARTESIAN_POINT('',(-89.0495128834866,87.5495128834866,0.));
#3849=CARTESIAN_POINT('Origin',(-87.5495128834866,87.5495128834866,0.));
#3850=CARTESIAN_POINT('',(-73.0495128834866,-71.5495128834866,0.));
#3851=CARTESIAN_POINT('Origin',(-71.5495128834866,-71.5495128834866,0.));
#3852=CARTESIAN_POINT('',(-82.5495128834866,-79.5495128834866,0.));
#3853=CARTESIAN_POINT('Origin',(-79.5495128834866,-79.5495128834866,0.));
#3854=CARTESIAN_POINT('',(11.,-15.25,0.));
#3855=CARTESIAN_POINT('Origin',(15.25,-15.25,0.));
#3856=CARTESIAN_POINT('',(-19.5,-15.25,0.));
#3857=CARTESIAN_POINT('Origin',(-15.25,-15.25,0.));
#3858=CARTESIAN_POINT('Origin',(-15.25,15.25,1.));
#3859=CARTESIAN_POINT('',(-18.5,15.25,1.));
#3860=CARTESIAN_POINT('Origin',(-19.5,15.25,1.));
#3861=CARTESIAN_POINT('Origin',(-15.25,15.25,1.));
#3862=CARTESIAN_POINT('Origin',(-15.25,15.25,0.));
#3863=CARTESIAN_POINT('',(-18.5,15.25,3.));
#3864=CARTESIAN_POINT('',(-18.5,15.25,0.));
#3865=CARTESIAN_POINT('Origin',(-15.25,15.25,3.));
#3866=CARTESIAN_POINT('Origin',(-15.25,-15.25,1.));
#3867=CARTESIAN_POINT('',(-18.5,-15.25,1.));
#3868=CARTESIAN_POINT('Origin',(-19.5,-15.25,1.));
#3869=CARTESIAN_POINT('Origin',(-15.25,-15.25,1.));
#3870=CARTESIAN_POINT('Origin',(-15.25,-15.25,0.));
#3871=CARTESIAN_POINT('',(-18.5,-15.25,3.));
#3872=CARTESIAN_POINT('',(-18.5,-15.25,0.));
#3873=CARTESIAN_POINT('Origin',(-15.25,-15.25,3.));
#3874=CARTESIAN_POINT('Origin',(15.25,15.25,1.));
#3875=CARTESIAN_POINT('',(12.,15.25,1.));
#3876=CARTESIAN_POINT('Origin',(11.,15.25,1.));
#3877=CARTESIAN_POINT('Origin',(15.25,15.25,1.));
#3878=CARTESIAN_POINT('Origin',(15.25,15.25,0.));
#3879=CARTESIAN_POINT('',(12.,15.25,3.));
#3880=CARTESIAN_POINT('',(12.,15.25,0.));
#3881=CARTESIAN_POINT('Origin',(15.25,15.25,3.));
#3882=CARTESIAN_POINT('Origin',(15.25,-15.25,1.));
#3883=CARTESIAN_POINT('',(12.,-15.25,1.));
#3884=CARTESIAN_POINT('Origin',(11.,-15.25,1.));
#3885=CARTESIAN_POINT('Origin',(15.25,-15.25,1.));
#3886=CARTESIAN_POINT('Origin',(15.25,-15.25,0.));
#3887=CARTESIAN_POINT('',(12.,-15.25,3.));
#3888=CARTESIAN_POINT('',(12.,-15.25,0.));
#3889=CARTESIAN_POINT('Origin',(15.25,-15.25,3.));
#3890=CARTESIAN_POINT('Origin',(15.25,15.25,3.));
#3891=CARTESIAN_POINT('',(13.75,15.25,3.));
#3892=CARTESIAN_POINT('Origin',(15.25,15.25,3.));
#3893=CARTESIAN_POINT('Origin',(-15.25,-15.25,3.));
#3894=CARTESIAN_POINT('',(-16.75,-15.25,3.));
#3895=CARTESIAN_POINT('Origin',(-15.25,-15.25,3.));
#3896=CARTESIAN_POINT('Origin',(15.25,-15.25,3.));
#3897=CARTESIAN_POINT('',(13.75,-15.25,3.));
#3898=CARTESIAN_POINT('Origin',(15.25,-15.25,3.));
#3899=CARTESIAN_POINT('Origin',(-15.25,15.25,3.));
#3900=CARTESIAN_POINT('',(-16.75,15.25,3.));
#3901=CARTESIAN_POINT('Origin',(-15.25,15.25,3.));
#3902=CARTESIAN_POINT('Origin',(-10.3612158697488,16.7251769004277,3.));
#3903=CARTESIAN_POINT('',(-65.4712476371954,76.0778493549936,3.));
#3904=CARTESIAN_POINT('Ctrl Pts',(-65.4712476371954,76.0778493549936,3.));
#3905=CARTESIAN_POINT('Ctrl Pts',(-65.4712476371954,76.0778493549936,2.62098464817442));
#3906=CARTESIAN_POINT('Ctrl Pts',(-65.4919621928007,75.9907474511546,2.22232449626385));
#3907=CARTESIAN_POINT('Ctrl Pts',(-65.5802691169436,75.6585271486813,1.49827909935043));
#3908=CARTESIAN_POINT('Ctrl Pts',(-65.6487328270226,75.4147654601499,1.17237860377685));
#3909=CARTESIAN_POINT('Ctrl Pts',(-65.8251444615808,74.8608983201703,0.637755421851575));
#3910=CARTESIAN_POINT('Ctrl Pts',(-65.9491893918718,74.5050199424466,0.399304369978887));
#3911=CARTESIAN_POINT('Ctrl Pts',(-66.2536255138261,73.749936417435,0.0802986593150795));
#3912=CARTESIAN_POINT('Ctrl Pts',(-66.4347777071106,73.3509301648882,-1.36181765381805E-15));
#3913=CARTESIAN_POINT('Ctrl Pts',(-66.6207380233382,72.9846990540171,-2.77555756156289E-16));
#3914=CARTESIAN_POINT('',(-21.7830919112773,32.3896936290755,3.));
#3915=CARTESIAN_POINT('',(-8.23989552618912,18.8464972439873,3.));
#3916=CARTESIAN_POINT('Origin',(-22.7621628390741,29.126123869753,3.));
#3917=CARTESIAN_POINT('Origin',(-21.7830919112773,32.3896936290755,0.));
#3918=CARTESIAN_POINT('',(-65.4712476371954,76.0778493549936,4.));
#3919=CARTESIAN_POINT('',(-65.4712476371954,76.0778493549936,0.));
#3920=CARTESIAN_POINT('',(-21.7830919112773,32.3896936290755,4.));
#3921=CARTESIAN_POINT('',(-8.23989552618912,18.8464972439873,4.));
#3922=CARTESIAN_POINT('',(-21.7830919112773,32.3896936290755,0.));
#3923=CARTESIAN_POINT('Origin',(32.2052937327078,38.5692547633867,3.));
#3924=CARTESIAN_POINT('',(65.4712476371953,76.0778493549936,3.));
#3925=CARTESIAN_POINT('',(30.0839733891481,40.6905751069463,3.));
#3926=CARTESIAN_POINT('Ctrl Pts',(66.6207380233382,72.9846990540171,-5.55111512312578E-16));
#3927=CARTESIAN_POINT('Ctrl Pts',(66.4347777071106,73.3509301648882,-1.39873336703378E-15));
#3928=CARTESIAN_POINT('Ctrl Pts',(66.2536255138261,73.749936417435,0.0802986593150799));
#3929=CARTESIAN_POINT('Ctrl Pts',(65.9491893918718,74.5050199424466,0.399304369978886));
#3930=CARTESIAN_POINT('Ctrl Pts',(65.8251444615808,74.8608983201703,0.637755421851575));
#3931=CARTESIAN_POINT('Ctrl Pts',(65.6487328270226,75.4147654601499,1.17237860377685));
#3932=CARTESIAN_POINT('Ctrl Pts',(65.5802691169436,75.6585271486813,1.49827909935043));
#3933=CARTESIAN_POINT('Ctrl Pts',(65.4919621928007,75.9907474511546,2.22232449626385));
#3934=CARTESIAN_POINT('Ctrl Pts',(65.4712476371954,76.0778493549936,2.62098464817442));
#3935=CARTESIAN_POINT('Ctrl Pts',(65.4712476371954,76.0778493549936,3.));
#3936=CARTESIAN_POINT('Origin',(6.00000000000001,62.,3.));
#3937=CARTESIAN_POINT('',(-12.,65.,3.));
#3938=CARTESIAN_POINT('Origin',(-12.9,62.,3.));
#3939=CARTESIAN_POINT('',(6.00000000000001,65.,3.));
#3940=CARTESIAN_POINT('Origin',(65.4712476371953,76.0778493549936,0.));
#3941=CARTESIAN_POINT('',(21.7830919112773,32.3896936290756,4.));
#3942=CARTESIAN_POINT('',(21.7830919112773,32.3896936290756,0.));
#3943=CARTESIAN_POINT('',(65.4712476371953,76.0778493549936,4.));
#3944=CARTESIAN_POINT('',(30.0839733891481,40.6905751069463,4.));
#3945=CARTESIAN_POINT('',(65.4712476371953,76.0778493549936,0.));
#3946=CARTESIAN_POINT('Origin',(21.7830919112773,32.3896936290756,0.));
#3947=CARTESIAN_POINT('',(12.,65.,4.));
#3948=CARTESIAN_POINT('',(12.,65.,0.));
#3949=CARTESIAN_POINT('',(25.3410872400423,20.5297091998589,4.));
#3950=CARTESIAN_POINT('Origin',(12.,65.,0.));
#3951=CARTESIAN_POINT('',(-12.,65.,4.));
#3952=CARTESIAN_POINT('',(-12.,65.,0.));
#3953=CARTESIAN_POINT('',(6.00000000000001,65.,4.));
#3954=CARTESIAN_POINT('Origin',(-12.,65.,0.));
#3955=CARTESIAN_POINT('',(-20.4495412844037,36.8348623853211,4.));
#3956=CARTESIAN_POINT('Origin',(38.5692547633867,-32.2052937327078,3.));
#3957=CARTESIAN_POINT('',(24.,-13.3933982822018,3.));
#3958=CARTESIAN_POINT('',(76.0778493549936,-65.4712476371953,3.));
#3959=CARTESIAN_POINT('',(40.6905751069463,-30.0839733891481,3.));
#3960=CARTESIAN_POINT('Ctrl Pts',(72.9846990540171,-66.6207380233381,0.));
#3961=CARTESIAN_POINT('Ctrl Pts',(73.3509301648882,-66.4347777071105,7.92320525717887E-15));
#3962=CARTESIAN_POINT('Ctrl Pts',(73.749936417435,-66.2536255138261,0.0802986593150793));
#3963=CARTESIAN_POINT('Ctrl Pts',(74.5050199424466,-65.9491893918718,0.399304369978889));
#3964=CARTESIAN_POINT('Ctrl Pts',(74.8608983201704,-65.8251444615807,0.637755421851574));
#3965=CARTESIAN_POINT('Ctrl Pts',(75.4147654601499,-65.6487328270226,1.17237860377685));
#3966=CARTESIAN_POINT('Ctrl Pts',(75.6585271486813,-65.5802691169436,1.49827909935043));
#3967=CARTESIAN_POINT('Ctrl Pts',(75.9907474511546,-65.4919621928006,2.22232449626385));
#3968=CARTESIAN_POINT('Ctrl Pts',(76.0778493549936,-65.4712476371953,2.62098464817442));
#3969=CARTESIAN_POINT('Ctrl Pts',(76.0778493549936,-65.4712476371953,3.));
#3970=CARTESIAN_POINT('Origin',(21.,-14.6360389693211,3.));
#3971=CARTESIAN_POINT('Origin',(21.,-6.69669914110091,3.));
#3972=CARTESIAN_POINT('',(24.,13.3933982822018,3.));
#3973=CARTESIAN_POINT('',(24.,-6.69669914110091,3.));
#3974=CARTESIAN_POINT('Origin',(21.,14.6360389693211,3.));
#3975=CARTESIAN_POINT('Origin',(12.5303300858899,6.16636905521098,3.));
#3976=CARTESIAN_POINT('',(76.0778493549935,65.4712476371954,3.));
#3977=CARTESIAN_POINT('Ctrl Pts',(76.0778493549935,65.4712476371954,3.));
#3978=CARTESIAN_POINT('Ctrl Pts',(76.0778493549935,65.4712476371954,2.62098464817442));
#3979=CARTESIAN_POINT('Ctrl Pts',(75.9907474511546,65.4919621928007,2.22232449626385));
#3980=CARTESIAN_POINT('Ctrl Pts',(75.6585271486813,65.5802691169437,1.49827909935043));
#3981=CARTESIAN_POINT('Ctrl Pts',(75.4147654601499,65.6487328270226,1.17237860377685));
#3982=CARTESIAN_POINT('Ctrl Pts',(74.8608983201703,65.8251444615808,0.637755421851574));
#3983=CARTESIAN_POINT('Ctrl Pts',(74.5050199424466,65.9491893918718,0.399304369978886));
#3984=CARTESIAN_POINT('Ctrl Pts',(73.749936417435,66.2536255138261,0.0802986593150791));
#3985=CARTESIAN_POINT('Ctrl Pts',(73.3509301648882,66.4347777071106,-2.16852379532352E-15));
#3986=CARTESIAN_POINT('Ctrl Pts',(72.9846990540171,66.6207380233382,1.23259516440783E-31));
#3987=CARTESIAN_POINT('',(14.6516504294496,4.04504871165134,3.));
#3988=CARTESIAN_POINT('Origin',(76.0778493549936,-65.4712476371953,0.));
#3989=CARTESIAN_POINT('',(24.,-13.3933982822018,4.));
#3990=CARTESIAN_POINT('',(24.,-13.3933982822018,0.));
#3991=CARTESIAN_POINT('',(76.0778493549936,-65.4712476371953,4.));
#3992=CARTESIAN_POINT('',(40.6905751069463,-30.0839733891481,4.));
#3993=CARTESIAN_POINT('',(76.0778493549936,-65.4712476371953,0.));
#3994=CARTESIAN_POINT('Origin',(24.,-13.3933982822018,0.));
#3995=CARTESIAN_POINT('',(24.,13.3933982822018,4.));
#3996=CARTESIAN_POINT('',(24.,13.3933982822018,0.));
#3997=CARTESIAN_POINT('',(24.,-6.69669914110091,4.));
#3998=CARTESIAN_POINT('Origin',(24.,13.3933982822018,0.));
#3999=CARTESIAN_POINT('',(76.0778493549935,65.4712476371954,4.));
#4000=CARTESIAN_POINT('',(76.0778493549935,65.4712476371954,0.));
#4001=CARTESIAN_POINT('',(14.6516504294496,4.04504871165134,4.));
#4002=CARTESIAN_POINT('Origin',(-32.2052937327077,-38.5692547633867,3.));
#4003=CARTESIAN_POINT('',(-65.4712476371953,-76.0778493549936,3.));
#4004=CARTESIAN_POINT('',(-30.0839733891481,-40.6905751069463,3.));
#4005=CARTESIAN_POINT('Ctrl Pts',(-66.6207380233381,-72.9846990540171,4.93038065763132E-31));
#4006=CARTESIAN_POINT('Ctrl Pts',(-66.4347777071106,-73.3509301648882,3.22628357954191E-15));
#4007=CARTESIAN_POINT('Ctrl Pts',(-66.2536255138261,-73.749936417435,0.0802986593150729));
#4008=CARTESIAN_POINT('Ctrl Pts',(-65.9491893918718,-74.5050199424466,0.399304369978881));
#4009=CARTESIAN_POINT('Ctrl Pts',(-65.8251444615807,-74.8608983201703,0.637755421851572));
#4010=CARTESIAN_POINT('Ctrl Pts',(-65.6487328270226,-75.4147654601499,1.17237860377685));
#4011=CARTESIAN_POINT('Ctrl Pts',(-65.5802691169436,-75.6585271486813,1.49827909935042));
#4012=CARTESIAN_POINT('Ctrl Pts',(-65.4919621928007,-75.9907474511546,2.22232449626384));
#4013=CARTESIAN_POINT('Ctrl Pts',(-65.4712476371953,-76.0778493549936,2.62098464817442));
#4014=CARTESIAN_POINT('Ctrl Pts',(-65.4712476371953,-76.0778493549936,3.));
#4015=CARTESIAN_POINT('Origin',(-9.00000000000001,-77.,3.));
#4016=CARTESIAN_POINT('',(18.,-80.,3.));
#4017=CARTESIAN_POINT('',(-9.00000000000001,-80.,3.));
#4018=CARTESIAN_POINT('Origin',(15.3094742850277,-77.,3.));
#4019=CARTESIAN_POINT('Origin',(19.2241619445308,-41.1153631212215,3.));
#4020=CARTESIAN_POINT('',(22.2064684743548,-41.4407056517478,3.));
#4021=CARTESIAN_POINT('Origin',(-65.4712476371953,-76.0778493549936,0.));
#4022=CARTESIAN_POINT('',(-23.0550883556264,-33.6616900734246,4.));
#4023=CARTESIAN_POINT('',(-23.0550883556264,-33.6616900734246,0.));
#4024=CARTESIAN_POINT('',(-65.4712476371953,-76.0778493549936,4.));
#4025=CARTESIAN_POINT('',(-30.0839733891481,-40.6905751069463,4.));
#4026=CARTESIAN_POINT('',(-65.4712476371953,-76.0778493549936,0.));
#4027=CARTESIAN_POINT('Origin',(-23.0550883556264,-33.6616900734246,0.));
#4028=CARTESIAN_POINT('',(-18.,-80.,4.));
#4029=CARTESIAN_POINT('',(-18.,-80.,0.));
#4030=CARTESIAN_POINT('',(-24.734012652168,-18.2715506884601,4.));
#4031=CARTESIAN_POINT('Origin',(-18.,-80.,0.));
#4032=CARTESIAN_POINT('',(18.,-80.,4.));
#4033=CARTESIAN_POINT('',(18.,-80.,0.));
#4034=CARTESIAN_POINT('',(-9.00000000000001,-80.,4.));
#4035=CARTESIAN_POINT('Origin',(18.,-80.,0.));
#4036=CARTESIAN_POINT('',(23.0550883556264,-33.6616900734246,4.));
#4037=CARTESIAN_POINT('',(23.0550883556264,-33.6616900734246,0.));
#4038=CARTESIAN_POINT('',(22.2064684743548,-41.4407056517478,4.));
#4039=CARTESIAN_POINT('Origin',(23.0550883556264,-33.6616900734246,0.));
#4040=CARTESIAN_POINT('',(65.4712476371954,-76.0778493549935,4.));
#4041=CARTESIAN_POINT('',(65.4712476371954,-76.0778493549935,0.));
#4042=CARTESIAN_POINT('',(8.87589374836364,-19.4824954661619,4.));
#4043=CARTESIAN_POINT('Origin',(-38.5692547633867,32.2052937327078,3.));
#4044=CARTESIAN_POINT('',(-24.,13.3933982822018,3.));
#4045=CARTESIAN_POINT('',(-76.0778493549936,65.4712476371954,3.));
#4046=CARTESIAN_POINT('',(-40.6905751069463,30.0839733891481,3.));
#4047=CARTESIAN_POINT('Ctrl Pts',(-72.9846990540171,66.6207380233381,-2.46519032881566E-31));
#4048=CARTESIAN_POINT('Ctrl Pts',(-73.3509301648882,66.4347777071106,7.10238399312577E-15));
#4049=CARTESIAN_POINT('Ctrl Pts',(-73.749936417435,66.2536255138261,0.0802986593150802));
#4050=CARTESIAN_POINT('Ctrl Pts',(-74.5050199424466,65.9491893918718,0.399304369978893));
#4051=CARTESIAN_POINT('Ctrl Pts',(-74.8608983201704,65.8251444615808,0.637755421851577));
#4052=CARTESIAN_POINT('Ctrl Pts',(-75.4147654601499,65.6487328270226,1.17237860377685));
#4053=CARTESIAN_POINT('Ctrl Pts',(-75.6585271486813,65.5802691169436,1.49827909935043));
#4054=CARTESIAN_POINT('Ctrl Pts',(-75.9907474511546,65.4919621928007,2.22232449626385));
#4055=CARTESIAN_POINT('Ctrl Pts',(-76.0778493549936,65.4712476371954,2.62098464817442));
#4056=CARTESIAN_POINT('Ctrl Pts',(-76.0778493549936,65.4712476371954,3.));
#4057=CARTESIAN_POINT('Origin',(-21.,14.636038969321,3.));
#4058=CARTESIAN_POINT('Origin',(-21.,6.69669914110088,3.));
#4059=CARTESIAN_POINT('',(-24.,-13.3933982822018,3.));
#4060=CARTESIAN_POINT('',(-24.,6.69669914110088,3.));
#4061=CARTESIAN_POINT('Origin',(-21.,-14.6360389693211,3.));
#4062=CARTESIAN_POINT('Origin',(-12.5303300858899,-6.16636905521101,3.));
#4063=CARTESIAN_POINT('',(-76.0778493549936,-65.4712476371954,3.));
#4064=CARTESIAN_POINT('Ctrl Pts',(-76.0778493549936,-65.4712476371953,3.));
#4065=CARTESIAN_POINT('Ctrl Pts',(-76.0778493549936,-65.4712476371953,2.62098464817442));
#4066=CARTESIAN_POINT('Ctrl Pts',(-75.9907474511546,-65.4919621928007,2.22232449626385));
#4067=CARTESIAN_POINT('Ctrl Pts',(-75.6585271486813,-65.5802691169436,1.49827909935042));
#4068=CARTESIAN_POINT('Ctrl Pts',(-75.4147654601499,-65.6487328270226,1.17237860377685));
#4069=CARTESIAN_POINT('Ctrl Pts',(-74.8608983201703,-65.8251444615808,0.637755421851574));
#4070=CARTESIAN_POINT('Ctrl Pts',(-74.5050199424466,-65.9491893918718,0.39930436997888));
#4071=CARTESIAN_POINT('Ctrl Pts',(-73.749936417435,-66.2536255138261,0.0802986593150774));
#4072=CARTESIAN_POINT('Ctrl Pts',(-73.3509301648882,-66.4347777071105,-2.97978831649502E-15));
#4073=CARTESIAN_POINT('Ctrl Pts',(-72.9846990540171,-66.6207380233381,-2.77555756156289E-16));
#4074=CARTESIAN_POINT('',(-14.6516504294495,-4.04504871165136,3.));
#4075=CARTESIAN_POINT('Origin',(-76.0778493549936,65.4712476371954,0.));
#4076=CARTESIAN_POINT('',(-24.,13.3933982822018,4.));
#4077=CARTESIAN_POINT('',(-24.,13.3933982822018,0.));
#4078=CARTESIAN_POINT('',(-76.0778493549936,65.4712476371954,4.));
#4079=CARTESIAN_POINT('',(-40.6905751069463,30.0839733891481,4.));
#4080=CARTESIAN_POINT('',(-76.0778493549936,65.4712476371954,0.));
#4081=CARTESIAN_POINT('Origin',(-24.,13.3933982822018,0.));
#4082=CARTESIAN_POINT('',(-24.,-13.3933982822018,4.));
#4083=CARTESIAN_POINT('',(-24.,-13.3933982822018,0.));
#4084=CARTESIAN_POINT('',(-24.,6.69669914110088,4.));
#4085=CARTESIAN_POINT('Origin',(-24.,-13.3933982822018,0.));
#4086=CARTESIAN_POINT('',(-76.0778493549936,-65.4712476371954,4.));
#4087=CARTESIAN_POINT('',(-76.0778493549936,-65.4712476371954,0.));
#4088=CARTESIAN_POINT('',(-14.6516504294495,-4.04504871165136,4.));
#4089=CARTESIAN_POINT('Origin',(10.9972140919233,-17.3611751226022,4.));
#4090=CARTESIAN_POINT('Origin',(20.7514314670894,-27.1153924977683,4.));
#4091=CARTESIAN_POINT('Ctrl Pts',(66.6207380233382,-72.9846990540169,7.));
#4092=CARTESIAN_POINT('Ctrl Pts',(66.4347777071106,-73.350930164888,7.));
#4093=CARTESIAN_POINT('Ctrl Pts',(66.2536255138262,-73.7499364174349,6.91970134068492));
#4094=CARTESIAN_POINT('Ctrl Pts',(65.9491893918719,-74.5050199424464,6.60069563002112));
#4095=CARTESIAN_POINT('Ctrl Pts',(65.8251444615808,-74.8608983201702,6.36224457814842));
#4096=CARTESIAN_POINT('Ctrl Pts',(65.6487328270227,-75.4147654601497,5.82762139622315));
#4097=CARTESIAN_POINT('Ctrl Pts',(65.5802691169437,-75.6585271486811,5.50172090064958));
#4098=CARTESIAN_POINT('Ctrl Pts',(65.4919621928007,-75.9907474511544,4.77767550373616));
#4099=CARTESIAN_POINT('Ctrl Pts',(65.4712476371954,-76.0778493549934,4.37901535182558));
#4100=CARTESIAN_POINT('Ctrl Pts',(65.4712476371954,-76.0778493549934,4.));
#4101=CARTESIAN_POINT('Origin',(19.2241619445308,-41.1153631212215,4.));
#4102=CARTESIAN_POINT('Origin',(15.3094742850277,-77.,4.));
#4103=CARTESIAN_POINT('Origin',(-9.00000000000001,-77.,4.));
#4104=CARTESIAN_POINT('Origin',(-15.3094742850277,-77.,4.));
#4105=CARTESIAN_POINT('Origin',(-21.751706122344,-17.9462081579339,4.));
#4106=CARTESIAN_POINT('Origin',(-20.7514314670893,-27.1153924977683,4.));
#4107=CARTESIAN_POINT('Origin',(-32.2052937327077,-38.5692547633867,4.));
#4108=CARTESIAN_POINT('Ctrl Pts',(-65.4712476371953,-76.0778493549936,4.));
#4109=CARTESIAN_POINT('Ctrl Pts',(-65.4712476371953,-76.0778493549936,4.37901535182558));
#4110=CARTESIAN_POINT('Ctrl Pts',(-65.4919621928007,-75.9907474511546,4.77767550373616));
#4111=CARTESIAN_POINT('Ctrl Pts',(-65.5802691169436,-75.6585271486813,5.50172090064958));
#4112=CARTESIAN_POINT('Ctrl Pts',(-65.6487328270226,-75.4147654601499,5.82762139622315));
#4113=CARTESIAN_POINT('Ctrl Pts',(-65.8251444615807,-74.8608983201703,6.36224457814843));
#4114=CARTESIAN_POINT('Ctrl Pts',(-65.9491893918718,-74.5050199424466,6.60069563002112));
#4115=CARTESIAN_POINT('Ctrl Pts',(-66.2536255138261,-73.749936417435,6.91970134068493));
#4116=CARTESIAN_POINT('Ctrl Pts',(-66.4347777071105,-73.3509301648882,7.));
#4117=CARTESIAN_POINT('Ctrl Pts',(-66.6207380233381,-72.9846990540171,7.));
#4118=CARTESIAN_POINT('Origin',(12.5303300858899,6.16636905521098,4.));
#4119=CARTESIAN_POINT('Ctrl Pts',(72.9846990540171,66.6207380233382,7.));
#4120=CARTESIAN_POINT('Ctrl Pts',(73.3509301648882,66.4347777071106,7.));
#4121=CARTESIAN_POINT('Ctrl Pts',(73.749936417435,66.2536255138261,6.91970134068492));
#4122=CARTESIAN_POINT('Ctrl Pts',(74.5050199424466,65.9491893918718,6.60069563002111));
#4123=CARTESIAN_POINT('Ctrl Pts',(74.8608983201703,65.8251444615808,6.36224457814843));
#4124=CARTESIAN_POINT('Ctrl Pts',(75.4147654601499,65.6487328270226,5.82762139622315));
#4125=CARTESIAN_POINT('Ctrl Pts',(75.6585271486813,65.5802691169437,5.50172090064957));
#4126=CARTESIAN_POINT('Ctrl Pts',(75.9907474511546,65.4919621928007,4.77767550373615));
#4127=CARTESIAN_POINT('Ctrl Pts',(76.0778493549935,65.4712476371954,4.37901535182558));
#4128=CARTESIAN_POINT('Ctrl Pts',(76.0778493549935,65.4712476371954,4.));
#4129=CARTESIAN_POINT('Origin',(21.,14.6360389693211,4.));
#4130=CARTESIAN_POINT('Origin',(21.,-6.69669914110091,4.));
#4131=CARTESIAN_POINT('Origin',(21.,-14.6360389693211,4.));
#4132=CARTESIAN_POINT('Origin',(38.5692547633867,-32.2052937327078,4.));
#4133=CARTESIAN_POINT('Ctrl Pts',(76.0778493549936,-65.4712476371953,4.));
#4134=CARTESIAN_POINT('Ctrl Pts',(76.0778493549936,-65.4712476371953,4.37901535182558));
#4135=CARTESIAN_POINT('Ctrl Pts',(75.9907474511546,-65.4919621928006,4.77767550373615));
#4136=CARTESIAN_POINT('Ctrl Pts',(75.6585271486813,-65.5802691169436,5.50172090064956));
#4137=CARTESIAN_POINT('Ctrl Pts',(75.4147654601499,-65.6487328270226,5.82762139622315));
#4138=CARTESIAN_POINT('Ctrl Pts',(74.8608983201704,-65.8251444615807,6.36224457814843));
#4139=CARTESIAN_POINT('Ctrl Pts',(74.5050199424466,-65.9491893918718,6.60069563002111));
#4140=CARTESIAN_POINT('Ctrl Pts',(73.7499364174351,-66.2536255138261,6.91970134068492));
#4141=CARTESIAN_POINT('Ctrl Pts',(73.3509301648882,-66.4347777071105,7.));
#4142=CARTESIAN_POINT('Ctrl Pts',(72.9846990540171,-66.6207380233381,7.));
#4143=CARTESIAN_POINT('Origin',(-12.5303300858899,-6.16636905521101,4.));
#4144=CARTESIAN_POINT('Ctrl Pts',(-72.9846990540171,-66.6207380233381,7.));
#4145=CARTESIAN_POINT('Ctrl Pts',(-73.3509301648882,-66.4347777071105,7.));
#4146=CARTESIAN_POINT('Ctrl Pts',(-73.749936417435,-66.2536255138261,6.91970134068492));
#4147=CARTESIAN_POINT('Ctrl Pts',(-74.5050199424466,-65.9491893918718,6.60069563002112));
#4148=CARTESIAN_POINT('Ctrl Pts',(-74.8608983201703,-65.8251444615808,6.36224457814843));
#4149=CARTESIAN_POINT('Ctrl Pts',(-75.4147654601499,-65.6487328270226,5.82762139622315));
#4150=CARTESIAN_POINT('Ctrl Pts',(-75.6585271486813,-65.5802691169436,5.50172090064958));
#4151=CARTESIAN_POINT('Ctrl Pts',(-75.9907474511546,-65.4919621928007,4.77767550373615));
#4152=CARTESIAN_POINT('Ctrl Pts',(-76.0778493549936,-65.4712476371953,4.37901535182558));
#4153=CARTESIAN_POINT('Ctrl Pts',(-76.0778493549936,-65.4712476371953,4.));
#4154=CARTESIAN_POINT('Origin',(-21.,-14.6360389693211,4.));
#4155=CARTESIAN_POINT('Origin',(-21.,6.69669914110088,4.));
#4156=CARTESIAN_POINT('Origin',(-21.,14.636038969321,4.));
#4157=CARTESIAN_POINT('Origin',(-38.5692547633867,32.2052937327078,4.));
#4158=CARTESIAN_POINT('Ctrl Pts',(-76.0778493549936,65.4712476371954,4.));
#4159=CARTESIAN_POINT('Ctrl Pts',(-76.0778493549936,65.4712476371954,4.37901535182558));
#4160=CARTESIAN_POINT('Ctrl Pts',(-75.9907474511546,65.4919621928007,4.77767550373615));
#4161=CARTESIAN_POINT('Ctrl Pts',(-75.6585271486813,65.5802691169436,5.50172090064957));
#4162=CARTESIAN_POINT('Ctrl Pts',(-75.4147654601499,65.6487328270226,5.82762139622314));
#4163=CARTESIAN_POINT('Ctrl Pts',(-74.8608983201704,65.8251444615808,6.36224457814842));
#4164=CARTESIAN_POINT('Ctrl Pts',(-74.5050199424466,65.9491893918718,6.60069563002111));
#4165=CARTESIAN_POINT('Ctrl Pts',(-73.749936417435,66.2536255138261,6.91970134068492));
#4166=CARTESIAN_POINT('Ctrl Pts',(-73.3509301648882,66.4347777071106,7.));
#4167=CARTESIAN_POINT('Ctrl Pts',(-72.9846990540171,66.6207380233381,7.));
#4168=CARTESIAN_POINT('Origin',(-10.3612158697488,16.7251769004277,4.));
#4169=CARTESIAN_POINT('Origin',(-20.3528613370178,26.7168223676967,4.));
#4170=CARTESIAN_POINT('Ctrl Pts',(-66.6207380233382,72.9846990540171,7.));
#4171=CARTESIAN_POINT('Ctrl Pts',(-66.4347777071106,73.3509301648882,7.));
#4172=CARTESIAN_POINT('Ctrl Pts',(-66.2536255138261,73.749936417435,6.91970134068492));
#4173=CARTESIAN_POINT('Ctrl Pts',(-65.9491893918718,74.5050199424466,6.60069563002111));
#4174=CARTESIAN_POINT('Ctrl Pts',(-65.8251444615808,74.8608983201703,6.36224457814843));
#4175=CARTESIAN_POINT('Ctrl Pts',(-65.6487328270226,75.4147654601499,5.82762139622315));
#4176=CARTESIAN_POINT('Ctrl Pts',(-65.5802691169436,75.6585271486813,5.50172090064957));
#4177=CARTESIAN_POINT('Ctrl Pts',(-65.4919621928007,75.9907474511546,4.77767550373615));
#4178=CARTESIAN_POINT('Ctrl Pts',(-65.4712476371954,76.0778493549936,4.37901535182558));
#4179=CARTESIAN_POINT('Ctrl Pts',(-65.4712476371954,76.0778493549936,4.));
#4180=CARTESIAN_POINT('Origin',(-17.5760624287402,35.9728187286221,4.));
#4181=CARTESIAN_POINT('Origin',(-9.76790804732682,62.,4.));
#4182=CARTESIAN_POINT('Origin',(6.00000000000001,62.,4.));
#4183=CARTESIAN_POINT('Origin',(9.76790804732686,62.,4.));
#4184=CARTESIAN_POINT('Origin',(22.4676083843789,19.6676655431598,4.));
#4185=CARTESIAN_POINT('Origin',(20.3528613370178,26.7168223676968,4.));
#4186=CARTESIAN_POINT('Origin',(32.2052937327078,38.5692547633867,4.));
#4187=CARTESIAN_POINT('Ctrl Pts',(65.4712476371954,76.0778493549936,4.));
#4188=CARTESIAN_POINT('Ctrl Pts',(65.4712476371954,76.0778493549936,4.37901535182558));
#4189=CARTESIAN_POINT('Ctrl Pts',(65.4919621928007,75.9907474511546,4.77767550373616));
#4190=CARTESIAN_POINT('Ctrl Pts',(65.5802691169436,75.6585271486813,5.50172090064958));
#4191=CARTESIAN_POINT('Ctrl Pts',(65.6487328270226,75.4147654601499,5.82762139622315));
#4192=CARTESIAN_POINT('Ctrl Pts',(65.8251444615808,74.8608983201703,6.36224457814842));
#4193=CARTESIAN_POINT('Ctrl Pts',(65.9491893918718,74.5050199424466,6.60069563002111));
#4194=CARTESIAN_POINT('Ctrl Pts',(66.2536255138261,73.749936417435,6.91970134068492));
#4195=CARTESIAN_POINT('Ctrl Pts',(66.4347777071106,73.3509301648882,7.));
#4196=CARTESIAN_POINT('Ctrl Pts',(66.6207380233381,72.9846990540171,7.));
#4197=CARTESIAN_POINT('Origin',(-79.5495128834866,-79.5495128834866,0.));
#4198=CARTESIAN_POINT('',(-82.5495128834866,-79.5495128834866,0.));
#4199=CARTESIAN_POINT('Origin',(-71.5495128834866,-71.5495128834866,0.));
#4200=CARTESIAN_POINT('',(-73.0495128834866,-71.5495128834866,0.));
#4201=CARTESIAN_POINT('Origin',(-87.5495128834866,87.5495128834866,0.));
#4202=CARTESIAN_POINT('',(-89.0495128834866,87.5495128834866,0.));
#4203=CARTESIAN_POINT('Origin',(-79.5495128834866,79.5495128834866,0.));
#4204=CARTESIAN_POINT('',(-82.5495128834866,79.5495128834866,0.));
#4205=CARTESIAN_POINT('Origin',(-87.5495128834866,71.5495128834866,0.));
#4206=CARTESIAN_POINT('',(-89.0495128834866,71.5495128834866,0.));
#4207=CARTESIAN_POINT('Origin',(-87.5495128834866,-87.5495128834866,0.));
#4208=CARTESIAN_POINT('',(-89.0495128834866,-87.5495128834866,0.));
#4209=CARTESIAN_POINT('Origin',(-15.25,15.25,0.));
#4210=CARTESIAN_POINT('',(-16.75,15.25,0.));
#4211=CARTESIAN_POINT('Origin',(15.25,-15.25,0.));
#4212=CARTESIAN_POINT('',(13.75,-15.25,0.));
#4213=CARTESIAN_POINT('Origin',(87.5495128834866,-87.5495128834865,0.));
#4214=CARTESIAN_POINT('',(86.0495128834866,-87.5495128834865,0.));
#4215=CARTESIAN_POINT('Origin',(-9.6,35.,0.));
#4216=CARTESIAN_POINT('',(-11.1,35.,0.));
#4217=CARTESIAN_POINT('Origin',(10.,-53.,0.));
#4218=CARTESIAN_POINT('',(9.,-53.,0.));
#4219=CARTESIAN_POINT('Origin',(79.5495128834866,-79.5495128834866,0.));
#4220=CARTESIAN_POINT('',(76.5495128834866,-79.5495128834866,0.));
#4221=CARTESIAN_POINT('Origin',(71.5495128834866,-71.5495128834866,0.));
#4222=CARTESIAN_POINT('',(70.0495128834866,-71.5495128834866,0.));
#4223=CARTESIAN_POINT('Origin',(10.,-33.,0.));
#4224=CARTESIAN_POINT('',(9.,-33.,0.));
#4225=CARTESIAN_POINT('Origin',(13.5,-65.,0.));
#4226=CARTESIAN_POINT('',(12.,-65.,0.));
#4227=CARTESIAN_POINT('Origin',(-13.5,-65.,0.));
#4228=CARTESIAN_POINT('',(-15.,-65.,0.));
#4229=CARTESIAN_POINT('Origin',(79.5495128834866,79.5495128834866,0.));
#4230=CARTESIAN_POINT('',(76.5495128834866,79.5495128834866,0.));
#4231=CARTESIAN_POINT('Origin',(87.5495128834866,71.5495128834866,0.));
#4232=CARTESIAN_POINT('',(86.0495128834866,71.5495128834866,0.));
#4233=CARTESIAN_POINT('Origin',(71.5495128834866,71.5495128834866,0.));
#4234=CARTESIAN_POINT('',(70.0495128834866,71.5495128834866,0.));
#4235=CARTESIAN_POINT('Origin',(71.5495128834866,87.5495128834866,0.));
#4236=CARTESIAN_POINT('',(70.0495128834866,87.5495128834866,0.));
#4237=CARTESIAN_POINT('Origin',(87.5495128834866,87.5495128834866,0.));
#4238=CARTESIAN_POINT('',(86.0495128834866,87.5495128834866,0.));
#4239=CARTESIAN_POINT('Origin',(71.5495128834866,-87.5495128834865,0.));
#4240=CARTESIAN_POINT('',(70.0495128834866,-87.5495128834865,0.));
#4241=CARTESIAN_POINT('Origin',(0.,-75.0000011175871,0.));
#4242=CARTESIAN_POINT('',(-1.5,-75.0000011175871,0.));
#4243=CARTESIAN_POINT('Origin',(15.25,15.25,0.));
#4244=CARTESIAN_POINT('',(13.75,15.25,0.));
#4245=CARTESIAN_POINT('Origin',(9.6,35.,0.));
#4246=CARTESIAN_POINT('',(8.1,35.,0.));
#4247=CARTESIAN_POINT('Origin',(87.5495128834866,-71.5495128834866,0.));
#4248=CARTESIAN_POINT('',(86.0495128834866,-71.5495128834866,0.));
#4249=CARTESIAN_POINT('Origin',(-71.5495128834866,-87.5495128834866,0.));
#4250=CARTESIAN_POINT('',(-73.0495128834866,-87.5495128834866,0.));
#4251=CARTESIAN_POINT('Origin',(-87.5495128834866,-71.5495128834866,0.));
#4252=CARTESIAN_POINT('',(-89.0495128834866,-71.5495128834866,0.));
#4253=CARTESIAN_POINT('Origin',(-15.25,-15.25,0.));
#4254=CARTESIAN_POINT('',(-16.75,-15.25,0.));
#4255=CARTESIAN_POINT('Origin',(-71.5495128834866,87.5495128834866,0.));
#4256=CARTESIAN_POINT('',(-73.0495128834866,87.5495128834866,0.));
#4257=CARTESIAN_POINT('Origin',(-71.5495128834866,71.5495128834866,0.));
#4258=CARTESIAN_POINT('',(-73.0495128834866,71.5495128834866,0.));
#4259=CARTESIAN_POINT('Origin',(-10.,-53.,0.));
#4260=CARTESIAN_POINT('',(-11.,-53.,0.));
#4261=CARTESIAN_POINT('Origin',(-10.,-33.,0.));
#4262=CARTESIAN_POINT('',(-11.,-33.,0.));
#4263=CARTESIAN_POINT('Origin',(-79.5495128834866,-79.5495128834866,0.));
#4264=CARTESIAN_POINT('Origin',(-79.5495128834866,79.5495128834866,0.));
#4265=CARTESIAN_POINT('Origin',(79.5495128834866,79.5495128834866,0.));
#4266=CARTESIAN_POINT('Origin',(79.5495128834866,-79.5495128834866,0.));
#4267=CARTESIAN_POINT('Origin',(20.5,-26.,0.));
#4268=CARTESIAN_POINT('',(19.,-26.,34.5));
#4269=CARTESIAN_POINT('Origin',(20.5,-26.,34.5));
#4270=CARTESIAN_POINT('',(19.,-26.,0.));
#4271=CARTESIAN_POINT('',(19.,-26.,0.));
#4272=CARTESIAN_POINT('Origin',(20.5,-26.,0.));
#4273=CARTESIAN_POINT('Origin',(20.5,-26.,34.5));
#4274=CARTESIAN_POINT('Origin',(20.5,-26.,0.));
#4275=CARTESIAN_POINT('Origin',(20.5,26.,0.));
#4276=CARTESIAN_POINT('',(19.,26.,34.5));
#4277=CARTESIAN_POINT('Origin',(20.5,26.,34.5));
#4278=CARTESIAN_POINT('',(19.,26.,0.));
#4279=CARTESIAN_POINT('',(19.,26.,0.));
#4280=CARTESIAN_POINT('Origin',(20.5,26.,0.));
#4281=CARTESIAN_POINT('Origin',(20.5,26.,34.5));
#4282=CARTESIAN_POINT('Origin',(20.5,26.,0.));
#4283=CARTESIAN_POINT('Origin',(-20.5,-26.,0.));
#4284=CARTESIAN_POINT('',(-22.,-26.,34.5));
#4285=CARTESIAN_POINT('Origin',(-20.5,-26.,34.5));
#4286=CARTESIAN_POINT('',(-22.,-26.,0.));
#4287=CARTESIAN_POINT('',(-22.,-26.,0.));
#4288=CARTESIAN_POINT('Origin',(-20.5,-26.,0.));
#4289=CARTESIAN_POINT('Origin',(-20.5,-26.,34.5));
#4290=CARTESIAN_POINT('Origin',(-20.5,-26.,0.));
#4291=CARTESIAN_POINT('Origin',(-20.5,26.,0.));
#4292=CARTESIAN_POINT('',(-22.,26.,34.5));
#4293=CARTESIAN_POINT('Origin',(-20.5,26.,34.5));
#4294=CARTESIAN_POINT('',(-22.,26.,0.));
#4295=CARTESIAN_POINT('',(-22.,26.,0.));
#4296=CARTESIAN_POINT('Origin',(-20.5,26.,0.));
#4297=CARTESIAN_POINT('Origin',(-20.5,26.,34.5));
#4298=CARTESIAN_POINT('Origin',(-20.5,26.,0.));
#4299=CARTESIAN_POINT('Origin',(20.5,-26.,35.));
#4300=CARTESIAN_POINT('',(22.,-26.,35.));
#4301=CARTESIAN_POINT('Origin',(20.5,-26.,35.));
#4302=CARTESIAN_POINT('',(22.,-26.,39.));
#4303=CARTESIAN_POINT('',(22.,-26.,35.));
#4304=CARTESIAN_POINT('Origin',(20.5,-26.,39.));
#4305=CARTESIAN_POINT('Origin',(20.5,26.,35.));
#4306=CARTESIAN_POINT('',(22.,26.,35.));
#4307=CARTESIAN_POINT('Origin',(20.5,26.,35.));
#4308=CARTESIAN_POINT('',(22.,26.,39.));
#4309=CARTESIAN_POINT('',(22.,26.,35.));
#4310=CARTESIAN_POINT('Origin',(20.5,26.,39.));
#4311=CARTESIAN_POINT('Origin',(-20.5,-26.,35.));
#4312=CARTESIAN_POINT('',(-19.,-26.,35.));
#4313=CARTESIAN_POINT('Origin',(-20.5,-26.,35.));
#4314=CARTESIAN_POINT('',(-19.,-26.,39.));
#4315=CARTESIAN_POINT('',(-19.,-26.,35.));
#4316=CARTESIAN_POINT('Origin',(-20.5,-26.,39.));
#4317=CARTESIAN_POINT('Origin',(-20.5,26.,35.));
#4318=CARTESIAN_POINT('',(-19.,26.,35.));
#4319=CARTESIAN_POINT('Origin',(-20.5,26.,35.));
#4320=CARTESIAN_POINT('',(-19.,26.,39.));
#4321=CARTESIAN_POINT('',(-19.,26.,35.));
#4322=CARTESIAN_POINT('Origin',(-20.5,26.,39.));
#4323=CARTESIAN_POINT('Origin',(12.6,52.,35.));
#4324=CARTESIAN_POINT('',(14.1,52.,35.));
#4325=CARTESIAN_POINT('Origin',(12.6,52.,35.));
#4326=CARTESIAN_POINT('',(14.1,52.,39.));
#4327=CARTESIAN_POINT('',(14.1,52.,35.));
#4328=CARTESIAN_POINT('Origin',(12.6,52.,39.));
#4329=CARTESIAN_POINT('Origin',(-12.6,52.,35.));
#4330=CARTESIAN_POINT('',(-11.1,52.,35.));
#4331=CARTESIAN_POINT('Origin',(-12.6,52.,35.));
#4332=CARTESIAN_POINT('',(-11.1,52.,39.));
#4333=CARTESIAN_POINT('',(-11.1,52.,35.));
#4334=CARTESIAN_POINT('Origin',(-12.6,52.,39.));
#4335=CARTESIAN_POINT('Origin',(9.6,35.,35.));
#4336=CARTESIAN_POINT('',(11.1,35.,39.));
#4337=CARTESIAN_POINT('Origin',(9.6,35.,39.));
#4338=CARTESIAN_POINT('',(11.1,35.,35.));
#4339=CARTESIAN_POINT('',(11.1,35.,35.));
#4340=CARTESIAN_POINT('Origin',(9.6,35.,35.));
#4341=CARTESIAN_POINT('Origin',(-9.6,35.,35.));
#4342=CARTESIAN_POINT('',(-8.1,35.,39.));
#4343=CARTESIAN_POINT('Origin',(-9.6,35.,39.));
#4344=CARTESIAN_POINT('',(-8.1,35.,35.));
#4345=CARTESIAN_POINT('',(-8.1,35.,35.));
#4346=CARTESIAN_POINT('Origin',(-9.6,35.,35.));
#4347=CARTESIAN_POINT('Origin',(24.5,26.,35.));
#4348=CARTESIAN_POINT('',(12.0604299365562,64.9095824296546,35.));
#4349=CARTESIAN_POINT('',(24.5,26.,35.));
#4350=CARTESIAN_POINT('',(12.0604299365562,64.9095824296546,35.));
#4351=CARTESIAN_POINT('',(12.0604299365562,64.9095824296546,39.));
#4352=CARTESIAN_POINT('',(12.0604299365562,64.9095824296546,35.));
#4353=CARTESIAN_POINT('',(24.5,26.,39.));
#4354=CARTESIAN_POINT('',(12.0604299365562,64.9095824296546,39.));
#4355=CARTESIAN_POINT('',(24.5,26.,35.));
#4356=CARTESIAN_POINT('Origin',(24.5,-26.0000003874302,35.));
#4357=CARTESIAN_POINT('',(24.5,-26.0000003874302,35.));
#4358=CARTESIAN_POINT('',(24.5,26.,35.));
#4359=CARTESIAN_POINT('',(24.5,-26.0000003874302,39.));
#4360=CARTESIAN_POINT('',(24.5,26.,39.));
#4361=CARTESIAN_POINT('',(24.5,-26.0000003874302,35.));
#4362=CARTESIAN_POINT('Origin',(17.9276561032095,-53.,35.));
#4363=CARTESIAN_POINT('',(17.9276561032095,-53.,35.));
#4364=CARTESIAN_POINT('',(24.5,-26.0000003874302,35.));
#4365=CARTESIAN_POINT('',(17.9276561032095,-53.,39.));
#4366=CARTESIAN_POINT('',(24.5,-26.0000003874302,39.));
#4367=CARTESIAN_POINT('',(17.9276561032095,-53.,35.));
#4368=CARTESIAN_POINT('Origin',(-18.0000002682209,-53.0000007897615,35.));
#4369=CARTESIAN_POINT('',(-18.0000002682209,-53.0000007897615,35.));
#4370=CARTESIAN_POINT('',(-18.0000002682209,-53.0000007897615,35.));
#4371=CARTESIAN_POINT('',(-18.0000002682209,-53.0000007897615,39.));
#4372=CARTESIAN_POINT('',(-18.0000002682209,-53.0000007897615,39.));
#4373=CARTESIAN_POINT('',(-18.0000002682209,-53.0000007897615,35.));
#4374=CARTESIAN_POINT('Origin',(-24.5,-26.,35.));
#4375=CARTESIAN_POINT('',(-24.5,-26.,35.));
#4376=CARTESIAN_POINT('',(-24.5,-26.,35.));
#4377=CARTESIAN_POINT('',(-24.5,-26.,39.));
#4378=CARTESIAN_POINT('',(-24.5,-26.,39.));
#4379=CARTESIAN_POINT('',(-24.5,-26.,35.));
#4380=CARTESIAN_POINT('Origin',(-24.5,26.,35.));
#4381=CARTESIAN_POINT('',(-24.5,26.,35.));
#4382=CARTESIAN_POINT('',(-24.5,26.,35.));
#4383=CARTESIAN_POINT('',(-24.5,26.,39.));
#4384=CARTESIAN_POINT('',(-24.5,26.,39.));
#4385=CARTESIAN_POINT('',(-24.5,26.,35.));
#4386=CARTESIAN_POINT('Origin',(-11.9395700634438,64.9095824296545,35.));
#4387=CARTESIAN_POINT('',(-11.9395700634438,64.9095824296545,35.));
#4388=CARTESIAN_POINT('',(-11.9395700634438,64.9095824296545,35.));
#4389=CARTESIAN_POINT('',(-11.9395700634438,64.9095824296545,39.));
#4390=CARTESIAN_POINT('',(-11.9395700634438,64.9095824296545,39.));
#4391=CARTESIAN_POINT('',(-11.9395700634438,64.9095824296545,35.));
#4392=CARTESIAN_POINT('Origin',(12.0604299365562,64.9095824296546,35.));
#4393=CARTESIAN_POINT('',(12.0604299365562,64.9095824296546,35.));
#4394=CARTESIAN_POINT('',(12.0604299365562,64.9095824296546,39.));
#4395=CARTESIAN_POINT('Origin',(-5.91331020078245E-31,5.95479081994651,
39.));
#4396=CARTESIAN_POINT('Origin',(-5.91331020078245E-31,5.95479081994651,
35.));
#4397=UNCERTAINTY_MEASURE_WITH_UNIT(LENGTH_MEASURE(0.01),#4401,
'DISTANCE_ACCURACY_VALUE',
'Maximum model space distance between geometric entities at asserted c
onnectivities');
#4398=UNCERTAINTY_MEASURE_WITH_UNIT(LENGTH_MEASURE(0.01),#4401,
'DISTANCE_ACCURACY_VALUE',
'Maximum model space distance between geometric entities at asserted c
onnectivities');
#4399=(
GEOMETRIC_REPRESENTATION_CONTEXT(3)
GLOBAL_UNCERTAINTY_ASSIGNED_CONTEXT((#4397))
GLOBAL_UNIT_ASSIGNED_CONTEXT((#4401,#4403,#4404))
REPRESENTATION_CONTEXT('','3D')
);
#4400=(
GEOMETRIC_REPRESENTATION_CONTEXT(3)
GLOBAL_UNCERTAINTY_ASSIGNED_CONTEXT((#4398))
GLOBAL_UNIT_ASSIGNED_CONTEXT((#4401,#4403,#4404))
REPRESENTATION_CONTEXT('','3D')
);
#4401=(
LENGTH_UNIT()
NAMED_UNIT(*)
SI_UNIT(.MILLI.,.METRE.)
);
#4402=(
LENGTH_UNIT()
NAMED_UNIT(*)
SI_UNIT($,.METRE.)
);
#4403=(
NAMED_UNIT(*)
PLANE_ANGLE_UNIT()
SI_UNIT($,.RADIAN.)
);
#4404=(
NAMED_UNIT(*)
SI_UNIT($,.STERADIAN.)
SOLID_ANGLE_UNIT()
);
#4405=SHAPE_DEFINITION_REPRESENTATION(#4406,#4407);
#4406=PRODUCT_DEFINITION_SHAPE('',$,#4409);
#4407=SHAPE_REPRESENTATION('',(#2497),#4399);
#4408=PRODUCT_DEFINITION_CONTEXT('part definition',#4413,'design');
#4409=PRODUCT_DEFINITION('Drone Frame','Drone Frame v8',#4410,#4408);
#4410=PRODUCT_DEFINITION_FORMATION('',$,#4415);
#4411=PRODUCT_RELATED_PRODUCT_CATEGORY('Drone Frame v8',
'Drone Frame v8',(#4415));
#4412=APPLICATION_PROTOCOL_DEFINITION('international standard',
'automotive_design',2009,#4413);
#4413=APPLICATION_CONTEXT(
'Core Data for Automotive Mechanical Design Process');
#4414=PRODUCT_CONTEXT('part definition',#4413,'mechanical');
#4415=PRODUCT('Drone Frame','Drone Frame v8',$,(#4414));
#4416=PRESENTATION_STYLE_ASSIGNMENT((#4419));
#4417=PRESENTATION_STYLE_ASSIGNMENT((#4420));
#4418=PRESENTATION_STYLE_ASSIGNMENT((#4421));
#4419=SURFACE_STYLE_USAGE(.BOTH.,#4422);
#4420=SURFACE_STYLE_USAGE(.BOTH.,#4423);
#4421=SURFACE_STYLE_USAGE(.BOTH.,#4424);
#4422=SURFACE_SIDE_STYLE('',(#4425));
#4423=SURFACE_SIDE_STYLE('',(#4426));
#4424=SURFACE_SIDE_STYLE('',(#4427));
#4425=SURFACE_STYLE_FILL_AREA(#4428);
#4426=SURFACE_STYLE_FILL_AREA(#4429);
#4427=SURFACE_STYLE_FILL_AREA(#4430);
#4428=FILL_AREA_STYLE('Steel - Satin',(#4431));
#4429=FILL_AREA_STYLE('Nylon 6-6 (White)',(#4432));
#4430=FILL_AREA_STYLE('Aluminum - Polished',(#4433));
#4431=FILL_AREA_STYLE_COLOUR('Steel - Satin',#4434);
#4432=FILL_AREA_STYLE_COLOUR('Nylon 6-6 (White)',#4435);
#4433=FILL_AREA_STYLE_COLOUR('Aluminum - Polished',#4436);
#4434=COLOUR_RGB('Steel - Satin',0.627450980392157,0.627450980392157,0.627450980392157);
#4435=COLOUR_RGB('Nylon 6-6 (White)',0.227450980392157,0.227450980392157,
0.219607843137255);
#4436=COLOUR_RGB('Aluminum - Polished',0.96078431372549,0.96078431372549,
0.964705882352941);
ENDSEC;
END-ISO-10303-21;
